method,num_sequences,total_frame_count,total_pair_count,avg_warping_error_l1,avg_warping_error_l2,avg_frame_similarity_ssim
frameBase,3,390,387,0.040437464135705564,0.0042792935356964,0.5521394458345678
sharedNoise_v0,3,390,387,0.027615084275634135,0.0020898077838451667,0.7043970807988393
