sequence,method,frame_count,pair_count,warping_error_l1,warping_error_l2,frame_similarity_ssim
BasketballPass,frameBase,150,149,0.03143846293623816,0.0023246044027400298,0.6602511188594553
BasketballPass,sharedNoise_v0,150,149,0.021632712865685858,0.0012655885530332566,0.7773884065465905
PartyScene_long,frameBase,150,149,0.05309437622859974,0.007184384237574851,0.5478721997748552
PartyScene_long,sharedNoise_v0,150,149,0.030819259683957836,0.002618085267178514,0.7814064823274377
RaceHorses,frameBase,90,89,0.036779553242278905,0.003328891966774474,0.4482950188693929
RaceHorses,sharedNoise_v0,90,89,0.030393280277258895,0.0023857495313238226,0.55439635352249
