file,tag,step,value,wall_time
events.out.tfevents.1788149260.VCM15.612366.0,train/cross_clip_gate_abs_mean,10,1.4535589798470028e-06,1788149359.6575196
events.out.tfevents.1788149260.VCM15.612366.0,train/cross_clip_gate_abs_mean,20,5.476491423905827e-06,1788149444.625098
events.out.tfevents.1788149260.VCM15.612366.0,train/cross_clip_gate_abs_mean,30,1.024357698042877e-05,1788149546.7194374
events.out.tfevents.1788149260.VCM15.612366.0,train/cross_clip_gate_abs_mean,40,1.2887342563772108e-05,1788149643.3579557
events.out.tfevents.1788149260.VCM15.612366.0,train/cross_clip_gate_abs_mean,50,1.2553875421872362e-05,1788149736.008643
events.out.tfevents.1788149260.VCM15.612366.0,train/cross_clip_gate_abs_mean,60,1.2691974006884266e-05,1788149822.589092
events.out.tfevents.1788149260.VCM15.612366.0,train/cross_clip_gate_abs_mean,70,8.923065252020024e-06,1788149930.1067092
events.out.tfevents.1788149260.VCM15.612366.0,train/cross_clip_gate_abs_mean,80,3.3286896723438986e-06,1788150017.0774791
events.out.tfevents.1788149260.VCM15.612366.0,train/cross_clip_gate_abs_mean,90,1.9497783796396106e-05,1788150107.871728
events.out.tfevents.1788149260.VCM15.612366.0,train/cross_clip_gate_abs_mean,100,4.585479473462328e-05,1788150199.8107014
events.out.tfevents.1788149260.VCM15.612366.0,train/cross_clip_gate_abs_mean,110,7.353738328674808e-05,1788150301.2575455
events.out.tfevents.1788149260.VCM15.612366.0,train/cross_clip_gate_abs_mean,120,0.00010304529132554308,1788150402.7805555
events.out.tfevents.1788149260.VCM15.612366.0,train/cross_clip_gate_abs_mean,130,0.00012879533460363746,1788150482.7384717
events.out.tfevents.1788149260.VCM15.612366.0,train/cross_clip_gate_abs_mean,140,0.0001501268707215786,1788150583.652717
events.out.tfevents.1788149260.VCM15.612366.0,train/cross_clip_gate_abs_mean,150,0.00017058894445654005,1788150680.0682366
events.out.tfevents.1788149260.VCM15.612366.0,train/cross_clip_gate_abs_mean,160,0.0001942188828252256,1788150781.7846246
events.out.tfevents.1788149260.VCM15.612366.0,train/cross_clip_gate_abs_mean,170,0.00022514874581247568,1788150892.8240778
events.out.tfevents.1788149260.VCM15.612366.0,train/cross_clip_gate_abs_mean,180,0.00027086015325039625,1788150975.1008108
events.out.tfevents.1788149260.VCM15.612366.0,train/cross_clip_gate_abs_mean,190,0.0002906763111241162,1788151052.986884
events.out.tfevents.1788149260.VCM15.612366.0,train/cross_clip_gate_abs_mean,200,0.0003011944645550102,1788151137.4053378
events.out.tfevents.1788149260.VCM15.612366.0,train/cross_clip_gate_abs_mean,210,0.00034735759254544973,1788151229.0748749
events.out.tfevents.1788149260.VCM15.612366.0,train/cross_clip_gate_abs_mean,220,0.000389901630114764,1788151323.4935184
events.out.tfevents.1788149260.VCM15.612366.0,train/cross_clip_gate_abs_mean,230,0.0004039493214804679,1788151427.5932846
events.out.tfevents.1788149260.VCM15.612366.0,train/cross_clip_gate_abs_mean,240,0.0004239590198267251,1788151527.0764704
events.out.tfevents.1788149260.VCM15.612366.0,train/cross_clip_gate_abs_mean,250,0.000429518026066944,1788151611.4761994
events.out.tfevents.1788149260.VCM15.612366.0,train/cross_clip_gate_abs_mean,260,0.0004381903272587806,1788151684.8261218
events.out.tfevents.1788149260.VCM15.612366.0,train/cross_clip_gate_abs_mean,270,0.00044929803698323667,1788151780.1594048
events.out.tfevents.1788149260.VCM15.612366.0,train/cross_clip_gate_abs_mean,280,0.00045548786874860525,1788151878.7081265
events.out.tfevents.1788149260.VCM15.612366.0,train/cross_clip_gate_abs_mean,290,0.0004657050594687462,1788151965.4588528
events.out.tfevents.1788149260.VCM15.612366.0,train/cross_clip_gate_abs_mean,300,0.0004710335051640868,1788152044.5003946
events.out.tfevents.1788149260.VCM15.612366.0,train/cross_clip_gate_abs_mean,310,0.00044746435014531016,1788152141.2982743
events.out.tfevents.1788149260.VCM15.612366.0,train/cross_clip_gate_abs_mean,320,0.0004371344984974712,1788152233.9187238
events.out.tfevents.1788149260.VCM15.612366.0,train/cross_clip_gate_abs_mean,330,0.0004108309803996235,1788152340.9143708
events.out.tfevents.1788149260.VCM15.612366.0,train/cross_clip_gate_abs_mean,340,0.0003721417160704732,1788152434.7012937
events.out.tfevents.1788149260.VCM15.612366.0,train/cross_clip_gate_abs_mean,350,0.00034351623617112637,1788152531.8706791
events.out.tfevents.1788149260.VCM15.612366.0,train/cross_clip_gate_abs_mean,360,0.0003396605607122183,1788152617.2746341
events.out.tfevents.1788149260.VCM15.612366.0,train/cross_clip_gate_abs_mean,370,0.0003633187443483621,1788152709.0042136
events.out.tfevents.1788149260.VCM15.612366.0,train/cross_clip_gate_abs_mean,380,0.0003924507473129779,1788152807.9750588
events.out.tfevents.1788149260.VCM15.612366.0,train/cross_clip_gate_abs_mean,390,0.00041632106876932085,1788152886.095314
events.out.tfevents.1788149260.VCM15.612366.0,train/cross_clip_gate_abs_mean,400,0.00044854675070382655,1788153004.0441926
events.out.tfevents.1788149260.VCM15.612366.0,train/cross_clip_gate_abs_mean,410,0.00044982865802012384,1788153096.6881826
events.out.tfevents.1788149260.VCM15.612366.0,train/cross_clip_gate_abs_mean,420,0.0004744432517327368,1788153200.2713017
events.out.tfevents.1788149260.VCM15.612366.0,train/cross_clip_gate_abs_mean,430,0.00048848643200472,1788153279.6553833
events.out.tfevents.1788149260.VCM15.612366.0,train/cross_clip_gate_abs_mean,440,0.0004955091862939298,1788153358.7880075
events.out.tfevents.1788149260.VCM15.612366.0,train/cross_clip_gate_abs_mean,450,0.0005240216269157827,1788153452.8975637
events.out.tfevents.1788149260.VCM15.612366.0,train/cross_clip_gate_abs_mean,460,0.0005733713624067605,1788153546.5984585
events.out.tfevents.1788149260.VCM15.612366.0,train/cross_clip_gate_abs_mean,470,0.0006113867275416851,1788153635.52061
events.out.tfevents.1788149260.VCM15.612366.0,train/cross_clip_gate_abs_mean,480,0.0006191959837451577,1788153721.5922756
events.out.tfevents.1788149260.VCM15.612366.0,train/cross_clip_gate_abs_mean,490,0.0006189593113958836,1788153812.6331165
events.out.tfevents.1788149260.VCM15.612366.0,train/cross_clip_gate_abs_mean,500,0.0006243439856916666,1788153910.6164196
events.out.tfevents.1788149260.VCM15.612366.0,train/cross_clip_gate_abs_mean,510,0.0006151635898277164,1788154000.3625016
events.out.tfevents.1788149260.VCM15.612366.0,train/cross_clip_gate_abs_mean,520,0.000604987726546824,1788154091.8291056
events.out.tfevents.1788149260.VCM15.612366.0,train/cross_clip_gate_abs_mean,530,0.000605396053288132,1788154197.0302775
events.out.tfevents.1788149260.VCM15.612366.0,train/cross_clip_gate_abs_mean,540,0.0006026596529409289,1788154293.8779469
events.out.tfevents.1788149260.VCM15.612366.0,train/cross_clip_gate_abs_mean,550,0.0006091789109632373,1788154391.9033659
events.out.tfevents.1788149260.VCM15.612366.0,train/cross_clip_gate_abs_mean,560,0.0006388979963958263,1788154471.7974687
events.out.tfevents.1788149260.VCM15.612366.0,train/cross_clip_gate_abs_mean,570,0.0006407856708392501,1788154559.8218715
events.out.tfevents.1788149260.VCM15.612366.0,train/cross_clip_gate_abs_mean,580,0.0006356853991746902,1788154652.9155877
events.out.tfevents.1788149260.VCM15.612366.0,train/cross_clip_gate_abs_mean,590,0.000632581883110106,1788154759.8398082
events.out.tfevents.1788149260.VCM15.612366.0,train/cross_clip_gate_abs_mean,600,0.0006622941000387073,1788154850.22368
events.out.tfevents.1788149260.VCM15.612366.0,train/cross_clip_gate_abs_mean,610,0.000668973894789815,1788154936.170784
events.out.tfevents.1788149260.VCM15.612366.0,train/cross_clip_gate_abs_mean,620,0.000669201894197613,1788155017.3810282
events.out.tfevents.1788149260.VCM15.612366.0,train/cross_clip_gate_abs_mean,630,0.0007005998631939292,1788155103.9724972
events.out.tfevents.1788149260.VCM15.612366.0,train/cross_clip_gate_abs_mean,640,0.0007232351345010102,1788155203.6991816
events.out.tfevents.1788149260.VCM15.612366.0,train/cross_clip_gate_abs_mean,650,0.0007354208501055837,1788155284.9528878
events.out.tfevents.1788149260.VCM15.612366.0,train/cross_clip_gate_abs_mean,660,0.0007326793856918812,1788155406.1295807
events.out.tfevents.1788149260.VCM15.612366.0,train/cross_clip_gate_abs_mean,670,0.0007469713455066085,1788155500.0055006
events.out.tfevents.1788149260.VCM15.612366.0,train/cross_clip_gate_abs_mean,680,0.000769125297665596,1788155596.4305909
events.out.tfevents.1788149260.VCM15.612366.0,train/cross_clip_gate_abs_mean,690,0.0007776395650580525,1788155682.6885562
events.out.tfevents.1788149260.VCM15.612366.0,train/cross_clip_gate_abs_mean,700,0.0007785734487697482,1788155773.2754822
events.out.tfevents.1788149260.VCM15.612366.0,train/cross_clip_gate_abs_mean,710,0.0007688291370868683,1788155870.8566039
events.out.tfevents.1788149260.VCM15.612366.0,train/cross_clip_gate_abs_mean,720,0.0007402859046123922,1788155970.2157576
events.out.tfevents.1788149260.VCM15.612366.0,train/cross_clip_gate_abs_mean,730,0.0006965408101677895,1788156072.5787346
events.out.tfevents.1788149260.VCM15.612366.0,train/cross_clip_gate_abs_mean,740,0.000678788113873452,1788156155.239045
events.out.tfevents.1788149260.VCM15.612366.0,train/cross_clip_gate_abs_mean,750,0.0007234002696350217,1788156249.5565157
events.out.tfevents.1788149260.VCM15.612366.0,train/cross_clip_gate_abs_mean,760,0.0007788441143929958,1788156351.076195
events.out.tfevents.1788149260.VCM15.612366.0,train/cross_clip_gate_abs_mean,770,0.0008033408084884286,1788156448.569635
events.out.tfevents.1788149260.VCM15.612366.0,train/cross_clip_gate_abs_mean,780,0.0007837300654500723,1788156535.9747658
events.out.tfevents.1788149260.VCM15.612366.0,train/cross_clip_gate_abs_mean,790,0.0007593515329062939,1788156639.747062
events.out.tfevents.1788149260.VCM15.612366.0,train/cross_clip_gate_abs_mean,800,0.0007570621673949063,1788156748.4588044
events.out.tfevents.1788149260.VCM15.612366.0,train/cross_clip_gate_abs_mean,810,0.0007666717283427715,1788156844.5320554
events.out.tfevents.1788149260.VCM15.612366.0,train/cross_clip_gate_abs_mean,820,0.0007843128987587988,1788156948.262247
events.out.tfevents.1788149260.VCM15.612366.0,train/cross_clip_gate_abs_mean,830,0.0007925645331852138,1788157040.3850691
events.out.tfevents.1788149260.VCM15.612366.0,train/cross_clip_gate_abs_mean,840,0.0008056543301790953,1788157134.4912367
events.out.tfevents.1788149260.VCM15.612366.0,train/cross_clip_gate_abs_mean,850,0.0008046722505241632,1788157241.5559747
events.out.tfevents.1788149260.VCM15.612366.0,train/cross_clip_gate_abs_mean,860,0.0008389169815927744,1788157332.518343
events.out.tfevents.1788149260.VCM15.612366.0,train/cross_clip_gate_abs_mean,870,0.0008664631750434637,1788157437.343467
events.out.tfevents.1788149260.VCM15.612366.0,train/cross_clip_gate_abs_mean,880,0.0008776928880251944,1788157517.974873
events.out.tfevents.1788149260.VCM15.612366.0,train/cross_clip_gate_abs_mean,890,0.0008791846921667457,1788157629.6287227
events.out.tfevents.1788149260.VCM15.612366.0,train/cross_clip_gate_abs_mean,900,0.0008931498741731048,1788157725.418456
events.out.tfevents.1788149260.VCM15.612366.0,train/cross_clip_gate_abs_mean,910,0.0009290683083236217,1788157821.897939
events.out.tfevents.1788149260.VCM15.612366.0,train/cross_clip_gate_abs_mean,920,0.0009939719457179308,1788157920.7352896
events.out.tfevents.1788149260.VCM15.612366.0,train/cross_clip_gate_abs_mean,930,0.001047136727720499,1788158024.3824031
events.out.tfevents.1788149260.VCM15.612366.0,train/cross_clip_gate_abs_mean,940,0.0010856289882212877,1788158122.6402981
events.out.tfevents.1788149260.VCM15.612366.0,train/cross_clip_gate_abs_mean,950,0.0010993829928338528,1788158212.079542
events.out.tfevents.1788149260.VCM15.612366.0,train/cross_clip_gate_abs_mean,960,0.001116570783779025,1788158306.6475773
events.out.tfevents.1788149260.VCM15.612366.0,train/cross_clip_gate_abs_mean,970,0.001149930409155786,1788158406.314411
events.out.tfevents.1788149260.VCM15.612366.0,train/cross_clip_gate_abs_mean,980,0.0011852532625198364,1788158511.4225247
events.out.tfevents.1788149260.VCM15.612366.0,train/cross_clip_gate_abs_mean,990,0.0012033532839268446,1788158600.7586453
events.out.tfevents.1788149260.VCM15.612366.0,train/cross_clip_gate_abs_mean,1000,0.00120895029976964,1788158694.98057
events.out.tfevents.1788149260.VCM15.612366.0,train/cross_clip_gate_abs_mean,1010,0.001195357646793127,1788158800.5617762
events.out.tfevents.1788149260.VCM15.612366.0,train/cross_clip_gate_abs_mean,1020,0.00118567468598485,1788158882.8942604
events.out.tfevents.1788149260.VCM15.612366.0,train/cross_clip_gate_abs_mean,1030,0.0011844085529446602,1788158962.9916682
events.out.tfevents.1788149260.VCM15.612366.0,train/cross_clip_gate_abs_mean,1040,0.0011903047561645508,1788159050.8208816
events.out.tfevents.1788149260.VCM15.612366.0,train/cross_clip_gate_abs_mean,1050,0.0012046019546687603,1788159165.2147725
events.out.tfevents.1788149260.VCM15.612366.0,train/cross_clip_gate_abs_mean,1060,0.0012237129267305136,1788159264.2777011
events.out.tfevents.1788149260.VCM15.612366.0,train/cross_clip_gate_abs_mean,1070,0.0012332471087574959,1788159349.56069
events.out.tfevents.1788149260.VCM15.612366.0,train/cross_clip_gate_abs_mean,1080,0.0012145685032010078,1788159432.0798678
events.out.tfevents.1788149260.VCM15.612366.0,train/cross_clip_gate_abs_mean,1090,0.0012199301272630692,1788159534.4623322
events.out.tfevents.1788149260.VCM15.612366.0,train/cross_clip_gate_abs_mean,1100,0.0012146476656198502,1788159626.4295168
events.out.tfevents.1788149260.VCM15.612366.0,train/cross_clip_gate_abs_mean,1110,0.0012205160455778241,1788159720.2191858
events.out.tfevents.1788149260.VCM15.612366.0,train/cross_clip_gate_abs_mean,1120,0.0011801507789641619,1788159823.0018337
events.out.tfevents.1788149260.VCM15.612366.0,train/cross_clip_gate_abs_mean,1130,0.001114332233555615,1788159894.3243759
events.out.tfevents.1788149260.VCM15.612366.0,train/cross_clip_gate_abs_mean,1140,0.001058637397363782,1788159980.2230735
events.out.tfevents.1788149260.VCM15.612366.0,train/cross_clip_gate_abs_mean,1150,0.0010136126074939966,1788160072.7636461
events.out.tfevents.1788149260.VCM15.612366.0,train/cross_clip_gate_abs_mean,1160,0.0009884096216410398,1788160180.7490773
events.out.tfevents.1788149260.VCM15.612366.0,train/cross_clip_gate_abs_mean,1170,0.0009866859763860703,1788160274.5545554
events.out.tfevents.1788149260.VCM15.612366.0,train/cross_clip_gate_abs_mean,1180,0.0009663283126428723,1788160383.90657
events.out.tfevents.1788149260.VCM15.612366.0,train/cross_clip_gate_abs_mean,1190,0.0009384038858115673,1788160478.86049
events.out.tfevents.1788149260.VCM15.612366.0,train/cross_clip_gate_abs_mean,1200,0.0009129569516517222,1788160563.250651
events.out.tfevents.1788149260.VCM15.612366.0,train/cross_clip_gate_abs_mean,1210,0.000871260475832969,1788160667.433308
events.out.tfevents.1788149260.VCM15.612366.0,train/cross_clip_gate_abs_mean,1220,0.0008237339789047837,1788160772.5354095
events.out.tfevents.1788149260.VCM15.612366.0,train/cross_clip_gate_abs_mean,1230,0.0007626470178365707,1788160868.214986
events.out.tfevents.1788149260.VCM15.612366.0,train/cross_clip_gate_abs_mean,1240,0.0007338750874623656,1788160964.5667036
events.out.tfevents.1788149260.VCM15.612366.0,train/cross_clip_gate_abs_mean,1250,0.0007435347652062774,1788161060.3064654
events.out.tfevents.1788149260.VCM15.612366.0,train/cross_clip_gate_abs_mean,1260,0.0007401641923934221,1788161152.514859
events.out.tfevents.1788149260.VCM15.612366.0,train/cross_clip_gate_abs_mean,1270,0.0007119659567251801,1788161248.3696058
events.out.tfevents.1788149260.VCM15.612366.0,train/cross_clip_gate_abs_mean,1280,0.000711819389835,1788161338.4175646
events.out.tfevents.1788149260.VCM15.612366.0,train/cross_clip_gate_abs_mean,1290,0.0006856718100607395,1788161439.2889018
events.out.tfevents.1788149260.VCM15.612366.0,train/cross_clip_gate_abs_mean,1300,0.0006455511320382357,1788161525.288205
events.out.tfevents.1788149260.VCM15.612366.0,train/cross_clip_gate_abs_mean,1310,0.0006409712368622422,1788161631.814323
events.out.tfevents.1788149260.VCM15.612366.0,train/cross_clip_gate_abs_mean,1320,0.0006270374287851155,1788161729.7948134
events.out.tfevents.1788149260.VCM15.612366.0,train/cross_clip_gate_abs_mean,1330,0.0006231788429431617,1788161817.0013933
events.out.tfevents.1788149260.VCM15.612366.0,train/cross_clip_gate_abs_mean,1340,0.0006316923536360264,1788161901.6029818
events.out.tfevents.1788149260.VCM15.612366.0,train/cross_clip_gate_abs_mean,1350,0.0006514901760965586,1788161995.3437088
events.out.tfevents.1788149260.VCM15.612366.0,train/cross_clip_gate_abs_mean,1360,0.0006513367407023907,1788162100.3406422
events.out.tfevents.1788149260.VCM15.612366.0,train/cross_clip_gate_abs_mean,1370,0.0006658491911366582,1788162185.9343662
events.out.tfevents.1788149260.VCM15.612366.0,train/cross_clip_gate_abs_mean,1380,0.0006851674988865852,1788162278.2716982
events.out.tfevents.1788149260.VCM15.612366.0,train/cross_clip_gate_abs_mean,1390,0.0007044243393465877,1788162368.7634907
events.out.tfevents.1788149260.VCM15.612366.0,train/cross_clip_gate_abs_mean,1400,0.000725921185221523,1788162454.5678737
events.out.tfevents.1788149260.VCM15.612366.0,train/cross_clip_gate_abs_mean,1410,0.000733761815354228,1788162570.9514043
events.out.tfevents.1788149260.VCM15.612366.0,train/cross_clip_gate_abs_mean,1420,0.0007432630518451333,1788162670.9682832
events.out.tfevents.1788149260.VCM15.612366.0,train/cross_clip_gate_abs_mean,1430,0.0007766586495563388,1788162749.585526
events.out.tfevents.1788149260.VCM15.612366.0,train/cross_clip_gate_abs_mean,1440,0.0007909164996817708,1788162861.4190795
events.out.tfevents.1788149260.VCM15.612366.0,train/cross_clip_gate_abs_mean,1450,0.000781290465965867,1788162946.07818
events.out.tfevents.1788149260.VCM15.612366.0,train/cross_clip_gate_abs_mean,1460,0.0007709957426413894,1788163040.592381
events.out.tfevents.1788149260.VCM15.612366.0,train/cross_clip_gate_abs_mean,1470,0.0007522969972342253,1788163142.966328
events.out.tfevents.1788149260.VCM15.612366.0,train/cross_clip_gate_abs_mean,1480,0.000736719579435885,1788163230.4411025
events.out.tfevents.1788149260.VCM15.612366.0,train/cross_clip_gate_abs_mean,1490,0.0007303417660295963,1788163333.2740102
events.out.tfevents.1788149260.VCM15.612366.0,train/cross_clip_gate_abs_mean,1500,0.0007308246567845345,1788163424.1501205
events.out.tfevents.1788149260.VCM15.612366.0,train/cross_clip_gate_abs_mean,1510,0.0007177686784416437,1788163534.529867
events.out.tfevents.1788149260.VCM15.612366.0,train/cross_clip_gate_abs_mean,1520,0.0006861392175778747,1788163640.377283
events.out.tfevents.1788149260.VCM15.612366.0,train/cross_clip_gate_abs_mean,1530,0.000669643806759268,1788163720.7689788
events.out.tfevents.1788149260.VCM15.612366.0,train/cross_clip_gate_abs_mean,1540,0.0006546175573021173,1788163795.640273
events.out.tfevents.1788149260.VCM15.612366.0,train/cross_clip_gate_abs_mean,1550,0.0006278773071244359,1788163879.2643187
events.out.tfevents.1788149260.VCM15.612366.0,train/cross_clip_gate_abs_mean,1560,0.0005954410880804062,1788163980.6119509
events.out.tfevents.1788149260.VCM15.612366.0,train/cross_clip_gate_abs_mean,1570,0.0005616676644422114,1788164085.5882862
events.out.tfevents.1788149260.VCM15.612366.0,train/cross_clip_gate_abs_mean,1580,0.0005219021113589406,1788164169.461487
events.out.tfevents.1788149260.VCM15.612366.0,train/cross_clip_gate_abs_mean,1590,0.000477099500130862,1788164279.9993274
events.out.tfevents.1788149260.VCM15.612366.0,train/cross_clip_gate_abs_mean,1600,0.0004148018197156489,1788164386.821121
events.out.tfevents.1788149260.VCM15.612366.0,train/cross_clip_gate_abs_mean,1610,0.0003421213186811656,1788164466.1036198
events.out.tfevents.1788149260.VCM15.612366.0,train/cross_clip_gate_abs_mean,1620,0.0002818620123434812,1788164551.85768
events.out.tfevents.1788149260.VCM15.612366.0,train/cross_clip_gate_abs_mean,1630,0.00025576874031685293,1788164654.0520263
events.out.tfevents.1788149260.VCM15.612366.0,train/cross_clip_gate_abs_mean,1640,0.00025484029902145267,1788164742.7811372
events.out.tfevents.1788149260.VCM15.612366.0,train/cross_clip_gate_abs_mean,1650,0.0002415466879028827,1788164849.333156
events.out.tfevents.1788149260.VCM15.612366.0,train/cross_clip_gate_abs_mean,1660,0.00020154434605501592,1788164941.0695286
events.out.tfevents.1788149260.VCM15.612366.0,train/cross_clip_gate_abs_mean,1670,0.0001764461921993643,1788165018.4774072
events.out.tfevents.1788149260.VCM15.612366.0,train/cross_clip_gate_abs_mean,1680,0.00017087558808270842,1788165099.3144076
events.out.tfevents.1788149260.VCM15.612366.0,train/cross_clip_gate_abs_mean,1690,0.00015688876737840474,1788165192.4309034
events.out.tfevents.1788149260.VCM15.612366.0,train/cross_clip_gate_abs_mean,1700,0.00013452708662953228,1788165285.2531705
events.out.tfevents.1788149260.VCM15.612366.0,train/cross_clip_gate_abs_mean,1710,0.0001018625043798238,1788165382.2814095
events.out.tfevents.1788149260.VCM15.612366.0,train/cross_clip_gate_abs_mean,1720,7.5759511673823e-05,1788165484.1850104
events.out.tfevents.1788149260.VCM15.612366.0,train/degraded_bg_ratio,10,0.3211212158203125,1788149359.6546762
events.out.tfevents.1788149260.VCM15.612366.0,train/degraded_bg_ratio,20,0.1824798583984375,1788149444.623446
events.out.tfevents.1788149260.VCM15.612366.0,train/degraded_bg_ratio,30,0.523284912109375,1788149546.7180536
events.out.tfevents.1788149260.VCM15.612366.0,train/degraded_bg_ratio,40,0.355133056640625,1788149643.3562593
events.out.tfevents.1788149260.VCM15.612366.0,train/degraded_bg_ratio,50,0.5450592041015625,1788149736.0069904
events.out.tfevents.1788149260.VCM15.612366.0,train/degraded_bg_ratio,60,0.73614501953125,1788149822.5874019
events.out.tfevents.1788149260.VCM15.612366.0,train/degraded_bg_ratio,70,0.7711868286132812,1788149930.1046753
events.out.tfevents.1788149260.VCM15.612366.0,train/degraded_bg_ratio,80,0.44689178466796875,1788150017.0757706
events.out.tfevents.1788149260.VCM15.612366.0,train/degraded_bg_ratio,90,0.61480712890625,1788150107.8700576
events.out.tfevents.1788149260.VCM15.612366.0,train/degraded_bg_ratio,100,0.6434555053710938,1788150199.8093042
events.out.tfevents.1788149260.VCM15.612366.0,train/degraded_bg_ratio,110,0.5814590454101562,1788150301.2556674
events.out.tfevents.1788149260.VCM15.612366.0,train/degraded_bg_ratio,120,0.694122314453125,1788150402.778839
events.out.tfevents.1788149260.VCM15.612366.0,train/degraded_bg_ratio,130,0.36769866943359375,1788150482.7367
events.out.tfevents.1788149260.VCM15.612366.0,train/degraded_bg_ratio,140,0.385162353515625,1788150583.6507661
events.out.tfevents.1788149260.VCM15.612366.0,train/degraded_bg_ratio,150,0.5669708251953125,1788150680.0666947
events.out.tfevents.1788149260.VCM15.612366.0,train/degraded_bg_ratio,160,0.75628662109375,1788150781.7830095
events.out.tfevents.1788149260.VCM15.612366.0,train/degraded_bg_ratio,170,0.37667083740234375,1788150892.8222153
events.out.tfevents.1788149260.VCM15.612366.0,train/degraded_bg_ratio,180,0.8040847778320312,1788150975.0989673
events.out.tfevents.1788149260.VCM15.612366.0,train/degraded_bg_ratio,190,0.481781005859375,1788151052.98519
events.out.tfevents.1788149260.VCM15.612366.0,train/degraded_bg_ratio,200,0.3953094482421875,1788151137.4030473
events.out.tfevents.1788149260.VCM15.612366.0,train/degraded_bg_ratio,210,0.7787017822265625,1788151229.0734599
events.out.tfevents.1788149260.VCM15.612366.0,train/degraded_bg_ratio,220,0.8892059326171875,1788151323.4880557
events.out.tfevents.1788149260.VCM15.612366.0,train/degraded_bg_ratio,230,0.6372222900390625,1788151427.5916424
events.out.tfevents.1788149260.VCM15.612366.0,train/degraded_bg_ratio,240,0.7485198974609375,1788151527.0747805
events.out.tfevents.1788149260.VCM15.612366.0,train/degraded_bg_ratio,250,0.47315216064453125,1788151611.4746118
events.out.tfevents.1788149260.VCM15.612366.0,train/degraded_bg_ratio,260,0.8032455444335938,1788151684.8243134
events.out.tfevents.1788149260.VCM15.612366.0,train/degraded_bg_ratio,270,0.581268310546875,1788151780.1579037
events.out.tfevents.1788149260.VCM15.612366.0,train/degraded_bg_ratio,280,0.36067962646484375,1788151878.7062597
events.out.tfevents.1788149260.VCM15.612366.0,train/degraded_bg_ratio,290,0.5387039184570312,1788151965.457135
events.out.tfevents.1788149260.VCM15.612366.0,train/degraded_bg_ratio,300,0.6202468872070312,1788152044.4987202
events.out.tfevents.1788149260.VCM15.612366.0,train/degraded_bg_ratio,310,0.1747589111328125,1788152141.2961524
events.out.tfevents.1788149260.VCM15.612366.0,train/degraded_bg_ratio,320,0.8433761596679688,1788152233.9168568
events.out.tfevents.1788149260.VCM15.612366.0,train/degraded_bg_ratio,330,0.5594100952148438,1788152340.9124177
events.out.tfevents.1788149260.VCM15.612366.0,train/degraded_bg_ratio,340,0.5695037841796875,1788152434.699602
events.out.tfevents.1788149260.VCM15.612366.0,train/degraded_bg_ratio,350,0.44510650634765625,1788152531.869056
events.out.tfevents.1788149260.VCM15.612366.0,train/degraded_bg_ratio,360,0.6316680908203125,1788152617.2729015
events.out.tfevents.1788149260.VCM15.612366.0,train/degraded_bg_ratio,370,0.301025390625,1788152709.0024436
events.out.tfevents.1788149260.VCM15.612366.0,train/degraded_bg_ratio,380,0.6690292358398438,1788152807.9734273
events.out.tfevents.1788149260.VCM15.612366.0,train/degraded_bg_ratio,390,0.47695159912109375,1788152886.0934954
events.out.tfevents.1788149260.VCM15.612366.0,train/degraded_bg_ratio,400,0.45877838134765625,1788153004.0425313
events.out.tfevents.1788149260.VCM15.612366.0,train/degraded_bg_ratio,410,0.7589569091796875,1788153096.6862826
events.out.tfevents.1788149260.VCM15.612366.0,train/degraded_bg_ratio,420,0.45046234130859375,1788153200.2694988
events.out.tfevents.1788149260.VCM15.612366.0,train/degraded_bg_ratio,430,0.39379119873046875,1788153279.6534562
events.out.tfevents.1788149260.VCM15.612366.0,train/degraded_bg_ratio,440,0.5895538330078125,1788153358.7862535
events.out.tfevents.1788149260.VCM15.612366.0,train/degraded_bg_ratio,450,0.57354736328125,1788153452.8964787
events.out.tfevents.1788149260.VCM15.612366.0,train/degraded_bg_ratio,460,0.6289520263671875,1788153546.5958972
events.out.tfevents.1788149260.VCM15.612366.0,train/degraded_bg_ratio,470,0.47475433349609375,1788153635.5184999
events.out.tfevents.1788149260.VCM15.612366.0,train/degraded_bg_ratio,480,0.3506317138671875,1788153721.5904891
events.out.tfevents.1788149260.VCM15.612366.0,train/degraded_bg_ratio,490,0.669097900390625,1788153812.6312125
events.out.tfevents.1788149260.VCM15.612366.0,train/degraded_bg_ratio,500,0.6286544799804688,1788153910.6147335
events.out.tfevents.1788149260.VCM15.612366.0,train/degraded_bg_ratio,510,0.5724868774414062,1788154000.3606865
events.out.tfevents.1788149260.VCM15.612366.0,train/degraded_bg_ratio,520,0.30759429931640625,1788154091.827195
events.out.tfevents.1788149260.VCM15.612366.0,train/degraded_bg_ratio,530,0.2378082275390625,1788154197.028818
events.out.tfevents.1788149260.VCM15.612366.0,train/degraded_bg_ratio,540,0.4318389892578125,1788154293.8760655
events.out.tfevents.1788149260.VCM15.612366.0,train/degraded_bg_ratio,550,0.4586181640625,1788154391.9016883
events.out.tfevents.1788149260.VCM15.612366.0,train/degraded_bg_ratio,560,0.4203948974609375,1788154471.7957237
events.out.tfevents.1788149260.VCM15.612366.0,train/degraded_bg_ratio,570,0.81658935546875,1788154559.8202314
events.out.tfevents.1788149260.VCM15.612366.0,train/degraded_bg_ratio,580,0.7432937622070312,1788154652.9137077
events.out.tfevents.1788149260.VCM15.612366.0,train/degraded_bg_ratio,590,0.31308746337890625,1788154759.8379054
events.out.tfevents.1788149260.VCM15.612366.0,train/degraded_bg_ratio,600,0.5676040649414062,1788154850.2215207
events.out.tfevents.1788149260.VCM15.612366.0,train/degraded_bg_ratio,610,0.34777069091796875,1788154936.1695476
events.out.tfevents.1788149260.VCM15.612366.0,train/degraded_bg_ratio,620,0.7285919189453125,1788155017.3794947
events.out.tfevents.1788149260.VCM15.612366.0,train/degraded_bg_ratio,630,0.4622955322265625,1788155103.9707377
events.out.tfevents.1788149260.VCM15.612366.0,train/degraded_bg_ratio,640,0.52642822265625,1788155203.6975448
events.out.tfevents.1788149260.VCM15.612366.0,train/degraded_bg_ratio,650,0.31072235107421875,1788155284.9508946
events.out.tfevents.1788149260.VCM15.612366.0,train/degraded_bg_ratio,660,0.6113510131835938,1788155406.1278937
events.out.tfevents.1788149260.VCM15.612366.0,train/degraded_bg_ratio,670,0.6294403076171875,1788155500.0038211
events.out.tfevents.1788149260.VCM15.612366.0,train/degraded_bg_ratio,680,0.6460418701171875,1788155596.4288595
events.out.tfevents.1788149260.VCM15.612366.0,train/degraded_bg_ratio,690,0.4362640380859375,1788155682.6869361
events.out.tfevents.1788149260.VCM15.612366.0,train/degraded_bg_ratio,700,0.45904541015625,1788155773.2735527
events.out.tfevents.1788149260.VCM15.612366.0,train/degraded_bg_ratio,710,0.4221649169921875,1788155870.8548656
events.out.tfevents.1788149260.VCM15.612366.0,train/degraded_bg_ratio,720,0.3852996826171875,1788155970.2140481
events.out.tfevents.1788149260.VCM15.612366.0,train/degraded_bg_ratio,730,0.36779022216796875,1788156072.5770435
events.out.tfevents.1788149260.VCM15.612366.0,train/degraded_bg_ratio,740,0.6867523193359375,1788156155.2375772
events.out.tfevents.1788149260.VCM15.612366.0,train/degraded_bg_ratio,750,0.6016006469726562,1788156249.5556607
events.out.tfevents.1788149260.VCM15.612366.0,train/degraded_bg_ratio,760,0.6214218139648438,1788156351.074322
events.out.tfevents.1788149260.VCM15.612366.0,train/degraded_bg_ratio,770,0.5504608154296875,1788156448.5676317
events.out.tfevents.1788149260.VCM15.612366.0,train/degraded_bg_ratio,780,0.6293563842773438,1788156535.9729922
events.out.tfevents.1788149260.VCM15.612366.0,train/degraded_bg_ratio,790,0.6768646240234375,1788156639.7450497
events.out.tfevents.1788149260.VCM15.612366.0,train/degraded_bg_ratio,800,0.425384521484375,1788156748.4571378
events.out.tfevents.1788149260.VCM15.612366.0,train/degraded_bg_ratio,810,0.635711669921875,1788156844.5297816
events.out.tfevents.1788149260.VCM15.612366.0,train/degraded_bg_ratio,820,0.5881576538085938,1788156948.259865
events.out.tfevents.1788149260.VCM15.612366.0,train/degraded_bg_ratio,830,0.1411285400390625,1788157040.383202
events.out.tfevents.1788149260.VCM15.612366.0,train/degraded_bg_ratio,840,0.6421737670898438,1788157134.4892926
events.out.tfevents.1788149260.VCM15.612366.0,train/degraded_bg_ratio,850,0.50726318359375,1788157241.5539217
events.out.tfevents.1788149260.VCM15.612366.0,train/degraded_bg_ratio,860,0.564727783203125,1788157332.5164516
events.out.tfevents.1788149260.VCM15.612366.0,train/degraded_bg_ratio,870,0.1992645263671875,1788157437.3415253
events.out.tfevents.1788149260.VCM15.612366.0,train/degraded_bg_ratio,880,0.5033798217773438,1788157517.9732194
events.out.tfevents.1788149260.VCM15.612366.0,train/degraded_bg_ratio,890,0.5787811279296875,1788157629.6268134
events.out.tfevents.1788149260.VCM15.612366.0,train/degraded_bg_ratio,900,0.6180343627929688,1788157725.4165337
events.out.tfevents.1788149260.VCM15.612366.0,train/degraded_bg_ratio,910,0.38932037353515625,1788157821.896104
events.out.tfevents.1788149260.VCM15.612366.0,train/degraded_bg_ratio,920,0.28841400146484375,1788157920.734052
events.out.tfevents.1788149260.VCM15.612366.0,train/degraded_bg_ratio,930,0.21417999267578125,1788158024.3806658
events.out.tfevents.1788149260.VCM15.612366.0,train/degraded_bg_ratio,940,0.70977783203125,1788158122.6384597
events.out.tfevents.1788149260.VCM15.612366.0,train/degraded_bg_ratio,950,0.5254745483398438,1788158212.0778542
events.out.tfevents.1788149260.VCM15.612366.0,train/degraded_bg_ratio,960,0.3875579833984375,1788158306.6454074
events.out.tfevents.1788149260.VCM15.612366.0,train/degraded_bg_ratio,970,0.46722412109375,1788158406.3120239
events.out.tfevents.1788149260.VCM15.612366.0,train/degraded_bg_ratio,980,0.6280288696289062,1788158511.4207163
events.out.tfevents.1788149260.VCM15.612366.0,train/degraded_bg_ratio,990,0.7037353515625,1788158600.7569706
events.out.tfevents.1788149260.VCM15.612366.0,train/degraded_bg_ratio,1000,0.7090377807617188,1788158694.9783387
events.out.tfevents.1788149260.VCM15.612366.0,train/degraded_bg_ratio,1010,0.7241439819335938,1788158800.5598257
events.out.tfevents.1788149260.VCM15.612366.0,train/degraded_bg_ratio,1020,0.35843658447265625,1788158882.8923168
events.out.tfevents.1788149260.VCM15.612366.0,train/degraded_bg_ratio,1030,0.5053558349609375,1788158962.9897897
events.out.tfevents.1788149260.VCM15.612366.0,train/degraded_bg_ratio,1040,0.6197357177734375,1788159050.815519
events.out.tfevents.1788149260.VCM15.612366.0,train/degraded_bg_ratio,1050,0.6191177368164062,1788159165.2127635
events.out.tfevents.1788149260.VCM15.612366.0,train/degraded_bg_ratio,1060,0.49935150146484375,1788159264.2759483
events.out.tfevents.1788149260.VCM15.612366.0,train/degraded_bg_ratio,1070,0.7308883666992188,1788159349.5590417
events.out.tfevents.1788149260.VCM15.612366.0,train/degraded_bg_ratio,1080,0.349273681640625,1788159432.0777304
events.out.tfevents.1788149260.VCM15.612366.0,train/degraded_bg_ratio,1090,0.342254638671875,1788159534.4606369
events.out.tfevents.1788149260.VCM15.612366.0,train/degraded_bg_ratio,1100,0.3535003662109375,1788159626.4275186
events.out.tfevents.1788149260.VCM15.612366.0,train/degraded_bg_ratio,1110,0.5581436157226562,1788159720.2176666
events.out.tfevents.1788149260.VCM15.612366.0,train/degraded_bg_ratio,1120,0.5230712890625,1788159823.0001345
events.out.tfevents.1788149260.VCM15.612366.0,train/degraded_bg_ratio,1130,0.49463653564453125,1788159894.32341
events.out.tfevents.1788149260.VCM15.612366.0,train/degraded_bg_ratio,1140,0.6042404174804688,1788159980.221385
events.out.tfevents.1788149260.VCM15.612366.0,train/degraded_bg_ratio,1150,0.42017364501953125,1788160072.7619503
events.out.tfevents.1788149260.VCM15.612366.0,train/degraded_bg_ratio,1160,0.7785720825195312,1788160180.7475948
events.out.tfevents.1788149260.VCM15.612366.0,train/degraded_bg_ratio,1170,0.663787841796875,1788160274.5529206
events.out.tfevents.1788149260.VCM15.612366.0,train/degraded_bg_ratio,1180,0.6161727905273438,1788160383.9053316
events.out.tfevents.1788149260.VCM15.612366.0,train/degraded_bg_ratio,1190,0.5334930419921875,1788160478.8590875
events.out.tfevents.1788149260.VCM15.612366.0,train/degraded_bg_ratio,1200,0.33119964599609375,1788160563.2490358
events.out.tfevents.1788149260.VCM15.612366.0,train/degraded_bg_ratio,1210,0.48813629150390625,1788160667.43109
events.out.tfevents.1788149260.VCM15.612366.0,train/degraded_bg_ratio,1220,0.25656890869140625,1788160772.5317924
events.out.tfevents.1788149260.VCM15.612366.0,train/degraded_bg_ratio,1230,0.5084686279296875,1788160868.2130828
events.out.tfevents.1788149260.VCM15.612366.0,train/degraded_bg_ratio,1240,0.5976104736328125,1788160964.5649467
events.out.tfevents.1788149260.VCM15.612366.0,train/degraded_bg_ratio,1250,0.5366744995117188,1788161060.3047612
events.out.tfevents.1788149260.VCM15.612366.0,train/degraded_bg_ratio,1260,0.41599273681640625,1788161152.5134256
events.out.tfevents.1788149260.VCM15.612366.0,train/degraded_bg_ratio,1270,0.9310989379882812,1788161248.3683155
events.out.tfevents.1788149260.VCM15.612366.0,train/degraded_bg_ratio,1280,0.6382217407226562,1788161338.41633
events.out.tfevents.1788149260.VCM15.612366.0,train/degraded_bg_ratio,1290,0.66107177734375,1788161439.2865157
events.out.tfevents.1788149260.VCM15.612366.0,train/degraded_bg_ratio,1300,0.5563125610351562,1788161525.2865336
events.out.tfevents.1788149260.VCM15.612366.0,train/degraded_bg_ratio,1310,0.37796783447265625,1788161631.8126872
events.out.tfevents.1788149260.VCM15.612366.0,train/degraded_bg_ratio,1320,0.514068603515625,1788161729.7930913
events.out.tfevents.1788149260.VCM15.612366.0,train/degraded_bg_ratio,1330,0.43407440185546875,1788161816.999404
events.out.tfevents.1788149260.VCM15.612366.0,train/degraded_bg_ratio,1340,0.2220458984375,1788161901.6004856
events.out.tfevents.1788149260.VCM15.612366.0,train/degraded_bg_ratio,1350,0.6619720458984375,1788161995.3418188
events.out.tfevents.1788149260.VCM15.612366.0,train/degraded_bg_ratio,1360,0.712799072265625,1788162100.3388078
events.out.tfevents.1788149260.VCM15.612366.0,train/degraded_bg_ratio,1370,0.577606201171875,1788162185.9325142
events.out.tfevents.1788149260.VCM15.612366.0,train/degraded_bg_ratio,1380,0.35672760009765625,1788162278.2701666
events.out.tfevents.1788149260.VCM15.612366.0,train/degraded_bg_ratio,1390,0.7521133422851562,1788162368.762106
events.out.tfevents.1788149260.VCM15.612366.0,train/degraded_bg_ratio,1400,0.20639801025390625,1788162454.566263
events.out.tfevents.1788149260.VCM15.612366.0,train/degraded_bg_ratio,1410,0.4742279052734375,1788162570.949738
events.out.tfevents.1788149260.VCM15.612366.0,train/degraded_bg_ratio,1420,0.401092529296875,1788162670.967005
events.out.tfevents.1788149260.VCM15.612366.0,train/degraded_bg_ratio,1430,0.5175247192382812,1788162749.5839922
events.out.tfevents.1788149260.VCM15.612366.0,train/degraded_bg_ratio,1440,0.34261322021484375,1788162861.4179688
events.out.tfevents.1788149260.VCM15.612366.0,train/degraded_bg_ratio,1450,0.46681976318359375,1788162946.0770743
events.out.tfevents.1788149260.VCM15.612366.0,train/degraded_bg_ratio,1460,0.6088485717773438,1788163040.591192
events.out.tfevents.1788149260.VCM15.612366.0,train/degraded_bg_ratio,1470,0.49178314208984375,1788163142.965141
events.out.tfevents.1788149260.VCM15.612366.0,train/degraded_bg_ratio,1480,0.5758514404296875,1788163230.4398613
events.out.tfevents.1788149260.VCM15.612366.0,train/degraded_bg_ratio,1490,0.42166900634765625,1788163333.2728522
events.out.tfevents.1788149260.VCM15.612366.0,train/degraded_bg_ratio,1500,0.3694915771484375,1788163424.1489978
events.out.tfevents.1788149260.VCM15.612366.0,train/degraded_bg_ratio,1510,0.28749847412109375,1788163534.528693
events.out.tfevents.1788149260.VCM15.612366.0,train/degraded_bg_ratio,1520,0.2572174072265625,1788163640.3759816
events.out.tfevents.1788149260.VCM15.612366.0,train/degraded_bg_ratio,1530,0.3447418212890625,1788163720.7672303
events.out.tfevents.1788149260.VCM15.612366.0,train/degraded_bg_ratio,1540,0.5569610595703125,1788163795.6385589
events.out.tfevents.1788149260.VCM15.612366.0,train/degraded_bg_ratio,1550,0.5379486083984375,1788163879.262609
events.out.tfevents.1788149260.VCM15.612366.0,train/degraded_bg_ratio,1560,0.7245635986328125,1788163980.6100893
events.out.tfevents.1788149260.VCM15.612366.0,train/degraded_bg_ratio,1570,0.5435028076171875,1788164085.5861864
events.out.tfevents.1788149260.VCM15.612366.0,train/degraded_bg_ratio,1580,0.24259185791015625,1788164169.460066
events.out.tfevents.1788149260.VCM15.612366.0,train/degraded_bg_ratio,1590,0.37718963623046875,1788164279.9981563
events.out.tfevents.1788149260.VCM15.612366.0,train/degraded_bg_ratio,1600,0.5134963989257812,1788164386.8193736
events.out.tfevents.1788149260.VCM15.612366.0,train/degraded_bg_ratio,1610,0.6384811401367188,1788164466.1018848
events.out.tfevents.1788149260.VCM15.612366.0,train/degraded_bg_ratio,1620,0.6243133544921875,1788164551.8558226
events.out.tfevents.1788149260.VCM15.612366.0,train/degraded_bg_ratio,1630,0.49846649169921875,1788164654.0503235
events.out.tfevents.1788149260.VCM15.612366.0,train/degraded_bg_ratio,1640,0.762451171875,1788164742.779547
events.out.tfevents.1788149260.VCM15.612366.0,train/degraded_bg_ratio,1650,0.43813323974609375,1788164849.3315089
events.out.tfevents.1788149260.VCM15.612366.0,train/degraded_bg_ratio,1660,0.42305755615234375,1788164941.067665
events.out.tfevents.1788149260.VCM15.612366.0,train/degraded_bg_ratio,1670,0.5679702758789062,1788165018.4758737
events.out.tfevents.1788149260.VCM15.612366.0,train/degraded_bg_ratio,1680,0.23618316650390625,1788165099.312288
events.out.tfevents.1788149260.VCM15.612366.0,train/degraded_bg_ratio,1690,0.41236114501953125,1788165192.4290335
events.out.tfevents.1788149260.VCM15.612366.0,train/degraded_bg_ratio,1700,0.476654052734375,1788165285.2512193
events.out.tfevents.1788149260.VCM15.612366.0,train/degraded_bg_ratio,1710,0.7345123291015625,1788165382.2795725
events.out.tfevents.1788149260.VCM15.612366.0,train/degraded_bg_ratio,1720,0.5476913452148438,1788165484.183409
events.out.tfevents.1788149260.VCM15.612366.0,train/delta_abs_mean,10,0.001961879199370742,1788149359.6546576
events.out.tfevents.1788149260.VCM15.612366.0,train/delta_abs_mean,20,0.001150662312284112,1788149444.6234174
events.out.tfevents.1788149260.VCM15.612366.0,train/delta_abs_mean,30,0.0031471720430999994,1788149546.7180123
events.out.tfevents.1788149260.VCM15.612366.0,train/delta_abs_mean,40,0.002149466425180435,1788149643.3562148
events.out.tfevents.1788149260.VCM15.612366.0,train/delta_abs_mean,50,0.0029479260556399822,1788149736.0069625
events.out.tfevents.1788149260.VCM15.612366.0,train/delta_abs_mean,60,0.004357132129371166,1788149822.5873573
events.out.tfevents.1788149260.VCM15.612366.0,train/delta_abs_mean,70,0.004700855351984501,1788149930.104634
events.out.tfevents.1788149260.VCM15.612366.0,train/delta_abs_mean,80,0.002599971368908882,1788150017.0757346
events.out.tfevents.1788149260.VCM15.612366.0,train/delta_abs_mean,90,0.0035125066060572863,1788150107.8700287
events.out.tfevents.1788149260.VCM15.612366.0,train/delta_abs_mean,100,0.004033378325402737,1788150199.8092668
events.out.tfevents.1788149260.VCM15.612366.0,train/delta_abs_mean,110,0.0033862574491649866,1788150301.2556243
events.out.tfevents.1788149260.VCM15.612366.0,train/delta_abs_mean,120,0.0041114892810583115,1788150402.7787945
events.out.tfevents.1788149260.VCM15.612366.0,train/delta_abs_mean,130,0.0022489079274237156,1788150482.7366626
events.out.tfevents.1788149260.VCM15.612366.0,train/delta_abs_mean,140,0.002486996352672577,1788150583.650722
events.out.tfevents.1788149260.VCM15.612366.0,train/delta_abs_mean,150,0.004013393074274063,1788150680.0666647
events.out.tfevents.1788149260.VCM15.612366.0,train/delta_abs_mean,160,0.0042877597734332085,1788150781.7829816
events.out.tfevents.1788149260.VCM15.612366.0,train/delta_abs_mean,170,0.0020690946839749813,1788150892.822171
events.out.tfevents.1788149260.VCM15.612366.0,train/delta_abs_mean,180,0.0049074566923081875,1788150975.0989232
events.out.tfevents.1788149260.VCM15.612366.0,train/delta_abs_mean,190,0.00284547614865005,1788151052.9851563
events.out.tfevents.1788149260.VCM15.612366.0,train/delta_abs_mean,200,0.002355945762246847,1788151137.4030018
events.out.tfevents.1788149260.VCM15.612366.0,train/delta_abs_mean,210,0.004881789907813072,1788151229.073432
events.out.tfevents.1788149260.VCM15.612366.0,train/delta_abs_mean,220,0.005026841536164284,1788151323.4880114
events.out.tfevents.1788149260.VCM15.612366.0,train/delta_abs_mean,230,0.0036435250658541918,1788151427.5916142
events.out.tfevents.1788149260.VCM15.612366.0,train/delta_abs_mean,240,0.0044957431964576244,1788151527.0747359
events.out.tfevents.1788149260.VCM15.612366.0,train/delta_abs_mean,250,0.003186708316206932,1788151611.4745836
events.out.tfevents.1788149260.VCM15.612366.0,train/delta_abs_mean,260,0.004742240533232689,1788151684.8242693
events.out.tfevents.1788149260.VCM15.612366.0,train/delta_abs_mean,270,0.0031808982603251934,1788151780.1578596
events.out.tfevents.1788149260.VCM15.612366.0,train/delta_abs_mean,280,0.0021970851812511683,1788151878.7062154
events.out.tfevents.1788149260.VCM15.612366.0,train/delta_abs_mean,290,0.0038890657015144825,1788151965.45709
events.out.tfevents.1788149260.VCM15.612366.0,train/delta_abs_mean,300,0.003822371829301119,1788152044.4986668
events.out.tfevents.1788149260.VCM15.612366.0,train/delta_abs_mean,310,0.0010525755351409316,1788152141.296098
events.out.tfevents.1788149260.VCM15.612366.0,train/delta_abs_mean,320,0.004844283685088158,1788152233.9168117
events.out.tfevents.1788149260.VCM15.612366.0,train/delta_abs_mean,330,0.0031755249947309494,1788152340.912379
events.out.tfevents.1788149260.VCM15.612366.0,train/delta_abs_mean,340,0.003424479393288493,1788152434.6995683
events.out.tfevents.1788149260.VCM15.612366.0,train/delta_abs_mean,350,0.0027329218573868275,1788152531.869027
events.out.tfevents.1788149260.VCM15.612366.0,train/delta_abs_mean,360,0.0032904415857046843,1788152617.2728665
events.out.tfevents.1788149260.VCM15.612366.0,train/delta_abs_mean,370,0.0018867849139496684,1788152709.0023994
events.out.tfevents.1788149260.VCM15.612366.0,train/delta_abs_mean,380,0.00359948817640543,1788152807.9733994
events.out.tfevents.1788149260.VCM15.612366.0,train/delta_abs_mean,390,0.0034278323873877525,1788152886.0934508
events.out.tfevents.1788149260.VCM15.612366.0,train/delta_abs_mean,400,0.0024185962975025177,1788153004.042503
events.out.tfevents.1788149260.VCM15.612366.0,train/delta_abs_mean,410,0.003938194829970598,1788153096.6862385
events.out.tfevents.1788149260.VCM15.612366.0,train/delta_abs_mean,420,0.0024481257423758507,1788153200.2694604
events.out.tfevents.1788149260.VCM15.612366.0,train/delta_abs_mean,430,0.002166072139516473,1788153279.6534123
events.out.tfevents.1788149260.VCM15.612366.0,train/delta_abs_mean,440,0.0032398959156125784,1788153358.7862167
events.out.tfevents.1788149260.VCM15.612366.0,train/delta_abs_mean,450,0.003309466876089573,1788153452.8964505
events.out.tfevents.1788149260.VCM15.612366.0,train/delta_abs_mean,460,0.0034373407252132893,1788153546.5958695
events.out.tfevents.1788149260.VCM15.612366.0,train/delta_abs_mean,470,0.0025241465773433447,1788153635.5184727
events.out.tfevents.1788149260.VCM15.612366.0,train/delta_abs_mean,480,0.0023286649957299232,1788153721.5904562
events.out.tfevents.1788149260.VCM15.612366.0,train/delta_abs_mean,490,0.003448055824264884,1788153812.631177
events.out.tfevents.1788149260.VCM15.612366.0,train/delta_abs_mean,500,0.0035852170549333096,1788153910.61469
events.out.tfevents.1788149260.VCM15.612366.0,train/delta_abs_mean,510,0.002974821487441659,1788154000.360654
events.out.tfevents.1788149260.VCM15.612366.0,train/delta_abs_mean,520,0.0017647896893322468,1788154091.8271508
events.out.tfevents.1788149260.VCM15.612366.0,train/delta_abs_mean,530,0.001936045242473483,1788154197.0287752
events.out.tfevents.1788149260.VCM15.612366.0,train/delta_abs_mean,540,0.002738594077527523,1788154293.876021
events.out.tfevents.1788149260.VCM15.612366.0,train/delta_abs_mean,550,0.0031052723061293364,1788154391.901654
events.out.tfevents.1788149260.VCM15.612366.0,train/delta_abs_mean,560,0.0027845255099236965,1788154471.7956796
events.out.tfevents.1788149260.VCM15.612366.0,train/delta_abs_mean,570,0.004529053345322609,1788154559.820203
events.out.tfevents.1788149260.VCM15.612366.0,train/delta_abs_mean,580,0.0036648083478212357,1788154652.9136627
events.out.tfevents.1788149260.VCM15.612366.0,train/delta_abs_mean,590,0.001866380451247096,1788154759.8378723
events.out.tfevents.1788149260.VCM15.612366.0,train/delta_abs_mean,600,0.002836064901202917,1788154850.2214768
events.out.tfevents.1788149260.VCM15.612366.0,train/delta_abs_mean,610,0.0015093053225427866,1788154936.1695037
events.out.tfevents.1788149260.VCM15.612366.0,train/delta_abs_mean,620,0.0037091062404215336,1788155017.3794544
events.out.tfevents.1788149260.VCM15.612366.0,train/delta_abs_mean,630,0.002791792154312134,1788155103.9706943
events.out.tfevents.1788149260.VCM15.612366.0,train/delta_abs_mean,640,0.0029715015552937984,1788155203.6975155
events.out.tfevents.1788149260.VCM15.612366.0,train/delta_abs_mean,650,0.001626412384212017,1788155284.9508505
events.out.tfevents.1788149260.VCM15.612366.0,train/delta_abs_mean,660,0.0032593589276075363,1788155406.1278663
events.out.tfevents.1788149260.VCM15.612366.0,train/delta_abs_mean,670,0.0033599436283111572,1788155500.003777
events.out.tfevents.1788149260.VCM15.612366.0,train/delta_abs_mean,680,0.0032341056503355503,1788155596.4288151
events.out.tfevents.1788149260.VCM15.612366.0,train/delta_abs_mean,690,0.002278824569657445,1788155682.6869082
events.out.tfevents.1788149260.VCM15.612366.0,train/delta_abs_mean,700,0.0026490450836718082,1788155773.2735085
events.out.tfevents.1788149260.VCM15.612366.0,train/delta_abs_mean,710,0.0020019810181111097,1788155870.8548326
events.out.tfevents.1788149260.VCM15.612366.0,train/delta_abs_mean,720,0.0016155362827703357,1788155970.2140205
events.out.tfevents.1788149260.VCM15.612366.0,train/delta_abs_mean,730,0.0023096574004739523,1788156072.5770156
events.out.tfevents.1788149260.VCM15.612366.0,train/delta_abs_mean,740,0.0033158380538225174,1788156155.2375305
events.out.tfevents.1788149260.VCM15.612366.0,train/delta_abs_mean,750,0.0031627709977328777,1788156249.5556424
events.out.tfevents.1788149260.VCM15.612366.0,train/delta_abs_mean,760,0.0031194197945296764,1788156351.0742784
events.out.tfevents.1788149260.VCM15.612366.0,train/delta_abs_mean,770,0.002957323333248496,1788156448.5675938
events.out.tfevents.1788149260.VCM15.612366.0,train/delta_abs_mean,780,0.0032654316164553165,1788156535.972946
events.out.tfevents.1788149260.VCM15.612366.0,train/delta_abs_mean,790,0.0033464287407696247,1788156639.7450051
events.out.tfevents.1788149260.VCM15.612366.0,train/delta_abs_mean,800,0.00258938642218709,1788156748.45711
events.out.tfevents.1788149260.VCM15.612366.0,train/delta_abs_mean,810,0.002624877030029893,1788156844.5297453
events.out.tfevents.1788149260.VCM15.612366.0,train/delta_abs_mean,820,0.002916730009019375,1788156948.25982
events.out.tfevents.1788149260.VCM15.612366.0,train/delta_abs_mean,830,0.0006730628083460033,1788157040.3831677
events.out.tfevents.1788149260.VCM15.612366.0,train/delta_abs_mean,840,0.002700184937566519,1788157134.4892478
events.out.tfevents.1788149260.VCM15.612366.0,train/delta_abs_mean,850,0.0022863061167299747,1788157241.5538812
events.out.tfevents.1788149260.VCM15.612366.0,train/delta_abs_mean,860,0.0026543596759438515,1788157332.5164075
events.out.tfevents.1788149260.VCM15.612366.0,train/delta_abs_mean,870,0.0011459343368187547,1788157437.341475
events.out.tfevents.1788149260.VCM15.612366.0,train/delta_abs_mean,880,0.002262664260342717,1788157517.9731913
events.out.tfevents.1788149260.VCM15.612366.0,train/delta_abs_mean,890,0.002421114593744278,1788157629.6267693
events.out.tfevents.1788149260.VCM15.612366.0,train/delta_abs_mean,900,0.002557617612183094,1788157725.416489
events.out.tfevents.1788149260.VCM15.612366.0,train/delta_abs_mean,910,0.0019430742831900716,1788157821.89606
events.out.tfevents.1788149260.VCM15.612366.0,train/delta_abs_mean,920,0.001565963146276772,1788157920.734016
events.out.tfevents.1788149260.VCM15.612366.0,train/delta_abs_mean,930,0.0018349088495597243,1788158024.3806326
events.out.tfevents.1788149260.VCM15.612366.0,train/delta_abs_mean,940,0.0034274549689143896,1788158122.6384192
events.out.tfevents.1788149260.VCM15.612366.0,train/delta_abs_mean,950,0.0023974301293492317,1788158212.0778203
events.out.tfevents.1788149260.VCM15.612366.0,train/delta_abs_mean,960,0.0016575359040871263,1788158306.6453612
events.out.tfevents.1788149260.VCM15.612366.0,train/delta_abs_mean,970,0.002356000943109393,1788158406.3119702
events.out.tfevents.1788149260.VCM15.612366.0,train/delta_abs_mean,980,0.0034564489033073187,1788158511.4206939
events.out.tfevents.1788149260.VCM15.612366.0,train/delta_abs_mean,990,0.003544705919921398,1788158600.7569413
events.out.tfevents.1788149260.VCM15.612366.0,train/delta_abs_mean,1000,0.0034235347993671894,1788158694.9782958
events.out.tfevents.1788149260.VCM15.612366.0,train/delta_abs_mean,1010,0.003322289790958166,1788158800.559781
events.out.tfevents.1788149260.VCM15.612366.0,train/delta_abs_mean,1020,0.002367335604503751,1788158882.8922734
events.out.tfevents.1788149260.VCM15.612366.0,train/delta_abs_mean,1030,0.0029461937956511974,1788158962.9897456
events.out.tfevents.1788149260.VCM15.612366.0,train/delta_abs_mean,1040,0.0026184332091361284,1788159050.815475
events.out.tfevents.1788149260.VCM15.612366.0,train/delta_abs_mean,1050,0.0031088213436305523,1788159165.2127192
events.out.tfevents.1788149260.VCM15.612366.0,train/delta_abs_mean,1060,0.0019858330488204956,1788159264.275904
events.out.tfevents.1788149260.VCM15.612366.0,train/delta_abs_mean,1070,0.003333241678774357,1788159349.5590124
events.out.tfevents.1788149260.VCM15.612366.0,train/delta_abs_mean,1080,0.001707131857983768,1788159432.0777028
events.out.tfevents.1788149260.VCM15.612366.0,train/delta_abs_mean,1090,0.001719835796393454,1788159534.460609
events.out.tfevents.1788149260.VCM15.612366.0,train/delta_abs_mean,1100,0.0015808939933776855,1788159626.4274623
events.out.tfevents.1788149260.VCM15.612366.0,train/delta_abs_mean,1110,0.003023412311449647,1788159720.2176232
events.out.tfevents.1788149260.VCM15.612366.0,train/delta_abs_mean,1120,0.0026065881829708815,1788159823.000107
events.out.tfevents.1788149260.VCM15.612366.0,train/delta_abs_mean,1130,0.0024431177880614996,1788159894.3233953
events.out.tfevents.1788149260.VCM15.612366.0,train/delta_abs_mean,1140,0.003661378286778927,1788159980.221351
events.out.tfevents.1788149260.VCM15.612366.0,train/delta_abs_mean,1150,0.002087235450744629,1788160072.7619057
events.out.tfevents.1788149260.VCM15.612366.0,train/delta_abs_mean,1160,0.003963969647884369,1788160180.74758
events.out.tfevents.1788149260.VCM15.612366.0,train/delta_abs_mean,1170,0.003218341153115034,1788160274.5528944
events.out.tfevents.1788149260.VCM15.612366.0,train/delta_abs_mean,1180,0.003209542715921998,1788160383.9052882
events.out.tfevents.1788149260.VCM15.612366.0,train/delta_abs_mean,1190,0.002989900764077902,1788160478.8590438
events.out.tfevents.1788149260.VCM15.612366.0,train/delta_abs_mean,1200,0.00142120651435107,1788160563.2490015
events.out.tfevents.1788149260.VCM15.612366.0,train/delta_abs_mean,1210,0.0027161731850355864,1788160667.4310615
events.out.tfevents.1788149260.VCM15.612366.0,train/delta_abs_mean,1220,0.0018468815833330154,1788160772.5317593
events.out.tfevents.1788149260.VCM15.612366.0,train/delta_abs_mean,1230,0.0026273666881024837,1788160868.2130396
events.out.tfevents.1788149260.VCM15.612366.0,train/delta_abs_mean,1240,0.0033948831260204315,1788160964.5649107
events.out.tfevents.1788149260.VCM15.612366.0,train/delta_abs_mean,1250,0.0028285603038966656,1788161060.3047168
events.out.tfevents.1788149260.VCM15.612366.0,train/delta_abs_mean,1260,0.002595313359051943,1788161152.5133903
events.out.tfevents.1788149260.VCM15.612366.0,train/delta_abs_mean,1270,0.004892244003713131,1788161248.3682897
events.out.tfevents.1788149260.VCM15.612366.0,train/delta_abs_mean,1280,0.0033292295411229134,1788161338.416286
events.out.tfevents.1788149260.VCM15.612366.0,train/delta_abs_mean,1290,0.003396555781364441,1788161439.2864716
events.out.tfevents.1788149260.VCM15.612366.0,train/delta_abs_mean,1300,0.002645547268912196,1788161525.2865057
events.out.tfevents.1788149260.VCM15.612366.0,train/delta_abs_mean,1310,0.001745966961607337,1788161631.8126721
events.out.tfevents.1788149260.VCM15.612366.0,train/delta_abs_mean,1320,0.0030031264759600163,1788161729.7930477
events.out.tfevents.1788149260.VCM15.612366.0,train/delta_abs_mean,1330,0.0025080209597945213,1788161816.9993598
events.out.tfevents.1788149260.VCM15.612366.0,train/delta_abs_mean,1340,0.0018885948229581118,1788161901.600447
events.out.tfevents.1788149260.VCM15.612366.0,train/delta_abs_mean,1350,0.003796705510467291,1788161995.341774
events.out.tfevents.1788149260.VCM15.612366.0,train/delta_abs_mean,1360,0.00366288423538208,1788162100.338778
events.out.tfevents.1788149260.VCM15.612366.0,train/delta_abs_mean,1370,0.003394701750949025,1788162185.9324875
events.out.tfevents.1788149260.VCM15.612366.0,train/delta_abs_mean,1380,0.0018164257053285837,1788162278.2701225
events.out.tfevents.1788149260.VCM15.612366.0,train/delta_abs_mean,1390,0.004309927113354206,1788162368.762062
events.out.tfevents.1788149260.VCM15.612366.0,train/delta_abs_mean,1400,0.0014312223065644503,1788162454.5662336
events.out.tfevents.1788149260.VCM15.612366.0,train/delta_abs_mean,1410,0.002725679660215974,1788162570.949709
events.out.tfevents.1788149260.VCM15.612366.0,train/delta_abs_mean,1420,0.002565862378105521,1788162670.9669597
events.out.tfevents.1788149260.VCM15.612366.0,train/delta_abs_mean,1430,0.003080908441916108,1788162749.5839486
events.out.tfevents.1788149260.VCM15.612366.0,train/delta_abs_mean,1440,0.0021818485110998154,1788162861.4179409
events.out.tfevents.1788149260.VCM15.612366.0,train/delta_abs_mean,1450,0.002518287394195795,1788162946.0770304
events.out.tfevents.1788149260.VCM15.612366.0,train/delta_abs_mean,1460,0.0031177042983472347,1788163040.591147
events.out.tfevents.1788149260.VCM15.612366.0,train/delta_abs_mean,1470,0.0029536893125623465,1788163142.9651058
events.out.tfevents.1788149260.VCM15.612366.0,train/delta_abs_mean,1480,0.0029917655047029257,1788163230.439824
events.out.tfevents.1788149260.VCM15.612366.0,train/delta_abs_mean,1490,0.002956861164420843,1788163333.2728243
events.out.tfevents.1788149260.VCM15.612366.0,train/delta_abs_mean,1500,0.0019280205015093088,1788163424.1489701
events.out.tfevents.1788149260.VCM15.612366.0,train/delta_abs_mean,1510,0.0016899430193006992,1788163534.5286653
events.out.tfevents.1788149260.VCM15.612366.0,train/delta_abs_mean,1520,0.0015823999419808388,1788163640.375953
events.out.tfevents.1788149260.VCM15.612366.0,train/delta_abs_mean,1530,0.0016982437809929252,1788163720.767195
events.out.tfevents.1788149260.VCM15.612366.0,train/delta_abs_mean,1540,0.0033092547673732042,1788163795.6385257
events.out.tfevents.1788149260.VCM15.612366.0,train/delta_abs_mean,1550,0.0031372427474707365,1788163879.2625697
events.out.tfevents.1788149260.VCM15.612366.0,train/delta_abs_mean,1560,0.003824388375505805,1788163980.6100528
events.out.tfevents.1788149260.VCM15.612366.0,train/delta_abs_mean,1570,0.0032140186522156,1788164085.5861573
events.out.tfevents.1788149260.VCM15.612366.0,train/delta_abs_mean,1580,0.0012017630506306887,1788164169.4600217
events.out.tfevents.1788149260.VCM15.612366.0,train/delta_abs_mean,1590,0.0019687525928020477,1788164279.998112
events.out.tfevents.1788149260.VCM15.612366.0,train/delta_abs_mean,1600,0.002777178306132555,1788164386.8193364
events.out.tfevents.1788149260.VCM15.612366.0,train/delta_abs_mean,1610,0.0035394630394876003,1788164466.101842
events.out.tfevents.1788149260.VCM15.612366.0,train/delta_abs_mean,1620,0.0040445104241371155,1788164551.8557796
events.out.tfevents.1788149260.VCM15.612366.0,train/delta_abs_mean,1630,0.002764713019132614,1788164654.0502956
events.out.tfevents.1788149260.VCM15.612366.0,train/delta_abs_mean,1640,0.004733928479254246,1788164742.7795198
events.out.tfevents.1788149260.VCM15.612366.0,train/delta_abs_mean,1650,0.0023146842140704393,1788164849.331476
events.out.tfevents.1788149260.VCM15.612366.0,train/delta_abs_mean,1660,0.0025645396672189236,1788164941.0676126
events.out.tfevents.1788149260.VCM15.612366.0,train/delta_abs_mean,1670,0.003300611861050129,1788165018.4758298
events.out.tfevents.1788149260.VCM15.612366.0,train/delta_abs_mean,1680,0.001645401120185852,1788165099.3122442
events.out.tfevents.1788149260.VCM15.612366.0,train/delta_abs_mean,1690,0.0020261432509869337,1788165192.42898
events.out.tfevents.1788149260.VCM15.612366.0,train/delta_abs_mean,1700,0.0025619068183004856,1788165285.2511752
events.out.tfevents.1788149260.VCM15.612366.0,train/delta_abs_mean,1710,0.004318978637456894,1788165382.2795296
events.out.tfevents.1788149260.VCM15.612366.0,train/delta_abs_mean,1720,0.002973406109958887,1788165484.1833813
events.out.tfevents.1788149260.VCM15.612366.0,train/feature_alignment_effective_weight,10,0.0010000000474974513,1788149359.6571205
events.out.tfevents.1788149260.VCM15.612366.0,train/feature_alignment_effective_weight,20,0.0020000000949949026,1788149444.6248085
events.out.tfevents.1788149260.VCM15.612366.0,train/feature_alignment_effective_weight,30,0.003000000026077032,1788149546.7192156
events.out.tfevents.1788149260.VCM15.612366.0,train/feature_alignment_effective_weight,40,0.004000000189989805,1788149643.3576748
events.out.tfevents.1788149260.VCM15.612366.0,train/feature_alignment_effective_weight,50,0.004999999888241291,1788149736.008362
events.out.tfevents.1788149260.VCM15.612366.0,train/feature_alignment_effective_weight,60,0.006000000052154064,1788149822.5887945
events.out.tfevents.1788149260.VCM15.612366.0,train/feature_alignment_effective_weight,70,0.007000000216066837,1788149930.1063964
events.out.tfevents.1788149260.VCM15.612366.0,train/feature_alignment_effective_weight,80,0.00800000037997961,1788150017.0771842
events.out.tfevents.1788149260.VCM15.612366.0,train/feature_alignment_effective_weight,90,0.008999999612569809,1788150107.8714497
events.out.tfevents.1788149260.VCM15.612366.0,train/feature_alignment_effective_weight,100,0.009999999776482582,1788150199.810451
events.out.tfevents.1788149260.VCM15.612366.0,train/feature_alignment_effective_weight,110,0.010999999940395355,1788150301.257218
events.out.tfevents.1788149260.VCM15.612366.0,train/feature_alignment_effective_weight,120,0.012000000104308128,1788150402.7802353
events.out.tfevents.1788149260.VCM15.612366.0,train/feature_alignment_effective_weight,130,0.013000000268220901,1788150482.738166
events.out.tfevents.1788149260.VCM15.612366.0,train/feature_alignment_effective_weight,140,0.014000000432133675,1788150583.6523905
events.out.tfevents.1788149260.VCM15.612366.0,train/feature_alignment_effective_weight,150,0.014999999664723873,1788150680.0679572
events.out.tfevents.1788149260.VCM15.612366.0,train/feature_alignment_effective_weight,160,0.01600000075995922,1788150781.7843463
events.out.tfevents.1788149260.VCM15.612366.0,train/feature_alignment_effective_weight,170,0.017000000923871994,1788150892.8237338
events.out.tfevents.1788149260.VCM15.612366.0,train/feature_alignment_effective_weight,180,0.017999999225139618,1788150975.1003537
events.out.tfevents.1788149260.VCM15.612366.0,train/feature_alignment_effective_weight,190,0.01899999938905239,1788151052.9865925
events.out.tfevents.1788149260.VCM15.612366.0,train/feature_alignment_effective_weight,200,0.019999999552965164,1788151137.4048743
events.out.tfevents.1788149260.VCM15.612366.0,train/feature_alignment_effective_weight,210,0.020999999716877937,1788151229.0745542
events.out.tfevents.1788149260.VCM15.612366.0,train/feature_alignment_effective_weight,220,0.02199999988079071,1788151323.4932022
events.out.tfevents.1788149260.VCM15.612366.0,train/feature_alignment_effective_weight,230,0.023000000044703484,1788151427.593006
events.out.tfevents.1788149260.VCM15.612366.0,train/feature_alignment_effective_weight,240,0.024000000208616257,1788151527.0761757
events.out.tfevents.1788149260.VCM15.612366.0,train/feature_alignment_effective_weight,250,0.02500000037252903,1788151611.4759233
events.out.tfevents.1788149260.VCM15.612366.0,train/feature_alignment_effective_weight,260,0.026000000536441803,1788151684.8256412
events.out.tfevents.1788149260.VCM15.612366.0,train/feature_alignment_effective_weight,270,0.027000000700354576,1788151780.159154
events.out.tfevents.1788149260.VCM15.612366.0,train/feature_alignment_effective_weight,280,0.02800000086426735,1788151878.7078006
events.out.tfevents.1788149260.VCM15.612366.0,train/feature_alignment_effective_weight,290,0.028999999165534973,1788151965.4585693
events.out.tfevents.1788149260.VCM15.612366.0,train/feature_alignment_effective_weight,300,0.029999999329447746,1788152044.4998796
events.out.tfevents.1788149260.VCM15.612366.0,train/feature_alignment_effective_weight,310,0.03099999949336052,1788152141.2979019
events.out.tfevents.1788149260.VCM15.612366.0,train/feature_alignment_effective_weight,320,0.03200000151991844,1788152233.9183996
events.out.tfevents.1788149260.VCM15.612366.0,train/feature_alignment_effective_weight,330,0.032999999821186066,1788152340.9140675
events.out.tfevents.1788149260.VCM15.612366.0,train/feature_alignment_effective_weight,340,0.03400000184774399,1788152434.7009993
events.out.tfevents.1788149260.VCM15.612366.0,train/feature_alignment_effective_weight,350,0.03500000014901161,1788152531.8704002
events.out.tfevents.1788149260.VCM15.612366.0,train/feature_alignment_effective_weight,360,0.035999998450279236,1788152617.2743397
events.out.tfevents.1788149260.VCM15.612366.0,train/feature_alignment_effective_weight,370,0.03700000047683716,1788152709.0039349
events.out.tfevents.1788149260.VCM15.612366.0,train/feature_alignment_effective_weight,380,0.03799999877810478,1788152807.9747815
events.out.tfevents.1788149260.VCM15.612366.0,train/feature_alignment_effective_weight,390,0.039000000804662704,1788152886.0949924
events.out.tfevents.1788149260.VCM15.612366.0,train/feature_alignment_effective_weight,400,0.03999999910593033,1788153004.0439084
events.out.tfevents.1788149260.VCM15.612366.0,train/feature_alignment_effective_weight,410,0.04100000113248825,1788153096.6878514
events.out.tfevents.1788149260.VCM15.612366.0,train/feature_alignment_effective_weight,420,0.041999999433755875,1788153200.2709877
events.out.tfevents.1788149260.VCM15.612366.0,train/feature_alignment_effective_weight,430,0.0430000014603138,1788153279.655052
events.out.tfevents.1788149260.VCM15.612366.0,train/feature_alignment_effective_weight,440,0.04399999976158142,1788153358.7877
events.out.tfevents.1788149260.VCM15.612366.0,train/feature_alignment_effective_weight,450,0.04500000178813934,1788153452.89738
events.out.tfevents.1788149260.VCM15.612366.0,train/feature_alignment_effective_weight,460,0.04600000008940697,1788153546.5980537
events.out.tfevents.1788149260.VCM15.612366.0,train/feature_alignment_effective_weight,470,0.04699999839067459,1788153635.5202017
events.out.tfevents.1788149260.VCM15.612366.0,train/feature_alignment_effective_weight,480,0.04800000041723251,1788153721.5919352
events.out.tfevents.1788149260.VCM15.612366.0,train/feature_alignment_effective_weight,490,0.04899999871850014,1788153812.6327317
events.out.tfevents.1788149260.VCM15.612366.0,train/feature_alignment_effective_weight,500,0.05000000074505806,1788153910.6161318
events.out.tfevents.1788149260.VCM15.612366.0,train/feature_alignment_effective_weight,510,0.05000000074505806,1788154000.3621612
events.out.tfevents.1788149260.VCM15.612366.0,train/feature_alignment_effective_weight,520,0.05000000074505806,1788154091.8287141
events.out.tfevents.1788149260.VCM15.612366.0,train/feature_alignment_effective_weight,530,0.05000000074505806,1788154197.0300493
events.out.tfevents.1788149260.VCM15.612366.0,train/feature_alignment_effective_weight,540,0.05000000074505806,1788154293.8776076
events.out.tfevents.1788149260.VCM15.612366.0,train/feature_alignment_effective_weight,550,0.05000000074505806,1788154391.903069
events.out.tfevents.1788149260.VCM15.612366.0,train/feature_alignment_effective_weight,560,0.05000000074505806,1788154471.797176
events.out.tfevents.1788149260.VCM15.612366.0,train/feature_alignment_effective_weight,570,0.05000000074505806,1788154559.821594
events.out.tfevents.1788149260.VCM15.612366.0,train/feature_alignment_effective_weight,580,0.05000000074505806,1788154652.9152565
events.out.tfevents.1788149260.VCM15.612366.0,train/feature_alignment_effective_weight,590,0.05000000074505806,1788154759.8395069
events.out.tfevents.1788149260.VCM15.612366.0,train/feature_alignment_effective_weight,600,0.05000000074505806,1788154850.223279
events.out.tfevents.1788149260.VCM15.612366.0,train/feature_alignment_effective_weight,610,0.05000000074505806,1788154936.1705823
events.out.tfevents.1788149260.VCM15.612366.0,train/feature_alignment_effective_weight,620,0.05000000074505806,1788155017.3807173
events.out.tfevents.1788149260.VCM15.612366.0,train/feature_alignment_effective_weight,630,0.05000000074505806,1788155103.9722178
events.out.tfevents.1788149260.VCM15.612366.0,train/feature_alignment_effective_weight,640,0.05000000074505806,1788155203.6988974
events.out.tfevents.1788149260.VCM15.612366.0,train/feature_alignment_effective_weight,650,0.05000000074505806,1788155284.9525392
events.out.tfevents.1788149260.VCM15.612366.0,train/feature_alignment_effective_weight,660,0.05000000074505806,1788155406.1293008
events.out.tfevents.1788149260.VCM15.612366.0,train/feature_alignment_effective_weight,670,0.05000000074505806,1788155500.0052214
events.out.tfevents.1788149260.VCM15.612366.0,train/feature_alignment_effective_weight,680,0.05000000074505806,1788155596.430291
events.out.tfevents.1788149260.VCM15.612366.0,train/feature_alignment_effective_weight,690,0.05000000074505806,1788155682.6882749
events.out.tfevents.1788149260.VCM15.612366.0,train/feature_alignment_effective_weight,700,0.05000000074505806,1788155773.2751284
events.out.tfevents.1788149260.VCM15.612366.0,train/feature_alignment_effective_weight,710,0.05000000074505806,1788155870.8563101
events.out.tfevents.1788149260.VCM15.612366.0,train/feature_alignment_effective_weight,720,0.05000000074505806,1788155970.2155597
events.out.tfevents.1788149260.VCM15.612366.0,train/feature_alignment_effective_weight,730,0.05000000074505806,1788156072.5784345
events.out.tfevents.1788149260.VCM15.612366.0,train/feature_alignment_effective_weight,740,0.05000000074505806,1788156155.2387736
events.out.tfevents.1788149260.VCM15.612366.0,train/feature_alignment_effective_weight,750,0.05000000074505806,1788156249.5564792
events.out.tfevents.1788149260.VCM15.612366.0,train/feature_alignment_effective_weight,760,0.05000000074505806,1788156351.075864
events.out.tfevents.1788149260.VCM15.612366.0,train/feature_alignment_effective_weight,770,0.05000000074505806,1788156448.5692484
events.out.tfevents.1788149260.VCM15.612366.0,train/feature_alignment_effective_weight,780,0.05000000074505806,1788156535.9744751
events.out.tfevents.1788149260.VCM15.612366.0,train/feature_alignment_effective_weight,790,0.05000000074505806,1788156639.7467318
events.out.tfevents.1788149260.VCM15.612366.0,train/feature_alignment_effective_weight,800,0.05000000074505806,1788156748.4585252
events.out.tfevents.1788149260.VCM15.612366.0,train/feature_alignment_effective_weight,810,0.05000000074505806,1788156844.5316217
events.out.tfevents.1788149260.VCM15.612366.0,train/feature_alignment_effective_weight,820,0.05000000074505806,1788156948.2617826
events.out.tfevents.1788149260.VCM15.612366.0,train/feature_alignment_effective_weight,830,0.05000000074505806,1788157040.3847423
events.out.tfevents.1788149260.VCM15.612366.0,train/feature_alignment_effective_weight,840,0.05000000074505806,1788157134.4908967
events.out.tfevents.1788149260.VCM15.612366.0,train/feature_alignment_effective_weight,850,0.05000000074505806,1788157241.5556257
events.out.tfevents.1788149260.VCM15.612366.0,train/feature_alignment_effective_weight,860,0.05000000074505806,1788157332.5180044
events.out.tfevents.1788149260.VCM15.612366.0,train/feature_alignment_effective_weight,870,0.05000000074505806,1788157437.3431304
events.out.tfevents.1788149260.VCM15.612366.0,train/feature_alignment_effective_weight,880,0.05000000074505806,1788157517.9745843
events.out.tfevents.1788149260.VCM15.612366.0,train/feature_alignment_effective_weight,890,0.05000000074505806,1788157629.6283762
events.out.tfevents.1788149260.VCM15.612366.0,train/feature_alignment_effective_weight,900,0.05000000074505806,1788157725.418113
events.out.tfevents.1788149260.VCM15.612366.0,train/feature_alignment_effective_weight,910,0.05000000074505806,1788157821.8975945
events.out.tfevents.1788149260.VCM15.612366.0,train/feature_alignment_effective_weight,920,0.05000000074505806,1788157920.7350886
events.out.tfevents.1788149260.VCM15.612366.0,train/feature_alignment_effective_weight,930,0.05000000074505806,1788158024.3820896
events.out.tfevents.1788149260.VCM15.612366.0,train/feature_alignment_effective_weight,940,0.05000000074505806,1788158122.639971
events.out.tfevents.1788149260.VCM15.612366.0,train/feature_alignment_effective_weight,950,0.05000000074505806,1788158212.0792294
events.out.tfevents.1788149260.VCM15.612366.0,train/feature_alignment_effective_weight,960,0.05000000074505806,1788158306.647161
events.out.tfevents.1788149260.VCM15.612366.0,train/feature_alignment_effective_weight,970,0.05000000074505806,1788158406.3140872
events.out.tfevents.1788149260.VCM15.612366.0,train/feature_alignment_effective_weight,980,0.05000000074505806,1788158511.4222567
events.out.tfevents.1788149260.VCM15.612366.0,train/feature_alignment_effective_weight,990,0.05000000074505806,1788158600.7583058
events.out.tfevents.1788149260.VCM15.612366.0,train/feature_alignment_effective_weight,1000,0.05000000074505806,1788158694.9802072
events.out.tfevents.1788149260.VCM15.612366.0,train/feature_alignment_effective_weight,1010,0.05000000074505806,1788158800.5614433
events.out.tfevents.1788149260.VCM15.612366.0,train/feature_alignment_effective_weight,1020,0.05000000074505806,1788158882.8939312
events.out.tfevents.1788149260.VCM15.612366.0,train/feature_alignment_effective_weight,1030,0.05000000074505806,1788158962.99134
events.out.tfevents.1788149260.VCM15.612366.0,train/feature_alignment_effective_weight,1040,0.05000000074505806,1788159050.8205645
events.out.tfevents.1788149260.VCM15.612366.0,train/feature_alignment_effective_weight,1050,0.05000000074505806,1788159165.2144425
events.out.tfevents.1788149260.VCM15.612366.0,train/feature_alignment_effective_weight,1060,0.05000000074505806,1788159264.2773678
events.out.tfevents.1788149260.VCM15.612366.0,train/feature_alignment_effective_weight,1070,0.05000000074505806,1788159349.56035
events.out.tfevents.1788149260.VCM15.612366.0,train/feature_alignment_effective_weight,1080,0.05000000074505806,1788159432.0794747
events.out.tfevents.1788149260.VCM15.612366.0,train/feature_alignment_effective_weight,1090,0.05000000074505806,1788159534.462044
events.out.tfevents.1788149260.VCM15.612366.0,train/feature_alignment_effective_weight,1100,0.05000000074505806,1788159626.4291582
events.out.tfevents.1788149260.VCM15.612366.0,train/feature_alignment_effective_weight,1110,0.05000000074505806,1788159720.21894
events.out.tfevents.1788149260.VCM15.612366.0,train/feature_alignment_effective_weight,1120,0.05000000074505806,1788159823.0015512
events.out.tfevents.1788149260.VCM15.612366.0,train/feature_alignment_effective_weight,1130,0.05000000074505806,1788159894.3242078
events.out.tfevents.1788149260.VCM15.612366.0,train/feature_alignment_effective_weight,1140,0.05000000074505806,1788159980.222778
events.out.tfevents.1788149260.VCM15.612366.0,train/feature_alignment_effective_weight,1150,0.05000000074505806,1788160072.7633398
events.out.tfevents.1788149260.VCM15.612366.0,train/feature_alignment_effective_weight,1160,0.05000000074505806,1788160180.748824
events.out.tfevents.1788149260.VCM15.612366.0,train/feature_alignment_effective_weight,1170,0.05000000074505806,1788160274.5542583
events.out.tfevents.1788149260.VCM15.612366.0,train/feature_alignment_effective_weight,1180,0.05000000074505806,1788160383.9063551
events.out.tfevents.1788149260.VCM15.612366.0,train/feature_alignment_effective_weight,1190,0.05000000074505806,1788160478.8601785
events.out.tfevents.1788149260.VCM15.612366.0,train/feature_alignment_effective_weight,1200,0.05000000074505806,1788160563.2503483
events.out.tfevents.1788149260.VCM15.612366.0,train/feature_alignment_effective_weight,1210,0.05000000074505806,1788160667.4328153
events.out.tfevents.1788149260.VCM15.612366.0,train/feature_alignment_effective_weight,1220,0.05000000074505806,1788160772.5347738
events.out.tfevents.1788149260.VCM15.612366.0,train/feature_alignment_effective_weight,1230,0.05000000074505806,1788160868.2146573
events.out.tfevents.1788149260.VCM15.612366.0,train/feature_alignment_effective_weight,1240,0.05000000074505806,1788160964.5664167
events.out.tfevents.1788149260.VCM15.612366.0,train/feature_alignment_effective_weight,1250,0.05000000074505806,1788161060.3061807
events.out.tfevents.1788149260.VCM15.612366.0,train/feature_alignment_effective_weight,1260,0.05000000074505806,1788161152.514616
events.out.tfevents.1788149260.VCM15.612366.0,train/feature_alignment_effective_weight,1270,0.05000000074505806,1788161248.3694026
events.out.tfevents.1788149260.VCM15.612366.0,train/feature_alignment_effective_weight,1280,0.05000000074505806,1788161338.4173787
events.out.tfevents.1788149260.VCM15.612366.0,train/feature_alignment_effective_weight,1290,0.05000000074505806,1788161439.2884376
events.out.tfevents.1788149260.VCM15.612366.0,train/feature_alignment_effective_weight,1300,0.05000000074505806,1788161525.2879128
events.out.tfevents.1788149260.VCM15.612366.0,train/feature_alignment_effective_weight,1310,0.05000000074505806,1788161631.8140733
events.out.tfevents.1788149260.VCM15.612366.0,train/feature_alignment_effective_weight,1320,0.05000000074505806,1788161729.7945337
events.out.tfevents.1788149260.VCM15.612366.0,train/feature_alignment_effective_weight,1330,0.05000000074505806,1788161817.0010622
events.out.tfevents.1788149260.VCM15.612366.0,train/feature_alignment_effective_weight,1340,0.05000000074505806,1788161901.602572
events.out.tfevents.1788149260.VCM15.612366.0,train/feature_alignment_effective_weight,1350,0.05000000074505806,1788161995.3433766
events.out.tfevents.1788149260.VCM15.612366.0,train/feature_alignment_effective_weight,1360,0.05000000074505806,1788162100.3403568
events.out.tfevents.1788149260.VCM15.612366.0,train/feature_alignment_effective_weight,1370,0.05000000074505806,1788162185.9340875
events.out.tfevents.1788149260.VCM15.612366.0,train/feature_alignment_effective_weight,1380,0.05000000074505806,1788162278.2714097
events.out.tfevents.1788149260.VCM15.612366.0,train/feature_alignment_effective_weight,1390,0.05000000074505806,1788162368.763316
events.out.tfevents.1788149260.VCM15.612366.0,train/feature_alignment_effective_weight,1400,0.05000000074505806,1788162454.5675857
events.out.tfevents.1788149260.VCM15.612366.0,train/feature_alignment_effective_weight,1410,0.05000000074505806,1788162570.9511173
events.out.tfevents.1788149260.VCM15.612366.0,train/feature_alignment_effective_weight,1420,0.05000000074505806,1788162670.9680707
events.out.tfevents.1788149260.VCM15.612366.0,train/feature_alignment_effective_weight,1430,0.05000000074505806,1788162749.585269
events.out.tfevents.1788149260.VCM15.612366.0,train/feature_alignment_effective_weight,1440,0.05000000074505806,1788162861.4188983
events.out.tfevents.1788149260.VCM15.612366.0,train/feature_alignment_effective_weight,1450,0.05000000074505806,1788162946.077995
events.out.tfevents.1788149260.VCM15.612366.0,train/feature_alignment_effective_weight,1460,0.05000000074505806,1788163040.5921693
events.out.tfevents.1788149260.VCM15.612366.0,train/feature_alignment_effective_weight,1470,0.05000000074505806,1788163142.966118
events.out.tfevents.1788149260.VCM15.612366.0,train/feature_alignment_effective_weight,1480,0.05000000074505806,1788163230.4408772
events.out.tfevents.1788149260.VCM15.612366.0,train/feature_alignment_effective_weight,1490,0.05000000074505806,1788163333.2738163
events.out.tfevents.1788149260.VCM15.612366.0,train/feature_alignment_effective_weight,1500,0.05000000074505806,1788163424.1499414
events.out.tfevents.1788149260.VCM15.612366.0,train/feature_alignment_effective_weight,1510,0.05000000074505806,1788163534.5296638
events.out.tfevents.1788149260.VCM15.612366.0,train/feature_alignment_effective_weight,1520,0.05000000074505806,1788163640.3770487
events.out.tfevents.1788149260.VCM15.612366.0,train/feature_alignment_effective_weight,1530,0.05000000074505806,1788163720.7686648
events.out.tfevents.1788149260.VCM15.612366.0,train/feature_alignment_effective_weight,1540,0.05000000074505806,1788163795.6399746
events.out.tfevents.1788149260.VCM15.612366.0,train/feature_alignment_effective_weight,1550,0.05000000074505806,1788163879.2640018
events.out.tfevents.1788149260.VCM15.612366.0,train/feature_alignment_effective_weight,1560,0.05000000074505806,1788163980.6116478
events.out.tfevents.1788149260.VCM15.612366.0,train/feature_alignment_effective_weight,1570,0.05000000074505806,1788164085.5879493
events.out.tfevents.1788149260.VCM15.612366.0,train/feature_alignment_effective_weight,1580,0.05000000074505806,1788164169.4612448
events.out.tfevents.1788149260.VCM15.612366.0,train/feature_alignment_effective_weight,1590,0.05000000074505806,1788164279.9991179
events.out.tfevents.1788149260.VCM15.612366.0,train/feature_alignment_effective_weight,1600,0.05000000074505806,1788164386.8207939
events.out.tfevents.1788149260.VCM15.612366.0,train/feature_alignment_effective_weight,1610,0.05000000074505806,1788164466.1032896
events.out.tfevents.1788149260.VCM15.612366.0,train/feature_alignment_effective_weight,1620,0.05000000074505806,1788164551.8573973
events.out.tfevents.1788149260.VCM15.612366.0,train/feature_alignment_effective_weight,1630,0.05000000074505806,1788164654.051743
events.out.tfevents.1788149260.VCM15.612366.0,train/feature_alignment_effective_weight,1640,0.05000000074505806,1788164742.7808359
events.out.tfevents.1788149260.VCM15.612366.0,train/feature_alignment_effective_weight,1650,0.05000000074505806,1788164849.3328397
events.out.tfevents.1788149260.VCM15.612366.0,train/feature_alignment_effective_weight,1660,0.05000000074505806,1788164941.069276
events.out.tfevents.1788149260.VCM15.612366.0,train/feature_alignment_effective_weight,1670,0.05000000074505806,1788165018.4770904
events.out.tfevents.1788149260.VCM15.612366.0,train/feature_alignment_effective_weight,1680,0.05000000074505806,1788165099.3140666
events.out.tfevents.1788149260.VCM15.612366.0,train/feature_alignment_effective_weight,1690,0.05000000074505806,1788165192.4305997
events.out.tfevents.1788149260.VCM15.612366.0,train/feature_alignment_effective_weight,1700,0.05000000074505806,1788165285.2528112
events.out.tfevents.1788149260.VCM15.612366.0,train/feature_alignment_effective_weight,1710,0.05000000074505806,1788165382.2810552
events.out.tfevents.1788149260.VCM15.612366.0,train/feature_alignment_effective_weight,1720,0.05000000074505806,1788165484.1847026
events.out.tfevents.1788149260.VCM15.612366.0,train/feature_confidence_mean,10,0.9953147172927856,1788149359.6568732
events.out.tfevents.1788149260.VCM15.612366.0,train/feature_confidence_mean,20,0.9981417655944824,1788149444.6246681
events.out.tfevents.1788149260.VCM15.612366.0,train/feature_confidence_mean,30,0.9974263906478882,1788149546.7191727
events.out.tfevents.1788149260.VCM15.612366.0,train/feature_confidence_mean,40,0.9982227087020874,1788149643.3575337
events.out.tfevents.1788149260.VCM15.612366.0,train/feature_confidence_mean,50,0.9980868697166443,1788149736.0082214
events.out.tfevents.1788149260.VCM15.612366.0,train/feature_confidence_mean,60,0.9985149502754211,1788149822.5886533
events.out.tfevents.1788149260.VCM15.612366.0,train/feature_confidence_mean,70,0.9960789680480957,1788149930.1062365
events.out.tfevents.1788149260.VCM15.612366.0,train/feature_confidence_mean,80,0.9987832903862,1788150017.077026
events.out.tfevents.1788149260.VCM15.612366.0,train/feature_confidence_mean,90,0.9949485063552856,1788150107.8713
events.out.tfevents.1788149260.VCM15.612366.0,train/feature_confidence_mean,100,0.9971914291381836,1788150199.810325
events.out.tfevents.1788149260.VCM15.612366.0,train/feature_confidence_mean,110,0.9983295202255249,1788150301.2570467
events.out.tfevents.1788149260.VCM15.612366.0,train/feature_confidence_mean,120,0.9928289651870728,1788150402.780073
events.out.tfevents.1788149260.VCM15.612366.0,train/feature_confidence_mean,130,0.9961700439453125,1788150482.7380123
events.out.tfevents.1788149260.VCM15.612366.0,train/feature_confidence_mean,140,0.9970618486404419,1788150583.652225
events.out.tfevents.1788149260.VCM15.612366.0,train/feature_confidence_mean,150,0.9936195611953735,1788150680.067817
events.out.tfevents.1788149260.VCM15.612366.0,train/feature_confidence_mean,160,0.9962420463562012,1788150781.7842047
events.out.tfevents.1788149260.VCM15.612366.0,train/feature_confidence_mean,170,0.9945452213287354,1788150892.8235688
events.out.tfevents.1788149260.VCM15.612366.0,train/feature_confidence_mean,180,0.9963761568069458,1788150975.1001866
events.out.tfevents.1788149260.VCM15.612366.0,train/feature_confidence_mean,190,0.9923908114433289,1788151052.9864445
events.out.tfevents.1788149260.VCM15.612366.0,train/feature_confidence_mean,200,0.9938175082206726,1788151137.4046545
events.out.tfevents.1788149260.VCM15.612366.0,train/feature_confidence_mean,210,0.9978080987930298,1788151229.0745256
events.out.tfevents.1788149260.VCM15.612366.0,train/feature_confidence_mean,220,0.9957314729690552,1788151323.493038
events.out.tfevents.1788149260.VCM15.612366.0,train/feature_confidence_mean,230,0.9953099489212036,1788151427.5928538
events.out.tfevents.1788149260.VCM15.612366.0,train/feature_confidence_mean,240,0.9953469038009644,1788151527.0760372
events.out.tfevents.1788149260.VCM15.612366.0,train/feature_confidence_mean,250,0.9861663579940796,1788151611.4757843
events.out.tfevents.1788149260.VCM15.612366.0,train/feature_confidence_mean,260,0.997065544128418,1788151684.8255
events.out.tfevents.1788149260.VCM15.612366.0,train/feature_confidence_mean,270,0.9966169595718384,1788151780.1590261
events.out.tfevents.1788149260.VCM15.612366.0,train/feature_confidence_mean,280,0.9986446499824524,1788151878.7076392
events.out.tfevents.1788149260.VCM15.612366.0,train/feature_confidence_mean,290,0.9888885021209717,1788151965.458428
events.out.tfevents.1788149260.VCM15.612366.0,train/feature_confidence_mean,300,0.9923926591873169,1788152044.4997659
events.out.tfevents.1788149260.VCM15.612366.0,train/feature_confidence_mean,310,0.9940083026885986,1788152141.297614
events.out.tfevents.1788149260.VCM15.612366.0,train/feature_confidence_mean,320,0.994314432144165,1788152233.918233
events.out.tfevents.1788149260.VCM15.612366.0,train/feature_confidence_mean,330,0.9955404996871948,1788152340.9139128
events.out.tfevents.1788149260.VCM15.612366.0,train/feature_confidence_mean,340,0.9967671632766724,1788152434.7008395
events.out.tfevents.1788149260.VCM15.612366.0,train/feature_confidence_mean,350,0.990219235420227,1788152531.870259
events.out.tfevents.1788149260.VCM15.612366.0,train/feature_confidence_mean,360,0.9954787492752075,1788152617.2741907
events.out.tfevents.1788149260.VCM15.612366.0,train/feature_confidence_mean,370,0.9934344291687012,1788152709.0037951
events.out.tfevents.1788149260.VCM15.612366.0,train/feature_confidence_mean,380,0.9982178807258606,1788152807.974642
events.out.tfevents.1788149260.VCM15.612366.0,train/feature_confidence_mean,390,0.9904336929321289,1788152886.0948296
events.out.tfevents.1788149260.VCM15.612366.0,train/feature_confidence_mean,400,0.993698000907898,1788153004.0437655
events.out.tfevents.1788149260.VCM15.612366.0,train/feature_confidence_mean,410,0.9964608550071716,1788153096.6876838
events.out.tfevents.1788149260.VCM15.612366.0,train/feature_confidence_mean,420,0.9963665008544922,1788153200.2708297
events.out.tfevents.1788149260.VCM15.612366.0,train/feature_confidence_mean,430,0.9983222484588623,1788153279.6548836
events.out.tfevents.1788149260.VCM15.612366.0,train/feature_confidence_mean,440,0.9936895370483398,1788153358.7875435
events.out.tfevents.1788149260.VCM15.612366.0,train/feature_confidence_mean,450,0.9954635500907898,1788153452.8972864
events.out.tfevents.1788149260.VCM15.612366.0,train/feature_confidence_mean,460,0.9901236891746521,1788153546.5978491
events.out.tfevents.1788149260.VCM15.612366.0,train/feature_confidence_mean,470,0.9969406127929688,1788153635.5199935
events.out.tfevents.1788149260.VCM15.612366.0,train/feature_confidence_mean,480,0.9935031533241272,1788153721.5917656
events.out.tfevents.1788149260.VCM15.612366.0,train/feature_confidence_mean,490,0.9959425926208496,1788153812.63255
events.out.tfevents.1788149260.VCM15.612366.0,train/feature_confidence_mean,500,0.9903128147125244,1788153910.6159875
events.out.tfevents.1788149260.VCM15.612366.0,train/feature_confidence_mean,510,0.9953904151916504,1788154000.3619883
events.out.tfevents.1788149260.VCM15.612366.0,train/feature_confidence_mean,520,0.9932634830474854,1788154091.8285315
events.out.tfevents.1788149260.VCM15.612366.0,train/feature_confidence_mean,530,0.9903985261917114,1788154197.0299315
events.out.tfevents.1788149260.VCM15.612366.0,train/feature_confidence_mean,540,0.9891310930252075,1788154293.877436
events.out.tfevents.1788149260.VCM15.612366.0,train/feature_confidence_mean,550,0.9885513782501221,1788154391.9029188
events.out.tfevents.1788149260.VCM15.612366.0,train/feature_confidence_mean,560,0.9930410981178284,1788154471.7970157
events.out.tfevents.1788149260.VCM15.612366.0,train/feature_confidence_mean,570,0.991429328918457,1788154559.8214526
events.out.tfevents.1788149260.VCM15.612366.0,train/feature_confidence_mean,580,0.9949173927307129,1788154652.9150908
events.out.tfevents.1788149260.VCM15.612366.0,train/feature_confidence_mean,590,0.9874558448791504,1788154759.8393576
events.out.tfevents.1788149260.VCM15.612366.0,train/feature_confidence_mean,600,0.9944627285003662,1788154850.2230554
events.out.tfevents.1788149260.VCM15.612366.0,train/feature_confidence_mean,610,0.9921598434448242,1788154936.1704903
events.out.tfevents.1788149260.VCM15.612366.0,train/feature_confidence_mean,620,0.9935182332992554,1788155017.38057
events.out.tfevents.1788149260.VCM15.612366.0,train/feature_confidence_mean,630,0.9922423958778381,1788155103.9720743
events.out.tfevents.1788149260.VCM15.612366.0,train/feature_confidence_mean,640,0.996221125125885,1788155203.698753
events.out.tfevents.1788149260.VCM15.612366.0,train/feature_confidence_mean,650,0.9928215742111206,1788155284.9523869
events.out.tfevents.1788149260.VCM15.612366.0,train/feature_confidence_mean,660,0.9981362819671631,1788155406.1291544
events.out.tfevents.1788149260.VCM15.612366.0,train/feature_confidence_mean,670,0.9974178671836853,1788155500.005076
events.out.tfevents.1788149260.VCM15.612366.0,train/feature_confidence_mean,680,0.9979086518287659,1788155596.4301472
events.out.tfevents.1788149260.VCM15.612366.0,train/feature_confidence_mean,690,0.9970098733901978,1788155682.688132
events.out.tfevents.1788149260.VCM15.612366.0,train/feature_confidence_mean,700,0.997347891330719,1788155773.2749617
events.out.tfevents.1788149260.VCM15.612366.0,train/feature_confidence_mean,710,0.9972371459007263,1788155870.856162
events.out.tfevents.1788149260.VCM15.612366.0,train/feature_confidence_mean,720,0.9986542463302612,1788155970.2154477
events.out.tfevents.1788149260.VCM15.612366.0,train/feature_confidence_mean,730,0.9983928203582764,1788156072.5782812
events.out.tfevents.1788149260.VCM15.612366.0,train/feature_confidence_mean,740,0.9943665266036987,1788156155.2386348
events.out.tfevents.1788149260.VCM15.612366.0,train/feature_confidence_mean,750,0.9953281879425049,1788156249.5564613
events.out.tfevents.1788149260.VCM15.612366.0,train/feature_confidence_mean,760,0.9960035681724548,1788156351.0756986
events.out.tfevents.1788149260.VCM15.612366.0,train/feature_confidence_mean,770,0.9979544878005981,1788156448.5690455
events.out.tfevents.1788149260.VCM15.612366.0,train/feature_confidence_mean,780,0.9953334927558899,1788156535.9743285
events.out.tfevents.1788149260.VCM15.612366.0,train/feature_confidence_mean,790,0.9914683103561401,1788156639.746563
events.out.tfevents.1788149260.VCM15.612366.0,train/feature_confidence_mean,800,0.9915976524353027,1788156748.4583828
events.out.tfevents.1788149260.VCM15.612366.0,train/feature_confidence_mean,810,0.9964258670806885,1788156844.5314078
events.out.tfevents.1788149260.VCM15.612366.0,train/feature_confidence_mean,820,0.9970679879188538,1788156948.2615466
events.out.tfevents.1788149260.VCM15.612366.0,train/feature_confidence_mean,830,0.9965410232543945,1788157040.3845885
events.out.tfevents.1788149260.VCM15.612366.0,train/feature_confidence_mean,840,0.9941093325614929,1788157134.4907296
events.out.tfevents.1788149260.VCM15.612366.0,train/feature_confidence_mean,850,0.9975216388702393,1788157241.5554416
events.out.tfevents.1788149260.VCM15.612366.0,train/feature_confidence_mean,860,0.997329831123352,1788157332.5178325
events.out.tfevents.1788149260.VCM15.612366.0,train/feature_confidence_mean,870,0.9960551261901855,1788157437.3429542
events.out.tfevents.1788149260.VCM15.612366.0,train/feature_confidence_mean,880,0.9956031441688538,1788157517.9744403
events.out.tfevents.1788149260.VCM15.612366.0,train/feature_confidence_mean,890,0.9978585243225098,1788157629.628204
events.out.tfevents.1788149260.VCM15.612366.0,train/feature_confidence_mean,900,0.9991361498832703,1788157725.4179425
events.out.tfevents.1788149260.VCM15.612366.0,train/feature_confidence_mean,910,0.9933575391769409,1788157821.8974218
events.out.tfevents.1788149260.VCM15.612366.0,train/feature_confidence_mean,920,0.9968336820602417,1788157920.7349887
events.out.tfevents.1788149260.VCM15.612366.0,train/feature_confidence_mean,930,0.9887682795524597,1788158024.3819315
events.out.tfevents.1788149260.VCM15.612366.0,train/feature_confidence_mean,940,0.997964084148407,1788158122.6398022
events.out.tfevents.1788149260.VCM15.612366.0,train/feature_confidence_mean,950,0.9953652620315552,1788158212.079072
events.out.tfevents.1788149260.VCM15.612366.0,train/feature_confidence_mean,960,0.9955887198448181,1788158306.646952
events.out.tfevents.1788149260.VCM15.612366.0,train/feature_confidence_mean,970,0.9973346590995789,1788158406.314041
events.out.tfevents.1788149260.VCM15.612366.0,train/feature_confidence_mean,980,0.9939795732498169,1788158511.422119
events.out.tfevents.1788149260.VCM15.612366.0,train/feature_confidence_mean,990,0.9937059283256531,1788158600.7581606
events.out.tfevents.1788149260.VCM15.612366.0,train/feature_confidence_mean,1000,0.9949735403060913,1788158694.9800267
events.out.tfevents.1788149260.VCM15.612366.0,train/feature_confidence_mean,1010,0.9943329095840454,1788158800.5612729
events.out.tfevents.1788149260.VCM15.612366.0,train/feature_confidence_mean,1020,0.9892659783363342,1788158882.8937626
events.out.tfevents.1788149260.VCM15.612366.0,train/feature_confidence_mean,1030,0.9925912618637085,1788158962.9911733
events.out.tfevents.1788149260.VCM15.612366.0,train/feature_confidence_mean,1040,0.9990809559822083,1788159050.8204057
events.out.tfevents.1788149260.VCM15.612366.0,train/feature_confidence_mean,1050,0.996731698513031,1788159165.2142737
events.out.tfevents.1788149260.VCM15.612366.0,train/feature_confidence_mean,1060,0.9933032989501953,1788159264.277198
events.out.tfevents.1788149260.VCM15.612366.0,train/feature_confidence_mean,1070,0.9973024129867554,1788159349.560194
events.out.tfevents.1788149260.VCM15.612366.0,train/feature_confidence_mean,1080,0.9987038373947144,1788159432.079268
events.out.tfevents.1788149260.VCM15.612366.0,train/feature_confidence_mean,1090,0.9956676959991455,1788159534.4619007
events.out.tfevents.1788149260.VCM15.612366.0,train/feature_confidence_mean,1100,0.9975295066833496,1788159626.4289234
events.out.tfevents.1788149260.VCM15.612366.0,train/feature_confidence_mean,1110,0.9980311393737793,1788159720.21881
events.out.tfevents.1788149260.VCM15.612366.0,train/feature_confidence_mean,1120,0.9955567121505737,1788159823.0014036
events.out.tfevents.1788149260.VCM15.612366.0,train/feature_confidence_mean,1130,0.9957413673400879,1788159894.3241212
events.out.tfevents.1788149260.VCM15.612366.0,train/feature_confidence_mean,1140,0.9960743188858032,1788159980.2226248
events.out.tfevents.1788149260.VCM15.612366.0,train/feature_confidence_mean,1150,0.9937807321548462,1788160072.7631884
events.out.tfevents.1788149260.VCM15.612366.0,train/feature_confidence_mean,1160,0.9951488971710205,1788160180.7487
events.out.tfevents.1788149260.VCM15.612366.0,train/feature_confidence_mean,1170,0.9980278611183167,1788160274.5541143
events.out.tfevents.1788149260.VCM15.612366.0,train/feature_confidence_mean,1180,0.9970308542251587,1788160383.906251
events.out.tfevents.1788149260.VCM15.612366.0,train/feature_confidence_mean,1190,0.9928538203239441,1788160478.8600545
events.out.tfevents.1788149260.VCM15.612366.0,train/feature_confidence_mean,1200,0.9963940382003784,1788160563.2501938
events.out.tfevents.1788149260.VCM15.612366.0,train/feature_confidence_mean,1210,0.9978121519088745,1788160667.432608
events.out.tfevents.1788149260.VCM15.612366.0,train/feature_confidence_mean,1220,0.9952349066734314,1788160772.5345109
events.out.tfevents.1788149260.VCM15.612366.0,train/feature_confidence_mean,1230,0.9992918968200684,1788160868.2144895
events.out.tfevents.1788149260.VCM15.612366.0,train/feature_confidence_mean,1240,0.9948155879974365,1788160964.56625
events.out.tfevents.1788149260.VCM15.612366.0,train/feature_confidence_mean,1250,0.9958344101905823,1788161060.3060353
events.out.tfevents.1788149260.VCM15.612366.0,train/feature_confidence_mean,1260,0.9894129037857056,1788161152.5144982
events.out.tfevents.1788149260.VCM15.612366.0,train/feature_confidence_mean,1270,0.9982156753540039,1788161248.3692973
events.out.tfevents.1788149260.VCM15.612366.0,train/feature_confidence_mean,1280,0.9924939274787903,1788161338.4172866
events.out.tfevents.1788149260.VCM15.612366.0,train/feature_confidence_mean,1290,0.995090901851654,1788161439.288203
events.out.tfevents.1788149260.VCM15.612366.0,train/feature_confidence_mean,1300,0.9967742562294006,1788161525.2877877
events.out.tfevents.1788149260.VCM15.612366.0,train/feature_confidence_mean,1310,0.9950716495513916,1788161631.8139298
events.out.tfevents.1788149260.VCM15.612366.0,train/feature_confidence_mean,1320,0.9976685643196106,1788161729.7943885
events.out.tfevents.1788149260.VCM15.612366.0,train/feature_confidence_mean,1330,0.9861946105957031,1788161817.0008595
events.out.tfevents.1788149260.VCM15.612366.0,train/feature_confidence_mean,1340,0.9888441562652588,1788161901.6023655
events.out.tfevents.1788149260.VCM15.612366.0,train/feature_confidence_mean,1350,0.9945668578147888,1788161995.3432102
events.out.tfevents.1788149260.VCM15.612366.0,train/feature_confidence_mean,1360,0.9932616949081421,1788162100.3402143
events.out.tfevents.1788149260.VCM15.612366.0,train/feature_confidence_mean,1370,0.9887394309043884,1788162185.9339478
events.out.tfevents.1788149260.VCM15.612366.0,train/feature_confidence_mean,1380,0.9898334741592407,1788162278.2712715
events.out.tfevents.1788149260.VCM15.612366.0,train/feature_confidence_mean,1390,0.9965161681175232,1788162368.7631228
events.out.tfevents.1788149260.VCM15.612366.0,train/feature_confidence_mean,1400,0.988646924495697,1788162454.5674412
events.out.tfevents.1788149260.VCM15.612366.0,train/feature_confidence_mean,1410,0.9953001737594604,1788162570.9509702
events.out.tfevents.1788149260.VCM15.612366.0,train/feature_confidence_mean,1420,0.9893051385879517,1788162670.9679601
events.out.tfevents.1788149260.VCM15.612366.0,train/feature_confidence_mean,1430,0.9918391704559326,1788162749.58512
events.out.tfevents.1788149260.VCM15.612366.0,train/feature_confidence_mean,1440,0.9895226359367371,1788162861.4188077
events.out.tfevents.1788149260.VCM15.612366.0,train/feature_confidence_mean,1450,0.9881062507629395,1788162946.077902
events.out.tfevents.1788149260.VCM15.612366.0,train/feature_confidence_mean,1460,0.9955237507820129,1788163040.5920594
events.out.tfevents.1788149260.VCM15.612366.0,train/feature_confidence_mean,1470,0.9968684911727905,1788163142.966014
events.out.tfevents.1788149260.VCM15.612366.0,train/feature_confidence_mean,1480,0.996160089969635,1788163230.4407709
events.out.tfevents.1788149260.VCM15.612366.0,train/feature_confidence_mean,1490,0.987059473991394,1788163333.2737186
events.out.tfevents.1788149260.VCM15.612366.0,train/feature_confidence_mean,1500,0.9957334995269775,1788163424.1498504
events.out.tfevents.1788149260.VCM15.612366.0,train/feature_confidence_mean,1510,0.9866880178451538,1788163534.5295584
events.out.tfevents.1788149260.VCM15.612366.0,train/feature_confidence_mean,1520,0.9915722608566284,1788163640.3769128
events.out.tfevents.1788149260.VCM15.612366.0,train/feature_confidence_mean,1530,0.995834231376648,1788163720.7685118
events.out.tfevents.1788149260.VCM15.612366.0,train/feature_confidence_mean,1540,0.9920068979263306,1788163795.6398244
events.out.tfevents.1788149260.VCM15.612366.0,train/feature_confidence_mean,1550,0.991361141204834,1788163879.2638402
events.out.tfevents.1788149260.VCM15.612366.0,train/feature_confidence_mean,1560,0.9929854273796082,1788163980.6114957
events.out.tfevents.1788149260.VCM15.612366.0,train/feature_confidence_mean,1570,0.9902469515800476,1788164085.5877814
events.out.tfevents.1788149260.VCM15.612366.0,train/feature_confidence_mean,1580,0.9959532022476196,1788164169.4610949
events.out.tfevents.1788149260.VCM15.612366.0,train/feature_confidence_mean,1590,0.9991132020950317,1788164279.999013
events.out.tfevents.1788149260.VCM15.612366.0,train/feature_confidence_mean,1600,0.9976794123649597,1788164386.8206365
events.out.tfevents.1788149260.VCM15.612366.0,train/feature_confidence_mean,1610,0.9963110089302063,1788164466.1031227
events.out.tfevents.1788149260.VCM15.612366.0,train/feature_confidence_mean,1620,0.9914527535438538,1788164551.8572276
events.out.tfevents.1788149260.VCM15.612366.0,train/feature_confidence_mean,1630,0.9872589111328125,1788164654.0516007
events.out.tfevents.1788149260.VCM15.612366.0,train/feature_confidence_mean,1640,0.9949003458023071,1788164742.780694
events.out.tfevents.1788149260.VCM15.612366.0,train/feature_confidence_mean,1650,0.9870947599411011,1788164849.3326914
events.out.tfevents.1788149260.VCM15.612366.0,train/feature_confidence_mean,1660,0.9900849461555481,1788164941.0691326
events.out.tfevents.1788149260.VCM15.612366.0,train/feature_confidence_mean,1670,0.9969674944877625,1788165018.4769258
events.out.tfevents.1788149260.VCM15.612366.0,train/feature_confidence_mean,1680,0.9923907518386841,1788165099.313884
events.out.tfevents.1788149260.VCM15.612366.0,train/feature_confidence_mean,1690,0.9944702386856079,1788165192.430443
events.out.tfevents.1788149260.VCM15.612366.0,train/feature_confidence_mean,1700,0.9964388608932495,1788165285.2526538
events.out.tfevents.1788149260.VCM15.612366.0,train/feature_confidence_mean,1710,0.997694730758667,1788165382.2808661
events.out.tfevents.1788149260.VCM15.612366.0,train/feature_confidence_mean,1720,0.9987872838973999,1788165484.1845555
events.out.tfevents.1788149260.VCM15.612366.0,train/feature_valid_backward,10,0.28834637999534607,1788149359.6567028
events.out.tfevents.1788149260.VCM15.612366.0,train/feature_valid_backward,20,0.15909017622470856,1788149444.6245303
events.out.tfevents.1788149260.VCM15.612366.0,train/feature_valid_backward,30,0.49886882305145264,1788149546.7190216
events.out.tfevents.1788149260.VCM15.612366.0,train/feature_valid_backward,40,0.3390136957168579,1788149643.357391
events.out.tfevents.1788149260.VCM15.612366.0,train/feature_valid_backward,50,0.5176270008087158,1788149736.008081
events.out.tfevents.1788149260.VCM15.612366.0,train/feature_valid_backward,60,0.6765625476837158,1788149822.5885105
events.out.tfevents.1788149260.VCM15.612366.0,train/feature_valid_backward,70,0.7252278923988342,1788149930.106076
events.out.tfevents.1788149260.VCM15.612366.0,train/feature_valid_backward,80,0.4241292476654053,1788150017.07684
events.out.tfevents.1788149260.VCM15.612366.0,train/feature_valid_backward,90,0.5863770246505737,1788150107.8711026
events.out.tfevents.1788149260.VCM15.612366.0,train/feature_valid_backward,100,0.5961670279502869,1788150199.8101997
events.out.tfevents.1788149260.VCM15.612366.0,train/feature_valid_backward,110,0.546826183795929,1788150301.2568676
events.out.tfevents.1788149260.VCM15.612366.0,train/feature_valid_backward,120,0.6739990711212158,1788150402.7799108
events.out.tfevents.1788149260.VCM15.612366.0,train/feature_valid_backward,130,0.34437665343284607,1788150482.7378576
events.out.tfevents.1788149260.VCM15.612366.0,train/feature_valid_backward,140,0.3483235836029053,1788150583.652057
events.out.tfevents.1788149260.VCM15.612366.0,train/feature_valid_backward,150,0.5337239503860474,1788150680.067675
events.out.tfevents.1788149260.VCM15.612366.0,train/feature_valid_backward,160,0.7315348386764526,1788150781.7840621
events.out.tfevents.1788149260.VCM15.612366.0,train/feature_valid_backward,170,0.34964194893836975,1788150892.8234026
events.out.tfevents.1788149260.VCM15.612366.0,train/feature_valid_backward,180,0.7712727785110474,1788150975.1000466
events.out.tfevents.1788149260.VCM15.612366.0,train/feature_valid_backward,190,0.4495687186717987,1788151052.9862957
events.out.tfevents.1788149260.VCM15.612366.0,train/feature_valid_backward,200,0.36620283126831055,1788151137.404434
events.out.tfevents.1788149260.VCM15.612366.0,train/feature_valid_backward,210,0.7063883543014526,1788151229.0744958
events.out.tfevents.1788149260.VCM15.612366.0,train/feature_valid_backward,220,0.8476806879043579,1788151323.4928594
events.out.tfevents.1788149260.VCM15.612366.0,train/feature_valid_backward,230,0.5986247062683105,1788151427.5927155
events.out.tfevents.1788149260.VCM15.612366.0,train/feature_valid_backward,240,0.6520670652389526,1788151527.075897
events.out.tfevents.1788149260.VCM15.612366.0,train/feature_valid_backward,250,0.45409345626831055,1788151611.4756465
events.out.tfevents.1788149260.VCM15.612366.0,train/feature_valid_backward,260,0.7437663078308105,1788151684.8253593
events.out.tfevents.1788149260.VCM15.612366.0,train/feature_valid_backward,270,0.5323160886764526,1788151780.158898
events.out.tfevents.1788149260.VCM15.612366.0,train/feature_valid_backward,280,0.32691246271133423,1788151878.7074776
events.out.tfevents.1788149260.VCM15.612366.0,train/feature_valid_backward,290,0.5197021961212158,1788151965.458282
events.out.tfevents.1788149260.VCM15.612366.0,train/feature_valid_backward,300,0.5761312246322632,1788152044.4996507
events.out.tfevents.1788149260.VCM15.612366.0,train/feature_valid_backward,310,0.1529947966337204,1788152141.2974396
events.out.tfevents.1788149260.VCM15.612366.0,train/feature_valid_backward,320,0.7811035513877869,1788152233.9180646
events.out.tfevents.1788149260.VCM15.612366.0,train/feature_valid_backward,330,0.5186361074447632,1788152340.9137583
events.out.tfevents.1788149260.VCM15.612366.0,train/feature_valid_backward,340,0.49472659826278687,1788152434.700693
events.out.tfevents.1788149260.VCM15.612366.0,train/feature_valid_backward,350,0.4190104305744171,1788152531.8701186
events.out.tfevents.1788149260.VCM15.612366.0,train/feature_valid_backward,360,0.6003174185752869,1788152617.2740402
events.out.tfevents.1788149260.VCM15.612366.0,train/feature_valid_backward,370,0.27432456612586975,1788152709.003653
events.out.tfevents.1788149260.VCM15.612366.0,train/feature_valid_backward,380,0.6542074084281921,1788152807.9744978
events.out.tfevents.1788149260.VCM15.612366.0,train/feature_valid_backward,390,0.4517415761947632,1788152886.0946667
events.out.tfevents.1788149260.VCM15.612366.0,train/feature_valid_backward,400,0.4154622554779053,1788153004.0436223
events.out.tfevents.1788149260.VCM15.612366.0,train/feature_valid_backward,410,0.7309326529502869,1788153096.6875155
events.out.tfevents.1788149260.VCM15.612366.0,train/feature_valid_backward,420,0.41486817598342896,1788153200.2706716
events.out.tfevents.1788149260.VCM15.612366.0,train/feature_valid_backward,430,0.35836589336395264,1788153279.6547055
events.out.tfevents.1788149260.VCM15.612366.0,train/feature_valid_backward,440,0.5743896961212158,1788153358.7873857
events.out.tfevents.1788149260.VCM15.612366.0,train/feature_valid_backward,450,0.5500000715255737,1788153452.897193
events.out.tfevents.1788149260.VCM15.612366.0,train/feature_valid_backward,460,0.5993083119392395,1788153546.5976384
events.out.tfevents.1788149260.VCM15.612366.0,train/feature_valid_backward,470,0.4540609121322632,1788153635.5197883
events.out.tfevents.1788149260.VCM15.612366.0,train/feature_valid_backward,480,0.24008791148662567,1788153721.5915947
events.out.tfevents.1788149260.VCM15.612366.0,train/feature_valid_backward,490,0.6356608867645264,1788153812.6323671
events.out.tfevents.1788149260.VCM15.612366.0,train/feature_valid_backward,500,0.5470703840255737,1788153910.61584
events.out.tfevents.1788149260.VCM15.612366.0,train/feature_valid_backward,510,0.5309407711029053,1788154000.3618155
events.out.tfevents.1788149260.VCM15.612366.0,train/feature_valid_backward,520,0.2803955078125,1788154091.8283293
events.out.tfevents.1788149260.VCM15.612366.0,train/feature_valid_backward,530,0.21570637822151184,1788154197.029816
events.out.tfevents.1788149260.VCM15.612366.0,train/feature_valid_backward,540,0.383268266916275,1788154293.877263
events.out.tfevents.1788149260.VCM15.612366.0,train/feature_valid_backward,550,0.43238934874534607,1788154391.902768
events.out.tfevents.1788149260.VCM15.612366.0,train/feature_valid_backward,560,0.39271649718284607,1788154471.7968307
events.out.tfevents.1788149260.VCM15.612366.0,train/feature_valid_backward,570,0.7371256947517395,1788154559.8213084
events.out.tfevents.1788149260.VCM15.612366.0,train/feature_valid_backward,580,0.711669921875,1788154652.9149203
events.out.tfevents.1788149260.VCM15.612366.0,train/feature_valid_backward,590,0.24134927988052368,1788154759.8392081
events.out.tfevents.1788149260.VCM15.612366.0,train/feature_valid_backward,600,0.5410726070404053,1788154850.2228527
events.out.tfevents.1788149260.VCM15.612366.0,train/feature_valid_backward,610,0.3207601010799408,1788154936.1703582
events.out.tfevents.1788149260.VCM15.612366.0,train/feature_valid_backward,620,0.7092611193656921,1788155017.3804991
events.out.tfevents.1788149260.VCM15.612366.0,train/feature_valid_backward,630,0.4365071654319763,1788155103.9719331
events.out.tfevents.1788149260.VCM15.612366.0,train/feature_valid_backward,640,0.49688318371772766,1788155203.6986082
events.out.tfevents.1788149260.VCM15.612366.0,train/feature_valid_backward,650,0.28944501280784607,1788155284.9522336
events.out.tfevents.1788149260.VCM15.612366.0,train/feature_valid_backward,660,0.5895182490348816,1788155406.1290066
events.out.tfevents.1788149260.VCM15.612366.0,train/feature_valid_backward,670,0.6056315302848816,1788155500.004916
events.out.tfevents.1788149260.VCM15.612366.0,train/feature_valid_backward,680,0.6190023422241211,1788155596.4300015
events.out.tfevents.1788149260.VCM15.612366.0,train/feature_valid_backward,690,0.4122721552848816,1788155682.687988
events.out.tfevents.1788149260.VCM15.612366.0,train/feature_valid_backward,700,0.38701173663139343,1788155773.2747946
events.out.tfevents.1788149260.VCM15.612366.0,train/feature_valid_backward,710,0.38452965021133423,1788155870.8560138
events.out.tfevents.1788149260.VCM15.612366.0,train/feature_valid_backward,720,0.352384477853775,1788155970.2152503
events.out.tfevents.1788149260.VCM15.612366.0,train/feature_valid_backward,730,0.2575032711029053,1788156072.578131
events.out.tfevents.1788149260.VCM15.612366.0,train/feature_valid_backward,740,0.6683105826377869,1788156155.238497
events.out.tfevents.1788149260.VCM15.612366.0,train/feature_valid_backward,750,0.5437418818473816,1788156249.5564432
events.out.tfevents.1788149260.VCM15.612366.0,train/feature_valid_backward,760,0.5839925408363342,1788156351.0755317
events.out.tfevents.1788149260.VCM15.612366.0,train/feature_valid_backward,770,0.4811035394668579,1788156448.5688016
events.out.tfevents.1788149260.VCM15.612366.0,train/feature_valid_backward,780,0.6042562127113342,1788156535.9741807
events.out.tfevents.1788149260.VCM15.612366.0,train/feature_valid_backward,790,0.6283610463142395,1788156639.7463937
events.out.tfevents.1788149260.VCM15.612366.0,train/feature_valid_backward,800,0.35384929180145264,1788156748.4582403
events.out.tfevents.1788149260.VCM15.612366.0,train/feature_valid_backward,810,0.5958170890808105,1788156844.5311842
events.out.tfevents.1788149260.VCM15.612366.0,train/feature_valid_backward,820,0.5539306998252869,1788156948.261313
events.out.tfevents.1788149260.VCM15.612366.0,train/feature_valid_backward,830,0.1210937574505806,1788157040.3844295
events.out.tfevents.1788149260.VCM15.612366.0,train/feature_valid_backward,840,0.6081217527389526,1788157134.4905593
events.out.tfevents.1788149260.VCM15.612366.0,train/feature_valid_backward,850,0.4756348133087158,1788157241.5552502
events.out.tfevents.1788149260.VCM15.612366.0,train/feature_valid_backward,860,0.5289469957351685,1788157332.517661
events.out.tfevents.1788149260.VCM15.612366.0,train/feature_valid_backward,870,0.17621256411075592,1788157437.3427618
events.out.tfevents.1788149260.VCM15.612366.0,train/feature_valid_backward,880,0.4777669310569763,1788157517.974296
events.out.tfevents.1788149260.VCM15.612366.0,train/feature_valid_backward,890,0.5471842885017395,1788157629.6280303
events.out.tfevents.1788149260.VCM15.612366.0,train/feature_valid_backward,900,0.5900228023529053,1788157725.417772
events.out.tfevents.1788149260.VCM15.612366.0,train/feature_valid_backward,910,0.36601564288139343,1788157821.8972485
events.out.tfevents.1788149260.VCM15.612366.0,train/feature_valid_backward,920,0.2641195058822632,1788157920.7348876
events.out.tfevents.1788149260.VCM15.612366.0,train/feature_valid_backward,930,0.19192709028720856,1788158024.3817728
events.out.tfevents.1788149260.VCM15.612366.0,train/feature_valid_backward,940,0.6735921502113342,1788158122.6396115
events.out.tfevents.1788149260.VCM15.612366.0,train/feature_valid_backward,950,0.5141195058822632,1788158212.0789127
events.out.tfevents.1788149260.VCM15.612366.0,train/feature_valid_backward,960,0.3581543266773224,1788158306.6467423
events.out.tfevents.1788149260.VCM15.612366.0,train/feature_valid_backward,970,0.4354085624217987,1788158406.313611
events.out.tfevents.1788149260.VCM15.612366.0,train/feature_valid_backward,980,0.5988363027572632,1788158511.4219813
events.out.tfevents.1788149260.VCM15.612366.0,train/feature_valid_backward,990,0.6697754263877869,1788158600.758016
events.out.tfevents.1788149260.VCM15.612366.0,train/feature_valid_backward,1000,0.6647868156433105,1788158694.9798434
events.out.tfevents.1788149260.VCM15.612366.0,train/feature_valid_backward,1010,0.6854411363601685,1788158800.5610955
events.out.tfevents.1788149260.VCM15.612366.0,train/feature_valid_backward,1020,0.22890625894069672,1788158882.893593
events.out.tfevents.1788149260.VCM15.612366.0,train/feature_valid_backward,1030,0.4693603515625,1788158962.990988
events.out.tfevents.1788149260.VCM15.612366.0,train/feature_valid_backward,1040,0.5880696773529053,1788159050.8202431
events.out.tfevents.1788149260.VCM15.612366.0,train/feature_valid_backward,1050,0.5818604230880737,1788159165.2141066
events.out.tfevents.1788149260.VCM15.612366.0,train/feature_valid_backward,1060,0.47348636388778687,1788159264.277025
events.out.tfevents.1788149260.VCM15.612366.0,train/feature_valid_backward,1070,0.7077474594116211,1788159349.5600414
events.out.tfevents.1788149260.VCM15.612366.0,train/feature_valid_backward,1080,0.3108724057674408,1788159432.0790625
events.out.tfevents.1788149260.VCM15.612366.0,train/feature_valid_backward,1090,0.3085530996322632,1788159534.4617531
events.out.tfevents.1788149260.VCM15.612366.0,train/feature_valid_backward,1100,0.32351890206336975,1788159626.428758
events.out.tfevents.1788149260.VCM15.612366.0,train/feature_valid_backward,1110,0.5254069566726685,1788159720.2186978
events.out.tfevents.1788149260.VCM15.612366.0,train/feature_valid_backward,1120,0.4984130859375,1788159823.00126
events.out.tfevents.1788149260.VCM15.612366.0,train/feature_valid_backward,1130,0.45828452706336975,1788159894.3240366
events.out.tfevents.1788149260.VCM15.612366.0,train/feature_valid_backward,1140,0.49073082208633423,1788159980.2224727
events.out.tfevents.1788149260.VCM15.612366.0,train/feature_valid_backward,1150,0.37564292550086975,1788160072.7630363
events.out.tfevents.1788149260.VCM15.612366.0,train/feature_valid_backward,1160,0.7528402209281921,1788160180.7485769
events.out.tfevents.1788149260.VCM15.612366.0,train/feature_valid_backward,1170,0.6207926869392395,1788160274.5539713
events.out.tfevents.1788149260.VCM15.612366.0,train/feature_valid_backward,1180,0.5980794429779053,1788160383.9061463
events.out.tfevents.1788149260.VCM15.612366.0,train/feature_valid_backward,1190,0.4978271722793579,1788160478.8599348
events.out.tfevents.1788149260.VCM15.612366.0,train/feature_valid_backward,1200,0.3004394769668579,1788160563.250041
events.out.tfevents.1788149260.VCM15.612366.0,train/feature_valid_backward,1210,0.4164632260799408,1788160667.4324
events.out.tfevents.1788149260.VCM15.612366.0,train/feature_valid_backward,1220,0.2317301630973816,1788160772.534157
events.out.tfevents.1788149260.VCM15.612366.0,train/feature_valid_backward,1230,0.49361979961395264,1788160868.214322
events.out.tfevents.1788149260.VCM15.612366.0,train/feature_valid_backward,1240,0.4967448115348816,1788160964.5660923
events.out.tfevents.1788149260.VCM15.612366.0,train/feature_valid_backward,1250,0.5074544548988342,1788161060.3058915
events.out.tfevents.1788149260.VCM15.612366.0,train/feature_valid_backward,1260,0.34615886211395264,1788161152.514377
events.out.tfevents.1788149260.VCM15.612366.0,train/feature_valid_backward,1270,0.9065349102020264,1788161248.3691905
events.out.tfevents.1788149260.VCM15.612366.0,train/feature_valid_backward,1280,0.6022705435752869,1788161338.4171948
events.out.tfevents.1788149260.VCM15.612366.0,train/feature_valid_backward,1290,0.6256266832351685,1788161439.287967
events.out.tfevents.1788149260.VCM15.612366.0,train/feature_valid_backward,1300,0.5144612789154053,1788161525.287667
events.out.tfevents.1788149260.VCM15.612366.0,train/feature_valid_backward,1310,0.3560791015625,1788161631.8137712
events.out.tfevents.1788149260.VCM15.612366.0,train/feature_valid_backward,1320,0.48759767413139343,1788161729.794243
events.out.tfevents.1788149260.VCM15.612366.0,train/feature_valid_backward,1330,0.40416669845581055,1788161817.000694
events.out.tfevents.1788149260.VCM15.612366.0,train/feature_valid_backward,1340,0.19508464634418488,1788161901.6021574
events.out.tfevents.1788149260.VCM15.612366.0,train/feature_valid_backward,1350,0.5944417715072632,1788161995.3430395
events.out.tfevents.1788149260.VCM15.612366.0,train/feature_valid_backward,1360,0.6785156726837158,1788162100.3400695
events.out.tfevents.1788149260.VCM15.612366.0,train/feature_valid_backward,1370,0.5025228261947632,1788162185.9338064
events.out.tfevents.1788149260.VCM15.612366.0,train/feature_valid_backward,1380,0.3353108763694763,1788162278.271138
events.out.tfevents.1788149260.VCM15.612366.0,train/feature_valid_backward,1390,0.7116373777389526,1788162368.7629905
events.out.tfevents.1788149260.VCM15.612366.0,train/feature_valid_backward,1400,0.13849285244941711,1788162454.5672936
events.out.tfevents.1788149260.VCM15.612366.0,train/feature_valid_backward,1410,0.42959800362586975,1788162570.9508216
events.out.tfevents.1788149260.VCM15.612366.0,train/feature_valid_backward,1420,0.36604005098342896,1788162670.9678378
events.out.tfevents.1788149260.VCM15.612366.0,train/feature_valid_backward,1430,0.4994303584098816,1788162749.5849478
events.out.tfevents.1788149260.VCM15.612366.0,train/feature_valid_backward,1440,0.26915693283081055,1788162861.4187179
events.out.tfevents.1788149260.VCM15.612366.0,train/feature_valid_backward,1450,0.38888347148895264,1788162946.0778081
events.out.tfevents.1788149260.VCM15.612366.0,train/feature_valid_backward,1460,0.5660970211029053,1788163040.5919518
events.out.tfevents.1788149260.VCM15.612366.0,train/feature_valid_backward,1470,0.47126466035842896,1788163142.965909
events.out.tfevents.1788149260.VCM15.612366.0,train/feature_valid_backward,1480,0.5311198234558105,1788163230.440664
events.out.tfevents.1788149260.VCM15.612366.0,train/feature_valid_backward,1490,0.39242351055145264,1788163333.273621
events.out.tfevents.1788149260.VCM15.612366.0,train/feature_valid_backward,1500,0.353727251291275,1788163424.1497598
events.out.tfevents.1788149260.VCM15.612366.0,train/feature_valid_backward,1510,0.22618001699447632,1788163534.5294523
events.out.tfevents.1788149260.VCM15.612366.0,train/feature_valid_backward,1520,0.18303224444389343,1788163640.3767877
events.out.tfevents.1788149260.VCM15.612366.0,train/feature_valid_backward,1530,0.32679852843284607,1788163720.76836
events.out.tfevents.1788149260.VCM15.612366.0,train/feature_valid_backward,1540,0.5124430656433105,1788163795.6396587
events.out.tfevents.1788149260.VCM15.612366.0,train/feature_valid_backward,1550,0.5070882439613342,1788163879.2636733
events.out.tfevents.1788149260.VCM15.612366.0,train/feature_valid_backward,1560,0.6930176019668579,1788163980.6113374
events.out.tfevents.1788149260.VCM15.612366.0,train/feature_valid_backward,1570,0.48519694805145264,1788164085.5876093
events.out.tfevents.1788149260.VCM15.612366.0,train/feature_valid_backward,1580,0.22332358360290527,1788164169.4609435
events.out.tfevents.1788149260.VCM15.612366.0,train/feature_valid_backward,1590,0.3423665761947632,1788164279.998905
events.out.tfevents.1788149260.VCM15.612366.0,train/feature_valid_backward,1600,0.4976399838924408,1788164386.8204792
events.out.tfevents.1788149260.VCM15.612366.0,train/feature_valid_backward,1610,0.5986409783363342,1788164466.1029558
events.out.tfevents.1788149260.VCM15.612366.0,train/feature_valid_backward,1620,0.5944905877113342,1788164551.8570359
events.out.tfevents.1788149260.VCM15.612366.0,train/feature_valid_backward,1630,0.4236491024494171,1788164654.0514581
events.out.tfevents.1788149260.VCM15.612366.0,train/feature_valid_backward,1640,0.6844564080238342,1788164742.7805502
events.out.tfevents.1788149260.VCM15.612366.0,train/feature_valid_backward,1650,0.39928388595581055,1788164849.3325415
events.out.tfevents.1788149260.VCM15.612366.0,train/feature_valid_backward,1660,0.34842124581336975,1788164941.0689218
events.out.tfevents.1788149260.VCM15.612366.0,train/feature_valid_backward,1670,0.5236002802848816,1788165018.4767823
events.out.tfevents.1788149260.VCM15.612366.0,train/feature_valid_backward,1680,0.21269531548023224,1788165099.313684
events.out.tfevents.1788149260.VCM15.612366.0,train/feature_valid_backward,1690,0.3878988027572632,1788165192.430288
events.out.tfevents.1788149260.VCM15.612366.0,train/feature_valid_backward,1700,0.4304606318473816,1788165285.2524967
events.out.tfevents.1788149260.VCM15.612366.0,train/feature_valid_backward,1710,0.6895915269851685,1788165382.2806876
events.out.tfevents.1788149260.VCM15.612366.0,train/feature_valid_backward,1720,0.5084717273712158,1788165484.184405
events.out.tfevents.1788149260.VCM15.612366.0,train/feature_valid_forward,10,0.2795247435569763,1788149359.6564822
events.out.tfevents.1788149260.VCM15.612366.0,train/feature_valid_forward,20,0.16153158247470856,1788149444.624397
events.out.tfevents.1788149260.VCM15.612366.0,train/feature_valid_forward,30,0.48863935470581055,1788149546.7189095
events.out.tfevents.1788149260.VCM15.612366.0,train/feature_valid_forward,40,0.3205973505973816,1788149643.3572524
events.out.tfevents.1788149260.VCM15.612366.0,train/feature_valid_forward,50,0.5189046859741211,1788149736.0079436
events.out.tfevents.1788149260.VCM15.612366.0,train/feature_valid_forward,60,0.6763834953308105,1788149822.5883737
events.out.tfevents.1788149260.VCM15.612366.0,train/feature_valid_forward,70,0.7335612773895264,1788149930.1059186
events.out.tfevents.1788149260.VCM15.612366.0,train/feature_valid_forward,80,0.4142252802848816,1788150017.076694
events.out.tfevents.1788149260.VCM15.612366.0,train/feature_valid_forward,90,0.5834798812866211,1788150107.8709648
events.out.tfevents.1788149260.VCM15.612366.0,train/feature_valid_forward,100,0.6099447011947632,1788150199.810073
events.out.tfevents.1788149260.VCM15.612366.0,train/feature_valid_forward,110,0.5427896976470947,1788150301.2567086
events.out.tfevents.1788149260.VCM15.612366.0,train/feature_valid_forward,120,0.6451660394668579,1788150402.779751
events.out.tfevents.1788149260.VCM15.612366.0,train/feature_valid_forward,130,0.3343912959098816,1788150482.7377076
events.out.tfevents.1788149260.VCM15.612366.0,train/feature_valid_forward,140,0.35977378487586975,1788150583.6518943
events.out.tfevents.1788149260.VCM15.612366.0,train/feature_valid_forward,150,0.546704113483429,1788150680.0675373
events.out.tfevents.1788149260.VCM15.612366.0,train/feature_valid_forward,160,0.7286540269851685,1788150781.7839234
events.out.tfevents.1788149260.VCM15.612366.0,train/feature_valid_forward,170,0.35022789239883423,1788150892.8232396
events.out.tfevents.1788149260.VCM15.612366.0,train/feature_valid_forward,180,0.7823242545127869,1788150975.099911
events.out.tfevents.1788149260.VCM15.612366.0,train/feature_valid_forward,190,0.44617515802383423,1788151052.9861462
events.out.tfevents.1788149260.VCM15.612366.0,train/feature_valid_forward,200,0.3651774525642395,1788151137.4042156
events.out.tfevents.1788149260.VCM15.612366.0,train/feature_valid_forward,210,0.7005778551101685,1788151229.0743089
events.out.tfevents.1788149260.VCM15.612366.0,train/feature_valid_forward,220,0.8349772691726685,1788151323.492697
events.out.tfevents.1788149260.VCM15.612366.0,train/feature_valid_forward,230,0.5981038808822632,1788151427.5925813
events.out.tfevents.1788149260.VCM15.612366.0,train/feature_valid_forward,240,0.6659830808639526,1788151527.0757604
events.out.tfevents.1788149260.VCM15.612366.0,train/feature_valid_forward,250,0.4421793818473816,1788151611.4755094
events.out.tfevents.1788149260.VCM15.612366.0,train/feature_valid_forward,260,0.7556315660476685,1788151684.8252218
events.out.tfevents.1788149260.VCM15.612366.0,train/feature_valid_forward,270,0.5351887941360474,1788151780.1587713
events.out.tfevents.1788149260.VCM15.612366.0,train/feature_valid_forward,280,0.33541667461395264,1788151878.7073128
events.out.tfevents.1788149260.VCM15.612366.0,train/feature_valid_forward,290,0.5199951529502869,1788151965.4581435
events.out.tfevents.1788149260.VCM15.612366.0,train/feature_valid_forward,300,0.5884928703308105,1788152044.4995346
events.out.tfevents.1788149260.VCM15.612366.0,train/feature_valid_forward,310,0.1526692807674408,1788152141.2972677
events.out.tfevents.1788149260.VCM15.612366.0,train/feature_valid_forward,320,0.7745850086212158,1788152233.9179032
events.out.tfevents.1788149260.VCM15.612366.0,train/feature_valid_forward,330,0.520263671875,1788152340.9136064
events.out.tfevents.1788149260.VCM15.612366.0,train/feature_valid_forward,340,0.49475914239883423,1788152434.7005491
events.out.tfevents.1788149260.VCM15.612366.0,train/feature_valid_forward,350,0.42255860567092896,1788152531.8699806
events.out.tfevents.1788149260.VCM15.612366.0,train/feature_valid_forward,360,0.6068766117095947,1788152617.2738924
events.out.tfevents.1788149260.VCM15.612366.0,train/feature_valid_forward,370,0.2676757872104645,1788152709.003482
events.out.tfevents.1788149260.VCM15.612366.0,train/feature_valid_forward,380,0.6212565302848816,1788152807.9743602
events.out.tfevents.1788149260.VCM15.612366.0,train/feature_valid_forward,390,0.4593506157398224,1788152886.0945072
events.out.tfevents.1788149260.VCM15.612366.0,train/feature_valid_forward,400,0.4064534604549408,1788153004.0434804
events.out.tfevents.1788149260.VCM15.612366.0,train/feature_valid_forward,410,0.7227539420127869,1788153096.6873496
events.out.tfevents.1788149260.VCM15.612366.0,train/feature_valid_forward,420,0.41673994064331055,1788153200.270514
events.out.tfevents.1788149260.VCM15.612366.0,train/feature_valid_forward,430,0.3580159544944763,1788153279.6544929
events.out.tfevents.1788149260.VCM15.612366.0,train/feature_valid_forward,440,0.549389660358429,1788153358.7872143
events.out.tfevents.1788149260.VCM15.612366.0,train/feature_valid_forward,450,0.539306640625,1788153452.8971002
events.out.tfevents.1788149260.VCM15.612366.0,train/feature_valid_forward,460,0.5997070670127869,1788153546.5974371
events.out.tfevents.1788149260.VCM15.612366.0,train/feature_valid_forward,470,0.4447835683822632,1788153635.5195856
events.out.tfevents.1788149260.VCM15.612366.0,train/feature_valid_forward,480,0.23590496182441711,1788153721.5914247
events.out.tfevents.1788149260.VCM15.612366.0,train/feature_valid_forward,490,0.6399414539337158,1788153812.6321857
events.out.tfevents.1788149260.VCM15.612366.0,train/feature_valid_forward,500,0.5475178956985474,1788153910.6156962
events.out.tfevents.1788149260.VCM15.612366.0,train/feature_valid_forward,510,0.5316487550735474,1788154000.3616438
events.out.tfevents.1788149260.VCM15.612366.0,train/feature_valid_forward,520,0.27688801288604736,1788154091.8281488
events.out.tfevents.1788149260.VCM15.612366.0,train/feature_valid_forward,530,0.22592774033546448,1788154197.0297008
events.out.tfevents.1788149260.VCM15.612366.0,train/feature_valid_forward,540,0.38884279131889343,1788154293.8770952
events.out.tfevents.1788149260.VCM15.612366.0,train/feature_valid_forward,550,0.4397217035293579,1788154391.9026167
events.out.tfevents.1788149260.VCM15.612366.0,train/feature_valid_forward,560,0.4050537347793579,1788154471.7966864
events.out.tfevents.1788149260.VCM15.612366.0,train/feature_valid_forward,570,0.7365967035293579,1788154559.8211691
events.out.tfevents.1788149260.VCM15.612366.0,train/feature_valid_forward,580,0.7140951156616211,1788154652.9147553
events.out.tfevents.1788149260.VCM15.612366.0,train/feature_valid_forward,590,0.24388021230697632,1788154759.8390582
events.out.tfevents.1788149260.VCM15.612366.0,train/feature_valid_forward,600,0.5353190302848816,1788154850.2226493
events.out.tfevents.1788149260.VCM15.612366.0,train/feature_valid_forward,610,0.31996259093284607,1788154936.1702383
events.out.tfevents.1788149260.VCM15.612366.0,train/feature_valid_forward,620,0.6889079213142395,1788155017.3803072
events.out.tfevents.1788149260.VCM15.612366.0,train/feature_valid_forward,630,0.4374186396598816,1788155103.9717798
events.out.tfevents.1788149260.VCM15.612366.0,train/feature_valid_forward,640,0.5000569820404053,1788155203.6984644
events.out.tfevents.1788149260.VCM15.612366.0,train/feature_valid_forward,650,0.2798909544944763,1788155284.952081
events.out.tfevents.1788149260.VCM15.612366.0,train/feature_valid_forward,660,0.5606689453125,1788155406.1288533
events.out.tfevents.1788149260.VCM15.612366.0,train/feature_valid_forward,670,0.5872721672058105,1788155500.004776
events.out.tfevents.1788149260.VCM15.612366.0,train/feature_valid_forward,680,0.5964030027389526,1788155596.4298549
events.out.tfevents.1788149260.VCM15.612366.0,train/feature_valid_forward,690,0.40555018186569214,1788155682.6878462
events.out.tfevents.1788149260.VCM15.612366.0,train/feature_valid_forward,700,0.3919026851654053,1788155773.2746296
events.out.tfevents.1788149260.VCM15.612366.0,train/feature_valid_forward,710,0.39278972148895264,1788155870.8558662
events.out.tfevents.1788149260.VCM15.612366.0,train/feature_valid_forward,720,0.3677978813648224,1788155970.215108
events.out.tfevents.1788149260.VCM15.612366.0,train/feature_valid_forward,730,0.2502685785293579,1788156072.5779812
events.out.tfevents.1788149260.VCM15.612366.0,train/feature_valid_forward,740,0.6365071535110474,1788156155.2383637
events.out.tfevents.1788149260.VCM15.612366.0,train/feature_valid_forward,750,0.5333170890808105,1788156249.5564246
events.out.tfevents.1788149260.VCM15.612366.0,train/feature_valid_forward,760,0.60205078125,1788156351.0753636
events.out.tfevents.1788149260.VCM15.612366.0,train/feature_valid_forward,770,0.47950035333633423,1788156448.568554
events.out.tfevents.1788149260.VCM15.612366.0,train/feature_valid_forward,780,0.603515625,1788156535.9740374
events.out.tfevents.1788149260.VCM15.612366.0,train/feature_valid_forward,790,0.6292724609375,1788156639.7462244
events.out.tfevents.1788149260.VCM15.612366.0,train/feature_valid_forward,800,0.3545573055744171,1788156748.4581008
events.out.tfevents.1788149260.VCM15.612366.0,train/feature_valid_forward,810,0.6005859375,1788156844.5309541
events.out.tfevents.1788149260.VCM15.612366.0,train/feature_valid_forward,820,0.5561848878860474,1788156948.2610788
events.out.tfevents.1788149260.VCM15.612366.0,train/feature_valid_forward,830,0.12503255903720856,1788157040.3842514
events.out.tfevents.1788149260.VCM15.612366.0,train/feature_valid_forward,840,0.6048583984375,1788157134.4903898
events.out.tfevents.1788149260.VCM15.612366.0,train/feature_valid_forward,850,0.4900309443473816,1788157241.55509
events.out.tfevents.1788149260.VCM15.612366.0,train/feature_valid_forward,860,0.5243815183639526,1788157332.5174954
events.out.tfevents.1788149260.VCM15.612366.0,train/feature_valid_forward,870,0.17104493081569672,1788157437.3425987
events.out.tfevents.1788149260.VCM15.612366.0,train/feature_valid_forward,880,0.485807329416275,1788157517.9741576
events.out.tfevents.1788149260.VCM15.612366.0,train/feature_valid_forward,890,0.5445475578308105,1788157629.6278622
events.out.tfevents.1788149260.VCM15.612366.0,train/feature_valid_forward,900,0.5857585072517395,1788157725.4176044
events.out.tfevents.1788149260.VCM15.612366.0,train/feature_valid_forward,910,0.36609703302383423,1788157821.8970754
events.out.tfevents.1788149260.VCM15.612366.0,train/feature_valid_forward,920,0.2541097104549408,1788157920.7347903
events.out.tfevents.1788149260.VCM15.612366.0,train/feature_valid_forward,930,0.2017822265625,1788158024.3816202
events.out.tfevents.1788149260.VCM15.612366.0,train/feature_valid_forward,940,0.6768311262130737,1788158122.639436
events.out.tfevents.1788149260.VCM15.612366.0,train/feature_valid_forward,950,0.4855957329273224,1788158212.0787377
events.out.tfevents.1788149260.VCM15.612366.0,train/feature_valid_forward,960,0.36879071593284607,1788158306.6465347
events.out.tfevents.1788149260.VCM15.612366.0,train/feature_valid_forward,970,0.4475342035293579,1788158406.3133683
events.out.tfevents.1788149260.VCM15.612366.0,train/feature_valid_forward,980,0.5948324203491211,1788158511.4218478
events.out.tfevents.1788149260.VCM15.612366.0,train/feature_valid_forward,990,0.672802746295929,1788158600.757873
events.out.tfevents.1788149260.VCM15.612366.0,train/feature_valid_forward,1000,0.6747477054595947,1788158694.9796624
events.out.tfevents.1788149260.VCM15.612366.0,train/feature_valid_forward,1010,0.6915202140808105,1788158800.560891
events.out.tfevents.1788149260.VCM15.612366.0,train/feature_valid_forward,1020,0.23109538853168488,1788158882.8934202
events.out.tfevents.1788149260.VCM15.612366.0,train/feature_valid_forward,1030,0.48562827706336975,1788158962.9908254
events.out.tfevents.1788149260.VCM15.612366.0,train/feature_valid_forward,1040,0.5840495228767395,1788159050.820079
events.out.tfevents.1788149260.VCM15.612366.0,train/feature_valid_forward,1050,0.5940266847610474,1788159165.2139392
events.out.tfevents.1788149260.VCM15.612366.0,train/feature_valid_forward,1060,0.4710937738418579,1788159264.2768452
events.out.tfevents.1788149260.VCM15.612366.0,train/feature_valid_forward,1070,0.6953369379043579,1788159349.559889
events.out.tfevents.1788149260.VCM15.612366.0,train/feature_valid_forward,1080,0.32609865069389343,1788159432.0788622
events.out.tfevents.1788149260.VCM15.612366.0,train/feature_valid_forward,1090,0.3110351860523224,1788159534.4616115
events.out.tfevents.1788149260.VCM15.612366.0,train/feature_valid_forward,1100,0.33496907353401184,1788159626.4285948
events.out.tfevents.1788149260.VCM15.612366.0,train/feature_valid_forward,1110,0.5284587144851685,1788159720.2185895
events.out.tfevents.1788149260.VCM15.612366.0,train/feature_valid_forward,1120,0.47681480646133423,1788159823.0011113
events.out.tfevents.1788149260.VCM15.612366.0,train/feature_valid_forward,1130,0.4629964232444763,1788159894.3239546
events.out.tfevents.1788149260.VCM15.612366.0,train/feature_valid_forward,1140,0.4857584834098816,1788159980.2223232
events.out.tfevents.1788149260.VCM15.612366.0,train/feature_valid_forward,1150,0.38119304180145264,1788160072.7628827
events.out.tfevents.1788149260.VCM15.612366.0,train/feature_valid_forward,1160,0.7520670890808105,1788160180.748458
events.out.tfevents.1788149260.VCM15.612366.0,train/feature_valid_forward,1170,0.6254069805145264,1788160274.553832
events.out.tfevents.1788149260.VCM15.612366.0,train/feature_valid_forward,1180,0.5747477412223816,1788160383.9061024
events.out.tfevents.1788149260.VCM15.612366.0,train/feature_valid_forward,1190,0.5063965320587158,1788160478.8598135
events.out.tfevents.1788149260.VCM15.612366.0,train/feature_valid_forward,1200,0.3157714903354645,1788160563.2498918
events.out.tfevents.1788149260.VCM15.612366.0,train/feature_valid_forward,1210,0.3963053524494171,1788160667.4321947
events.out.tfevents.1788149260.VCM15.612366.0,train/feature_valid_forward,1220,0.24993491172790527,1788160772.533911
events.out.tfevents.1788149260.VCM15.612366.0,train/feature_valid_forward,1230,0.4671468436717987,1788160868.214155
events.out.tfevents.1788149260.VCM15.612366.0,train/feature_valid_forward,1240,0.48889976739883423,1788160964.5659556
events.out.tfevents.1788149260.VCM15.612366.0,train/feature_valid_forward,1250,0.5048828721046448,1788161060.3057492
events.out.tfevents.1788149260.VCM15.612366.0,train/feature_valid_forward,1260,0.3446289300918579,1788161152.5142574
events.out.tfevents.1788149260.VCM15.612366.0,train/feature_valid_forward,1270,0.8872640132904053,1788161248.3690841
events.out.tfevents.1788149260.VCM15.612366.0,train/feature_valid_forward,1280,0.6099772453308105,1788161338.4171026
events.out.tfevents.1788149260.VCM15.612366.0,train/feature_valid_forward,1290,0.6255534291267395,1788161439.287741
events.out.tfevents.1788149260.VCM15.612366.0,train/feature_valid_forward,1300,0.5158284902572632,1788161525.2875435
events.out.tfevents.1788149260.VCM15.612366.0,train/feature_valid_forward,1310,0.3508056700229645,1788161631.8136454
events.out.tfevents.1788149260.VCM15.612366.0,train/feature_valid_forward,1320,0.4915202260017395,1788161729.794102
events.out.tfevents.1788149260.VCM15.612366.0,train/feature_valid_forward,1330,0.41211754083633423,1788161817.0005314
events.out.tfevents.1788149260.VCM15.612366.0,train/feature_valid_forward,1340,0.21225588023662567,1788161901.6019392
events.out.tfevents.1788149260.VCM15.612366.0,train/feature_valid_forward,1350,0.5733317136764526,1788161995.3428745
events.out.tfevents.1788149260.VCM15.612366.0,train/feature_valid_forward,1360,0.6776449084281921,1788162100.3399286
events.out.tfevents.1788149260.VCM15.612366.0,train/feature_valid_forward,1370,0.5001220703125,1788162185.9336693
events.out.tfevents.1788149260.VCM15.612366.0,train/feature_valid_forward,1380,0.32909345626831055,1788162278.2710063
events.out.tfevents.1788149260.VCM15.612366.0,train/feature_valid_forward,1390,0.7097086906433105,1788162368.7628636
events.out.tfevents.1788149260.VCM15.612366.0,train/feature_valid_forward,1400,0.14340820908546448,1788162454.5671513
events.out.tfevents.1788149260.VCM15.612366.0,train/feature_valid_forward,1410,0.4342448115348816,1788162570.950677
events.out.tfevents.1788149260.VCM15.612366.0,train/feature_valid_forward,1420,0.36491701006889343,1788162670.9677172
events.out.tfevents.1788149260.VCM15.612366.0,train/feature_valid_forward,1430,0.47834473848342896,1788162749.5848002
events.out.tfevents.1788149260.VCM15.612366.0,train/feature_valid_forward,1440,0.2688232660293579,1788162861.4186277
events.out.tfevents.1788149260.VCM15.612366.0,train/feature_valid_forward,1450,0.39008790254592896,1788162946.0777156
events.out.tfevents.1788149260.VCM15.612366.0,train/feature_valid_forward,1460,0.5694987773895264,1788163040.5918417
events.out.tfevents.1788149260.VCM15.612366.0,train/feature_valid_forward,1470,0.4686686396598816,1788163142.9658055
events.out.tfevents.1788149260.VCM15.612366.0,train/feature_valid_forward,1480,0.5344645380973816,1788163230.4405591
events.out.tfevents.1788149260.VCM15.612366.0,train/feature_valid_forward,1490,0.4055989980697632,1788163333.2735267
events.out.tfevents.1788149260.VCM15.612366.0,train/feature_valid_forward,1500,0.34951987862586975,1788163424.1496696
events.out.tfevents.1788149260.VCM15.612366.0,train/feature_valid_forward,1510,0.21981608867645264,1788163534.5293517
events.out.tfevents.1788149260.VCM15.612366.0,train/feature_valid_forward,1520,0.1917968988418579,1788163640.3766723
events.out.tfevents.1788149260.VCM15.612366.0,train/feature_valid_forward,1530,0.32443851232528687,1788163720.768211
events.out.tfevents.1788149260.VCM15.612366.0,train/feature_valid_forward,1540,0.5155924558639526,1788163795.6395106
events.out.tfevents.1788149260.VCM15.612366.0,train/feature_valid_forward,1550,0.49527183175086975,1788163879.2634885
events.out.tfevents.1788149260.VCM15.612366.0,train/feature_valid_forward,1560,0.6904703974723816,1788163980.6111834
events.out.tfevents.1788149260.VCM15.612366.0,train/feature_valid_forward,1570,0.45851242542266846,1788164085.5874152
events.out.tfevents.1788149260.VCM15.612366.0,train/feature_valid_forward,1580,0.22307944297790527,1788164169.4607995
events.out.tfevents.1788149260.VCM15.612366.0,train/feature_valid_forward,1590,0.34915366768836975,1788164279.9987996
events.out.tfevents.1788149260.VCM15.612366.0,train/feature_valid_forward,1600,0.4705648124217987,1788164386.820326
events.out.tfevents.1788149260.VCM15.612366.0,train/feature_valid_forward,1610,0.6108642816543579,1788164466.1027937
events.out.tfevents.1788149260.VCM15.612366.0,train/feature_valid_forward,1620,0.6031819581985474,1788164551.8568294
events.out.tfevents.1788149260.VCM15.612366.0,train/feature_valid_forward,1630,0.4286539852619171,1788164654.0513167
events.out.tfevents.1788149260.VCM15.612366.0,train/feature_valid_forward,1640,0.6889322996139526,1788164742.7804127
events.out.tfevents.1788149260.VCM15.612366.0,train/feature_valid_forward,1650,0.3983724117279053,1788164849.332396
events.out.tfevents.1788149260.VCM15.612366.0,train/feature_valid_forward,1660,0.3490641415119171,1788164941.0687497
events.out.tfevents.1788149260.VCM15.612366.0,train/feature_valid_forward,1670,0.5253744125366211,1788165018.476636
events.out.tfevents.1788149260.VCM15.612366.0,train/feature_valid_forward,1680,0.22339682281017303,1788165099.3134995
events.out.tfevents.1788149260.VCM15.612366.0,train/feature_valid_forward,1690,0.38720703125,1788165192.4301376
events.out.tfevents.1788149260.VCM15.612366.0,train/feature_valid_forward,1700,0.4419596791267395,1788165285.252341
events.out.tfevents.1788149260.VCM15.612366.0,train/feature_valid_forward,1710,0.6940511465072632,1788165382.2805169
events.out.tfevents.1788149260.VCM15.612366.0,train/feature_valid_forward,1720,0.5054118037223816,1788165484.1842604
events.out.tfevents.1788149260.VCM15.612366.0,train/flow_epe,10,0.1900113970041275,1788149359.654543
events.out.tfevents.1788149260.VCM15.612366.0,train/flow_epe,20,0.04526937007904053,1788149444.6232998
events.out.tfevents.1788149260.VCM15.612366.0,train/flow_epe,30,0.06732413917779922,1788149546.7178457
events.out.tfevents.1788149260.VCM15.612366.0,train/flow_epe,40,0.030096685513854027,1788149643.3560338
events.out.tfevents.1788149260.VCM15.612366.0,train/flow_epe,50,0.029520204290747643,1788149736.0068474
events.out.tfevents.1788149260.VCM15.612366.0,train/flow_epe,60,0.16360387206077576,1788149822.587175
events.out.tfevents.1788149260.VCM15.612366.0,train/flow_epe,70,0.14684942364692688,1788149930.1044652
events.out.tfevents.1788149260.VCM15.612366.0,train/flow_epe,80,0.13346433639526367,1788150017.0755868
events.out.tfevents.1788149260.VCM15.612366.0,train/flow_epe,90,0.044746190309524536,1788150107.8698359
events.out.tfevents.1788149260.VCM15.612366.0,train/flow_epe,100,0.17424245178699493,1788150199.8091114
events.out.tfevents.1788149260.VCM15.612366.0,train/flow_epe,110,0.16011188924312592,1788150301.255443
events.out.tfevents.1788149260.VCM15.612366.0,train/flow_epe,120,0.06534393876791,1788150402.778615
events.out.tfevents.1788149260.VCM15.612366.0,train/flow_epe,130,0.042550209909677505,1788150482.7365093
events.out.tfevents.1788149260.VCM15.612366.0,train/flow_epe,140,0.15627533197402954,1788150583.650542
events.out.tfevents.1788149260.VCM15.612366.0,train/flow_epe,150,0.27571016550064087,1788150680.0665436
events.out.tfevents.1788149260.VCM15.612366.0,train/flow_epe,160,0.0795912966132164,1788150781.782868
events.out.tfevents.1788149260.VCM15.612366.0,train/flow_epe,170,0.04421602562069893,1788150892.8219888
events.out.tfevents.1788149260.VCM15.612366.0,train/flow_epe,180,0.14722049236297607,1788150975.0987444
events.out.tfevents.1788149260.VCM15.612366.0,train/flow_epe,190,0.2811117470264435,1788151052.9850183
events.out.tfevents.1788149260.VCM15.612366.0,train/flow_epe,200,0.036490101367235184,1788151137.4028168
events.out.tfevents.1788149260.VCM15.612366.0,train/flow_epe,210,0.11938444525003433,1788151229.073276
events.out.tfevents.1788149260.VCM15.612366.0,train/flow_epe,220,0.08088912814855576,1788151323.4878309
events.out.tfevents.1788149260.VCM15.612366.0,train/flow_epe,230,0.4841347336769104,1788151427.5914998
events.out.tfevents.1788149260.VCM15.612366.0,train/flow_epe,240,0.11481587588787079,1788151527.0745559
events.out.tfevents.1788149260.VCM15.612366.0,train/flow_epe,250,0.09412236511707306,1788151611.4744697
events.out.tfevents.1788149260.VCM15.612366.0,train/flow_epe,260,0.13312911987304688,1788151684.82409
events.out.tfevents.1788149260.VCM15.612366.0,train/flow_epe,270,0.1831657886505127,1788151780.157681
events.out.tfevents.1788149260.VCM15.612366.0,train/flow_epe,280,0.05779784545302391,1788151878.706035
events.out.tfevents.1788149260.VCM15.612366.0,train/flow_epe,290,0.1553610861301422,1788151965.456892
events.out.tfevents.1788149260.VCM15.612366.0,train/flow_epe,300,0.14797507226467133,1788152044.4984488
events.out.tfevents.1788149260.VCM15.612366.0,train/flow_epe,310,0.2478063702583313,1788152141.2958813
events.out.tfevents.1788149260.VCM15.612366.0,train/flow_epe,320,0.17895270884037018,1788152233.9166276
events.out.tfevents.1788149260.VCM15.612366.0,train/flow_epe,330,0.051359109580516815,1788152340.9122221
events.out.tfevents.1788149260.VCM15.612366.0,train/flow_epe,340,0.23611316084861755,1788152434.6994314
events.out.tfevents.1788149260.VCM15.612366.0,train/flow_epe,350,0.04741748794913292,1788152531.8688948
events.out.tfevents.1788149260.VCM15.612366.0,train/flow_epe,360,0.17201843857765198,1788152617.272723
events.out.tfevents.1788149260.VCM15.612366.0,train/flow_epe,370,0.12267675995826721,1788152709.002219
events.out.tfevents.1788149260.VCM15.612366.0,train/flow_epe,380,0.14267191290855408,1788152807.9732847
events.out.tfevents.1788149260.VCM15.612366.0,train/flow_epe,390,0.045160211622714996,1788152886.0932686
events.out.tfevents.1788149260.VCM15.612366.0,train/flow_epe,400,0.17174017429351807,1788153004.0423892
events.out.tfevents.1788149260.VCM15.612366.0,train/flow_epe,410,0.051448531448841095,1788153096.6860585
events.out.tfevents.1788149260.VCM15.612366.0,train/flow_epe,420,0.06775136291980743,1788153200.2693026
events.out.tfevents.1788149260.VCM15.612366.0,train/flow_epe,430,0.040195003151893616,1788153279.6532342
events.out.tfevents.1788149260.VCM15.612366.0,train/flow_epe,440,0.05353851243853569,1788153358.7860634
events.out.tfevents.1788149260.VCM15.612366.0,train/flow_epe,450,0.08504079282283783,1788153452.8963377
events.out.tfevents.1788149260.VCM15.612366.0,train/flow_epe,460,0.039285168051719666,1788153546.5957556
events.out.tfevents.1788149260.VCM15.612366.0,train/flow_epe,470,0.03694150969386101,1788153635.5183623
events.out.tfevents.1788149260.VCM15.612366.0,train/flow_epe,480,0.038664136081933975,1788153721.5903234
events.out.tfevents.1788149260.VCM15.612366.0,train/flow_epe,490,0.23096925020217896,1788153812.6310332
events.out.tfevents.1788149260.VCM15.612366.0,train/flow_epe,500,0.15505941212177277,1788153910.6145132
events.out.tfevents.1788149260.VCM15.612366.0,train/flow_epe,510,0.1670646220445633,1788154000.3605204
events.out.tfevents.1788149260.VCM15.612366.0,train/flow_epe,520,0.03871045634150505,1788154091.8269725
events.out.tfevents.1788149260.VCM15.612366.0,train/flow_epe,530,0.21233366429805756,1788154197.0285995
events.out.tfevents.1788149260.VCM15.612366.0,train/flow_epe,540,0.12414932250976562,1788154293.8758411
events.out.tfevents.1788149260.VCM15.612366.0,train/flow_epe,550,0.0628899484872818,1788154391.9015164
events.out.tfevents.1788149260.VCM15.612366.0,train/flow_epe,560,0.060636572539806366,1788154471.7954988
events.out.tfevents.1788149260.VCM15.612366.0,train/flow_epe,570,0.07779344916343689,1788154559.8200874
events.out.tfevents.1788149260.VCM15.612366.0,train/flow_epe,580,0.06662851572036743,1788154652.9134793
events.out.tfevents.1788149260.VCM15.612366.0,train/flow_epe,590,0.03774673491716385,1788154759.8377361
events.out.tfevents.1788149260.VCM15.612366.0,train/flow_epe,600,0.37053340673446655,1788154850.2212973
events.out.tfevents.1788149260.VCM15.612366.0,train/flow_epe,610,0.15541356801986694,1788154936.1693232
events.out.tfevents.1788149260.VCM15.612366.0,train/flow_epe,620,0.056997619569301605,1788155017.379291
events.out.tfevents.1788149260.VCM15.612366.0,train/flow_epe,630,0.13355694711208344,1788155103.9705186
events.out.tfevents.1788149260.VCM15.612366.0,train/flow_epe,640,0.08303865790367126,1788155203.6973255
events.out.tfevents.1788149260.VCM15.612366.0,train/flow_epe,650,0.30864259600639343,1788155284.9506724
events.out.tfevents.1788149260.VCM15.612366.0,train/flow_epe,660,0.03661777824163437,1788155406.127754
events.out.tfevents.1788149260.VCM15.612366.0,train/flow_epe,670,0.05662555992603302,1788155500.0035992
events.out.tfevents.1788149260.VCM15.612366.0,train/flow_epe,680,0.06654614955186844,1788155596.4286358
events.out.tfevents.1788149260.VCM15.612366.0,train/flow_epe,690,0.05078276991844177,1788155682.6867957
events.out.tfevents.1788149260.VCM15.612366.0,train/flow_epe,700,0.05154767259955406,1788155773.273327
events.out.tfevents.1788149260.VCM15.612366.0,train/flow_epe,710,0.1936911791563034,1788155870.854697
events.out.tfevents.1788149260.VCM15.612366.0,train/flow_epe,720,0.15665380656719208,1788155970.2139072
events.out.tfevents.1788149260.VCM15.612366.0,train/flow_epe,730,0.030273551121354103,1788156072.5768898
events.out.tfevents.1788149260.VCM15.612366.0,train/flow_epe,740,0.3045460283756256,1788156155.2373378
events.out.tfevents.1788149260.VCM15.612366.0,train/flow_epe,750,0.06932426989078522,1788156249.5555685
events.out.tfevents.1788149260.VCM15.612366.0,train/flow_epe,760,0.07595767080783844,1788156351.0741012
events.out.tfevents.1788149260.VCM15.612366.0,train/flow_epe,770,0.01714983582496643,1788156448.567442
events.out.tfevents.1788149260.VCM15.612366.0,train/flow_epe,780,0.09277673065662384,1788156535.972751
events.out.tfevents.1788149260.VCM15.612366.0,train/flow_epe,790,0.15576069056987762,1788156639.7448092
events.out.tfevents.1788149260.VCM15.612366.0,train/flow_epe,800,0.0318368598818779,1788156748.4569964
events.out.tfevents.1788149260.VCM15.612366.0,train/flow_epe,810,0.04397302120923996,1788156844.529601
events.out.tfevents.1788149260.VCM15.612366.0,train/flow_epe,820,0.1282278299331665,1788156948.2596395
events.out.tfevents.1788149260.VCM15.612366.0,train/flow_epe,830,0.07629303634166718,1788157040.3830254
events.out.tfevents.1788149260.VCM15.612366.0,train/flow_epe,840,0.2537938356399536,1788157134.489066
events.out.tfevents.1788149260.VCM15.612366.0,train/flow_epe,850,0.059824079275131226,1788157241.5537188
events.out.tfevents.1788149260.VCM15.612366.0,train/flow_epe,860,0.11862478405237198,1788157332.516229
events.out.tfevents.1788149260.VCM15.612366.0,train/flow_epe,870,0.20204007625579834,1788157437.3412673
events.out.tfevents.1788149260.VCM15.612366.0,train/flow_epe,880,0.04992588236927986,1788157517.9730744
events.out.tfevents.1788149260.VCM15.612366.0,train/flow_epe,890,0.29058292508125305,1788157629.6265886
events.out.tfevents.1788149260.VCM15.612366.0,train/flow_epe,900,0.17006108164787292,1788157725.4163067
events.out.tfevents.1788149260.VCM15.612366.0,train/flow_epe,910,0.17037782073020935,1788157821.8958771
events.out.tfevents.1788149260.VCM15.612366.0,train/flow_epe,920,0.030404673889279366,1788157920.7338712
events.out.tfevents.1788149260.VCM15.612366.0,train/flow_epe,930,0.2861219644546509,1788158024.380498
events.out.tfevents.1788149260.VCM15.612366.0,train/flow_epe,940,0.11295358836650848,1788158122.6382554
events.out.tfevents.1788149260.VCM15.612366.0,train/flow_epe,950,0.12340002506971359,1788158212.0776846
events.out.tfevents.1788149260.VCM15.612366.0,train/flow_epe,960,0.18504685163497925,1788158306.6451728
events.out.tfevents.1788149260.VCM15.612366.0,train/flow_epe,970,0.05095668137073517,1788158406.311752
events.out.tfevents.1788149260.VCM15.612366.0,train/flow_epe,980,0.04003775492310524,1788158511.4206004
events.out.tfevents.1788149260.VCM15.612366.0,train/flow_epe,990,0.2669561207294464,1788158600.7568183
events.out.tfevents.1788149260.VCM15.612366.0,train/flow_epe,1000,0.1207672506570816,1788158694.978119
events.out.tfevents.1788149260.VCM15.612366.0,train/flow_epe,1010,0.15843044221401215,1788158800.5596015
events.out.tfevents.1788149260.VCM15.612366.0,train/flow_epe,1020,0.03976640850305557,1788158882.892095
events.out.tfevents.1788149260.VCM15.612366.0,train/flow_epe,1030,0.06809978187084198,1788158962.989567
events.out.tfevents.1788149260.VCM15.612366.0,train/flow_epe,1040,0.06816971302032471,1788159050.815298
events.out.tfevents.1788149260.VCM15.612366.0,train/flow_epe,1050,0.08812582492828369,1788159165.2125406
events.out.tfevents.1788149260.VCM15.612366.0,train/flow_epe,1060,0.1264217495918274,1788159264.2757237
events.out.tfevents.1788149260.VCM15.612366.0,train/flow_epe,1070,0.04616392403841019,1788159349.5588918
events.out.tfevents.1788149260.VCM15.612366.0,train/flow_epe,1080,0.054381903260946274,1788159432.0775883
events.out.tfevents.1788149260.VCM15.612366.0,train/flow_epe,1090,0.27128729224205017,1788159534.460495
events.out.tfevents.1788149260.VCM15.612366.0,train/flow_epe,1100,0.03491406887769699,1788159626.4272826
events.out.tfevents.1788149260.VCM15.612366.0,train/flow_epe,1110,0.03504189848899841,1788159720.2174478
events.out.tfevents.1788149260.VCM15.612366.0,train/flow_epe,1120,0.04174754023551941,1788159822.9999938
events.out.tfevents.1788149260.VCM15.612366.0,train/flow_epe,1130,0.053486257791519165,1788159894.3233352
events.out.tfevents.1788149260.VCM15.612366.0,train/flow_epe,1140,0.06499012559652328,1788159980.221214
events.out.tfevents.1788149260.VCM15.612366.0,train/flow_epe,1150,0.09337137639522552,1788160072.7617264
events.out.tfevents.1788149260.VCM15.612366.0,train/flow_epe,1160,0.19009405374526978,1788160180.7475207
events.out.tfevents.1788149260.VCM15.612366.0,train/flow_epe,1170,0.2744438350200653,1788160274.552788
events.out.tfevents.1788149260.VCM15.612366.0,train/flow_epe,1180,0.04356609657406807,1788160383.9051094
events.out.tfevents.1788149260.VCM15.612366.0,train/flow_epe,1190,0.07953331619501114,1788160478.8588665
events.out.tfevents.1788149260.VCM15.612366.0,train/flow_epe,1200,0.19395209848880768,1788160563.2488477
events.out.tfevents.1788149260.VCM15.612366.0,train/flow_epe,1210,0.03454780951142311,1788160667.4309435
events.out.tfevents.1788149260.VCM15.612366.0,train/flow_epe,1220,0.06092095375061035,1788160772.5316236
events.out.tfevents.1788149260.VCM15.612366.0,train/flow_epe,1230,0.03488980233669281,1788160868.2128444
events.out.tfevents.1788149260.VCM15.612366.0,train/flow_epe,1240,0.08093834668397903,1788160964.5647998
events.out.tfevents.1788149260.VCM15.612366.0,train/flow_epe,1250,0.029091887176036835,1788161060.304538
events.out.tfevents.1788149260.VCM15.612366.0,train/flow_epe,1260,0.023275047540664673,1788161152.513245
events.out.tfevents.1788149260.VCM15.612366.0,train/flow_epe,1270,0.12012924253940582,1788161248.3681822
events.out.tfevents.1788149260.VCM15.612366.0,train/flow_epe,1280,0.21993061900138855,1788161338.4161074
events.out.tfevents.1788149260.VCM15.612366.0,train/flow_epe,1290,0.13152652978897095,1788161439.2862937
events.out.tfevents.1788149260.VCM15.612366.0,train/flow_epe,1300,0.12757527828216553,1788161525.2863908
events.out.tfevents.1788149260.VCM15.612366.0,train/flow_epe,1310,0.16121040284633636,1788161631.8126123
events.out.tfevents.1788149260.VCM15.612366.0,train/flow_epe,1320,0.18147441744804382,1788161729.792856
events.out.tfevents.1788149260.VCM15.612366.0,train/flow_epe,1330,0.032500576227903366,1788161816.9991782
events.out.tfevents.1788149260.VCM15.612366.0,train/flow_epe,1340,0.1477057933807373,1788161901.6002905
events.out.tfevents.1788149260.VCM15.612366.0,train/flow_epe,1350,0.053533442318439484,1788161995.341591
events.out.tfevents.1788149260.VCM15.612366.0,train/flow_epe,1360,0.05729863420128822,1788162100.338658
events.out.tfevents.1788149260.VCM15.612366.0,train/flow_epe,1370,0.04690845310688019,1788162185.9323757
events.out.tfevents.1788149260.VCM15.612366.0,train/flow_epe,1380,0.2567298412322998,1788162278.2699409
events.out.tfevents.1788149260.VCM15.612366.0,train/flow_epe,1390,0.11760932952165604,1788162368.7618854
events.out.tfevents.1788149260.VCM15.612366.0,train/flow_epe,1400,0.25158149003982544,1788162454.5661147
events.out.tfevents.1788149260.VCM15.612366.0,train/flow_epe,1410,0.12091880291700363,1788162570.949589
events.out.tfevents.1788149260.VCM15.612366.0,train/flow_epe,1420,0.04103146493434906,1788162670.9667785
events.out.tfevents.1788149260.VCM15.612366.0,train/flow_epe,1430,0.029311249032616615,1788162749.583771
events.out.tfevents.1788149260.VCM15.612366.0,train/flow_epe,1440,0.032074905931949615,1788162861.417756
events.out.tfevents.1788149260.VCM15.612366.0,train/flow_epe,1450,0.10188718140125275,1788162946.076836
events.out.tfevents.1788149260.VCM15.612366.0,train/flow_epe,1460,0.2014583945274353,1788163040.5909648
events.out.tfevents.1788149260.VCM15.612366.0,train/flow_epe,1470,0.15552783012390137,1788163142.9649584
events.out.tfevents.1788149260.VCM15.612366.0,train/flow_epe,1480,0.16009274125099182,1788163230.4396725
events.out.tfevents.1788149260.VCM15.612366.0,train/flow_epe,1490,0.07257941365242004,1788163333.272695
events.out.tfevents.1788149260.VCM15.612366.0,train/flow_epe,1500,0.27112486958503723,1788163424.1488492
events.out.tfevents.1788149260.VCM15.612366.0,train/flow_epe,1510,0.03800048679113388,1788163534.5285528
events.out.tfevents.1788149260.VCM15.612366.0,train/flow_epe,1520,0.042938265949487686,1788163640.3758342
events.out.tfevents.1788149260.VCM15.612366.0,train/flow_epe,1530,0.0357421338558197,1788163720.7670512
events.out.tfevents.1788149260.VCM15.612366.0,train/flow_epe,1540,0.08119016885757446,1788163795.6383903
events.out.tfevents.1788149260.VCM15.612366.0,train/flow_epe,1550,0.04291507974267006,1788163879.262411
events.out.tfevents.1788149260.VCM15.612366.0,train/flow_epe,1560,0.11283668130636215,1788163980.6099079
events.out.tfevents.1788149260.VCM15.612366.0,train/flow_epe,1570,0.03771231323480606,1788164085.5860386
events.out.tfevents.1788149260.VCM15.612366.0,train/flow_epe,1580,0.129602313041687,1788164169.4598413
events.out.tfevents.1788149260.VCM15.612366.0,train/flow_epe,1590,0.023177320137619972,1788164279.9979312
events.out.tfevents.1788149260.VCM15.612366.0,train/flow_epe,1600,0.031625423580408096,1788164386.8191845
events.out.tfevents.1788149260.VCM15.612366.0,train/flow_epe,1610,0.08585244417190552,1788164466.1016645
events.out.tfevents.1788149260.VCM15.612366.0,train/flow_epe,1620,0.12916091084480286,1788164551.8556027
events.out.tfevents.1788149260.VCM15.612366.0,train/flow_epe,1630,0.16125597059726715,1788164654.050183
events.out.tfevents.1788149260.VCM15.612366.0,train/flow_epe,1640,0.08634431660175323,1788164742.779407
events.out.tfevents.1788149260.VCM15.612366.0,train/flow_epe,1650,0.15387068688869476,1788164849.3313422
events.out.tfevents.1788149260.VCM15.612366.0,train/flow_epe,1660,0.03336658328771591,1788164941.067399
events.out.tfevents.1788149260.VCM15.612366.0,train/flow_epe,1670,0.0788763239979744,1788165018.4756515
events.out.tfevents.1788149260.VCM15.612366.0,train/flow_epe,1680,0.23297914862632751,1788165099.3120673
events.out.tfevents.1788149260.VCM15.612366.0,train/flow_epe,1690,0.26759809255599976,1788165192.428725
events.out.tfevents.1788149260.VCM15.612366.0,train/flow_epe,1700,0.09638544172048569,1788165285.2509775
events.out.tfevents.1788149260.VCM15.612366.0,train/flow_epe,1710,0.09743915498256683,1788165382.279355
events.out.tfevents.1788149260.VCM15.612366.0,train/flow_epe,1720,0.056904811412096024,1788165484.1832683
events.out.tfevents.1788149260.VCM15.612366.0,train/flow_pred_magnitude,10,0.1477116197347641,1788149359.6546388
events.out.tfevents.1788149260.VCM15.612366.0,train/flow_pred_magnitude,20,0.016251254826784134,1788149444.6233857
events.out.tfevents.1788149260.VCM15.612366.0,train/flow_pred_magnitude,30,0.052253950387239456,1788149546.7179718
events.out.tfevents.1788149260.VCM15.612366.0,train/flow_pred_magnitude,40,0.03229580447077751,1788149643.3561702
events.out.tfevents.1788149260.VCM15.612366.0,train/flow_pred_magnitude,50,0.03618302941322327,1788149736.006934
events.out.tfevents.1788149260.VCM15.612366.0,train/flow_pred_magnitude,60,0.04926437884569168,1788149822.587312
events.out.tfevents.1788149260.VCM15.612366.0,train/flow_pred_magnitude,70,0.048896994441747665,1788149930.1045928
events.out.tfevents.1788149260.VCM15.612366.0,train/flow_pred_magnitude,80,0.04420971870422363,1788150017.0756984
events.out.tfevents.1788149260.VCM15.612366.0,train/flow_pred_magnitude,90,0.09500174224376678,1788150107.8699715
events.out.tfevents.1788149260.VCM15.612366.0,train/flow_pred_magnitude,100,0.05155370011925697,1788150199.8092282
events.out.tfevents.1788149260.VCM15.612366.0,train/flow_pred_magnitude,110,0.04781510680913925,1788150301.2555802
events.out.tfevents.1788149260.VCM15.612366.0,train/flow_pred_magnitude,120,0.06754719465970993,1788150402.7787502
events.out.tfevents.1788149260.VCM15.612366.0,train/flow_pred_magnitude,130,0.02984321489930153,1788150482.7366247
events.out.tfevents.1788149260.VCM15.612366.0,train/flow_pred_magnitude,140,0.03887317329645157,1788150583.650678
events.out.tfevents.1788149260.VCM15.612366.0,train/flow_pred_magnitude,150,0.06817243993282318,1788150680.066635
events.out.tfevents.1788149260.VCM15.612366.0,train/flow_pred_magnitude,160,0.060551680624485016,1788150781.7829537
events.out.tfevents.1788149260.VCM15.612366.0,train/flow_pred_magnitude,170,0.08677154779434204,1788150892.822126
events.out.tfevents.1788149260.VCM15.612366.0,train/flow_pred_magnitude,180,0.06516329944133759,1788150975.0988793
events.out.tfevents.1788149260.VCM15.612366.0,train/flow_pred_magnitude,190,0.09953619539737701,1788151052.985123
events.out.tfevents.1788149260.VCM15.612366.0,train/flow_pred_magnitude,200,0.03307336941361427,1788151137.402956
events.out.tfevents.1788149260.VCM15.612366.0,train/flow_pred_magnitude,210,0.033307433128356934,1788151229.0734036
events.out.tfevents.1788149260.VCM15.612366.0,train/flow_pred_magnitude,220,0.041170068085193634,1788151323.4879665
events.out.tfevents.1788149260.VCM15.612366.0,train/flow_pred_magnitude,230,0.059865523129701614,1788151427.5915864
events.out.tfevents.1788149260.VCM15.612366.0,train/flow_pred_magnitude,240,0.04889489710330963,1788151527.0746913
events.out.tfevents.1788149260.VCM15.612366.0,train/flow_pred_magnitude,250,0.08008143305778503,1788151611.4745555
events.out.tfevents.1788149260.VCM15.612366.0,train/flow_pred_magnitude,260,0.058180563151836395,1788151684.8242247
events.out.tfevents.1788149260.VCM15.612366.0,train/flow_pred_magnitude,270,0.06050267070531845,1788151780.1578152
events.out.tfevents.1788149260.VCM15.612366.0,train/flow_pred_magnitude,280,0.02741456963121891,1788151878.706171
events.out.tfevents.1788149260.VCM15.612366.0,train/flow_pred_magnitude,290,0.08982281386852264,1788151965.4570441
events.out.tfevents.1788149260.VCM15.612366.0,train/flow_pred_magnitude,300,0.07291088998317719,1788152044.4986124
events.out.tfevents.1788149260.VCM15.612366.0,train/flow_pred_magnitude,310,0.09806639701128006,1788152141.296044
events.out.tfevents.1788149260.VCM15.612366.0,train/flow_pred_magnitude,320,0.05859944969415665,1788152233.9167666
events.out.tfevents.1788149260.VCM15.612366.0,train/flow_pred_magnitude,330,0.05622420459985733,1788152340.9123404
events.out.tfevents.1788149260.VCM15.612366.0,train/flow_pred_magnitude,340,0.05343369022011757,1788152434.699535
events.out.tfevents.1788149260.VCM15.612366.0,train/flow_pred_magnitude,350,0.04598603770136833,1788152531.8689973
events.out.tfevents.1788149260.VCM15.612366.0,train/flow_pred_magnitude,360,0.06959623843431473,1788152617.2728307
events.out.tfevents.1788149260.VCM15.612366.0,train/flow_pred_magnitude,370,0.11951367557048798,1788152709.002355
events.out.tfevents.1788149260.VCM15.612366.0,train/flow_pred_magnitude,380,0.04981891065835953,1788152807.973371
events.out.tfevents.1788149260.VCM15.612366.0,train/flow_pred_magnitude,390,0.040063485503196716,1788152886.0934062
events.out.tfevents.1788149260.VCM15.612366.0,train/flow_pred_magnitude,400,0.09489638358354568,1788153004.0424747
events.out.tfevents.1788149260.VCM15.612366.0,train/flow_pred_magnitude,410,0.05427515506744385,1788153096.686194
events.out.tfevents.1788149260.VCM15.612366.0,train/flow_pred_magnitude,420,0.04337470233440399,1788153200.2694218
events.out.tfevents.1788149260.VCM15.612366.0,train/flow_pred_magnitude,430,0.024278726428747177,1788153279.6533692
events.out.tfevents.1788149260.VCM15.612366.0,train/flow_pred_magnitude,440,0.045317716896533966,1788153358.7861793
events.out.tfevents.1788149260.VCM15.612366.0,train/flow_pred_magnitude,450,0.05780112370848656,1788153452.8964229
events.out.tfevents.1788149260.VCM15.612366.0,train/flow_pred_magnitude,460,0.03900229185819626,1788153546.5958416
events.out.tfevents.1788149260.VCM15.612366.0,train/flow_pred_magnitude,470,0.0467674657702446,1788153635.5184453
events.out.tfevents.1788149260.VCM15.612366.0,train/flow_pred_magnitude,480,0.035529907792806625,1788153721.5904233
events.out.tfevents.1788149260.VCM15.612366.0,train/flow_pred_magnitude,490,0.05823054909706116,1788153812.6311421
events.out.tfevents.1788149260.VCM15.612366.0,train/flow_pred_magnitude,500,0.05327131971716881,1788153910.614646
events.out.tfevents.1788149260.VCM15.612366.0,train/flow_pred_magnitude,510,0.056692060083150864,1788154000.3606222
events.out.tfevents.1788149260.VCM15.612366.0,train/flow_pred_magnitude,520,0.034313417971134186,1788154091.8271072
events.out.tfevents.1788149260.VCM15.612366.0,train/flow_pred_magnitude,530,0.10460132360458374,1788154197.0287323
events.out.tfevents.1788149260.VCM15.612366.0,train/flow_pred_magnitude,540,0.04619542509317398,1788154293.875977
events.out.tfevents.1788149260.VCM15.612366.0,train/flow_pred_magnitude,550,0.05808039754629135,1788154391.9016201
events.out.tfevents.1788149260.VCM15.612366.0,train/flow_pred_magnitude,560,0.049164384603500366,1788154471.7956347
events.out.tfevents.1788149260.VCM15.612366.0,train/flow_pred_magnitude,570,0.045586831867694855,1788154559.820175
events.out.tfevents.1788149260.VCM15.612366.0,train/flow_pred_magnitude,580,0.05976061895489693,1788154652.9136171
events.out.tfevents.1788149260.VCM15.612366.0,train/flow_pred_magnitude,590,0.06794619560241699,1788154759.8378394
events.out.tfevents.1788149260.VCM15.612366.0,train/flow_pred_magnitude,600,0.047300390899181366,1788154850.221433
events.out.tfevents.1788149260.VCM15.612366.0,train/flow_pred_magnitude,610,0.13285377621650696,1788154936.169459
events.out.tfevents.1788149260.VCM15.612366.0,train/flow_pred_magnitude,620,0.025407345965504646,1788155017.3794146
events.out.tfevents.1788149260.VCM15.612366.0,train/flow_pred_magnitude,630,0.07831496000289917,1788155103.970651
events.out.tfevents.1788149260.VCM15.612366.0,train/flow_pred_magnitude,640,0.040518131107091904,1788155203.6974614
events.out.tfevents.1788149260.VCM15.612366.0,train/flow_pred_magnitude,650,0.08919541537761688,1788155284.950807
events.out.tfevents.1788149260.VCM15.612366.0,train/flow_pred_magnitude,660,0.027834728360176086,1788155406.1278386
events.out.tfevents.1788149260.VCM15.612366.0,train/flow_pred_magnitude,670,0.033623263239860535,1788155500.0037334
events.out.tfevents.1788149260.VCM15.612366.0,train/flow_pred_magnitude,680,0.03267126530408859,1788155596.4287703
events.out.tfevents.1788149260.VCM15.612366.0,train/flow_pred_magnitude,690,0.03427102416753769,1788155682.6868806
events.out.tfevents.1788149260.VCM15.612366.0,train/flow_pred_magnitude,700,0.035768233239650726,1788155773.2734637
events.out.tfevents.1788149260.VCM15.612366.0,train/flow_pred_magnitude,710,0.03981547802686691,1788155870.8547993
events.out.tfevents.1788149260.VCM15.612366.0,train/flow_pred_magnitude,720,0.045958612114191055,1788155970.2139926
events.out.tfevents.1788149260.VCM15.612366.0,train/flow_pred_magnitude,730,0.01987939514219761,1788156072.5769877
events.out.tfevents.1788149260.VCM15.612366.0,train/flow_pred_magnitude,740,0.08794663846492767,1788156155.2374828
events.out.tfevents.1788149260.VCM15.612366.0,train/flow_pred_magnitude,750,0.051957644522190094,1788156249.5556242
events.out.tfevents.1788149260.VCM15.612366.0,train/flow_pred_magnitude,760,0.06813757121562958,1788156351.0742347
events.out.tfevents.1788149260.VCM15.612366.0,train/flow_pred_magnitude,770,0.02172286994755268,1788156448.5675566
events.out.tfevents.1788149260.VCM15.612366.0,train/flow_pred_magnitude,780,0.07853791117668152,1788156535.9728882
events.out.tfevents.1788149260.VCM15.612366.0,train/flow_pred_magnitude,790,0.054809506982564926,1788156639.7449596
events.out.tfevents.1788149260.VCM15.612366.0,train/flow_pred_magnitude,800,0.03138314560055733,1788156748.4570816
events.out.tfevents.1788149260.VCM15.612366.0,train/flow_pred_magnitude,810,0.0678669884800911,1788156844.529709
events.out.tfevents.1788149260.VCM15.612366.0,train/flow_pred_magnitude,820,0.0421479195356369,1788156948.2597747
events.out.tfevents.1788149260.VCM15.612366.0,train/flow_pred_magnitude,830,0.0609443224966526,1788157040.3831327
events.out.tfevents.1788149260.VCM15.612366.0,train/flow_pred_magnitude,840,0.08497370779514313,1788157134.4892027
events.out.tfevents.1788149260.VCM15.612366.0,train/flow_pred_magnitude,850,0.02384200692176819,1788157241.5538406
events.out.tfevents.1788149260.VCM15.612366.0,train/flow_pred_magnitude,860,0.04578666388988495,1788157332.5163624
events.out.tfevents.1788149260.VCM15.612366.0,train/flow_pred_magnitude,870,0.0896415263414383,1788157437.3414035
events.out.tfevents.1788149260.VCM15.612366.0,train/flow_pred_magnitude,880,0.025491764768958092,1788157517.9731622
events.out.tfevents.1788149260.VCM15.612366.0,train/flow_pred_magnitude,890,0.08089737594127655,1788157629.6267247
events.out.tfevents.1788149260.VCM15.612366.0,train/flow_pred_magnitude,900,0.056878846138715744,1788157725.4164433
events.out.tfevents.1788149260.VCM15.612366.0,train/flow_pred_magnitude,910,0.13620710372924805,1788157821.8960154
events.out.tfevents.1788149260.VCM15.612366.0,train/flow_pred_magnitude,920,0.028352951630949974,1788157920.7339797
events.out.tfevents.1788149260.VCM15.612366.0,train/flow_pred_magnitude,930,0.13051941990852356,1788158024.3805988
events.out.tfevents.1788149260.VCM15.612366.0,train/flow_pred_magnitude,940,0.041950538754463196,1788158122.6383789
events.out.tfevents.1788149260.VCM15.612366.0,train/flow_pred_magnitude,950,0.10944107919931412,1788158212.0777864
events.out.tfevents.1788149260.VCM15.612366.0,train/flow_pred_magnitude,960,0.06500690430402756,1788158306.6453152
events.out.tfevents.1788149260.VCM15.612366.0,train/flow_pred_magnitude,970,0.035484395921230316,1788158406.311916
events.out.tfevents.1788149260.VCM15.612366.0,train/flow_pred_magnitude,980,0.02891940250992775,1788158511.4206705
events.out.tfevents.1788149260.VCM15.612366.0,train/flow_pred_magnitude,990,0.07248099148273468,1788158600.7569032
events.out.tfevents.1788149260.VCM15.612366.0,train/flow_pred_magnitude,1000,0.05919308215379715,1788158694.9782526
events.out.tfevents.1788149260.VCM15.612366.0,train/flow_pred_magnitude,1010,0.059166837483644485,1788158800.5597365
events.out.tfevents.1788149260.VCM15.612366.0,train/flow_pred_magnitude,1020,0.0306897833943367,1788158882.8922293
events.out.tfevents.1788149260.VCM15.612366.0,train/flow_pred_magnitude,1030,0.07117202877998352,1788158962.9897022
events.out.tfevents.1788149260.VCM15.612366.0,train/flow_pred_magnitude,1040,0.041761815547943115,1788159050.815431
events.out.tfevents.1788149260.VCM15.612366.0,train/flow_pred_magnitude,1050,0.059980761259794235,1788159165.2126756
events.out.tfevents.1788149260.VCM15.612366.0,train/flow_pred_magnitude,1060,0.11403531581163406,1788159264.2758594
events.out.tfevents.1788149260.VCM15.612366.0,train/flow_pred_magnitude,1070,0.04278373718261719,1788159349.5589826
events.out.tfevents.1788149260.VCM15.612366.0,train/flow_pred_magnitude,1080,0.027334626764059067,1788159432.0776744
events.out.tfevents.1788149260.VCM15.612366.0,train/flow_pred_magnitude,1090,0.08674503862857819,1788159534.4605808
events.out.tfevents.1788149260.VCM15.612366.0,train/flow_pred_magnitude,1100,0.04919765889644623,1788159626.4274178
events.out.tfevents.1788149260.VCM15.612366.0,train/flow_pred_magnitude,1110,0.0249905027449131,1788159720.21758
events.out.tfevents.1788149260.VCM15.612366.0,train/flow_pred_magnitude,1120,0.03515533357858658,1788159823.0000792
events.out.tfevents.1788149260.VCM15.612366.0,train/flow_pred_magnitude,1130,0.053671225905418396,1788159894.3233805
events.out.tfevents.1788149260.VCM15.612366.0,train/flow_pred_magnitude,1140,0.02418477088212967,1788159980.221317
events.out.tfevents.1788149260.VCM15.612366.0,train/flow_pred_magnitude,1150,0.08884472399950027,1788160072.7618613
events.out.tfevents.1788149260.VCM15.612366.0,train/flow_pred_magnitude,1160,0.08286485075950623,1788160180.7475655
events.out.tfevents.1788149260.VCM15.612366.0,train/flow_pred_magnitude,1170,0.05038265138864517,1788160274.5528684
events.out.tfevents.1788149260.VCM15.612366.0,train/flow_pred_magnitude,1180,0.030922461301088333,1788160383.905244
events.out.tfevents.1788149260.VCM15.612366.0,train/flow_pred_magnitude,1190,0.07800843566656113,1788160478.8590007
events.out.tfevents.1788149260.VCM15.612366.0,train/flow_pred_magnitude,1200,0.05029841139912605,1788160563.2489667
events.out.tfevents.1788149260.VCM15.612366.0,train/flow_pred_magnitude,1210,0.03557290509343147,1788160667.431033
events.out.tfevents.1788149260.VCM15.612366.0,train/flow_pred_magnitude,1220,0.047245729714632034,1788160772.5317175
events.out.tfevents.1788149260.VCM15.612366.0,train/flow_pred_magnitude,1230,0.02064608223736286,1788160868.2129958
events.out.tfevents.1788149260.VCM15.612366.0,train/flow_pred_magnitude,1240,0.03282995522022247,1788160964.5648837
events.out.tfevents.1788149260.VCM15.612366.0,train/flow_pred_magnitude,1250,0.024390852078795433,1788161060.304673
events.out.tfevents.1788149260.VCM15.612366.0,train/flow_pred_magnitude,1260,0.023143399506807327,1788161152.5133543
events.out.tfevents.1788149260.VCM15.612366.0,train/flow_pred_magnitude,1270,0.042060598731040955,1788161248.3682635
events.out.tfevents.1788149260.VCM15.612366.0,train/flow_pred_magnitude,1280,0.0770808756351471,1788161338.4162424
events.out.tfevents.1788149260.VCM15.612366.0,train/flow_pred_magnitude,1290,0.06282927095890045,1788161439.286428
events.out.tfevents.1788149260.VCM15.612366.0,train/flow_pred_magnitude,1300,0.05751344934105873,1788161525.2864776
events.out.tfevents.1788149260.VCM15.612366.0,train/flow_pred_magnitude,1310,0.07126996666193008,1788161631.8126574
events.out.tfevents.1788149260.VCM15.612366.0,train/flow_pred_magnitude,1320,0.05846428871154785,1788161729.793004
events.out.tfevents.1788149260.VCM15.612366.0,train/flow_pred_magnitude,1330,0.03458750247955322,1788161816.9993155
events.out.tfevents.1788149260.VCM15.612366.0,train/flow_pred_magnitude,1340,0.07088443636894226,1788161901.600408
events.out.tfevents.1788149260.VCM15.612366.0,train/flow_pred_magnitude,1350,0.045948147773742676,1788161995.341729
events.out.tfevents.1788149260.VCM15.612366.0,train/flow_pred_magnitude,1360,0.06321211159229279,1788162100.3387487
events.out.tfevents.1788149260.VCM15.612366.0,train/flow_pred_magnitude,1370,0.04522879421710968,1788162185.9324598
events.out.tfevents.1788149260.VCM15.612366.0,train/flow_pred_magnitude,1380,0.12297599017620087,1788162278.2700775
events.out.tfevents.1788149260.VCM15.612366.0,train/flow_pred_magnitude,1390,0.04694557189941406,1788162368.7620182
events.out.tfevents.1788149260.VCM15.612366.0,train/flow_pred_magnitude,1400,0.09213599562644958,1788162454.566204
events.out.tfevents.1788149260.VCM15.612366.0,train/flow_pred_magnitude,1410,0.04837217181921005,1788162570.94968
events.out.tfevents.1788149260.VCM15.612366.0,train/flow_pred_magnitude,1420,0.030876975506544113,1788162670.9669154
events.out.tfevents.1788149260.VCM15.612366.0,train/flow_pred_magnitude,1430,0.029435155913233757,1788162749.5839052
events.out.tfevents.1788149260.VCM15.612366.0,train/flow_pred_magnitude,1440,0.03109089657664299,1788162861.4178927
events.out.tfevents.1788149260.VCM15.612366.0,train/flow_pred_magnitude,1450,0.05749152600765228,1788162946.0769858
events.out.tfevents.1788149260.VCM15.612366.0,train/flow_pred_magnitude,1460,0.06395505368709564,1788163040.5911021
events.out.tfevents.1788149260.VCM15.612366.0,train/flow_pred_magnitude,1470,0.059890016913414,1788163142.96507
events.out.tfevents.1788149260.VCM15.612366.0,train/flow_pred_magnitude,1480,0.06085141748189926,1788163230.4397864
events.out.tfevents.1788149260.VCM15.612366.0,train/flow_pred_magnitude,1490,0.05720272287726402,1788163333.2727962
events.out.tfevents.1788149260.VCM15.612366.0,train/flow_pred_magnitude,1500,0.11739138513803482,1788163424.148941
events.out.tfevents.1788149260.VCM15.612366.0,train/flow_pred_magnitude,1510,0.07434546947479248,1788163534.5286374
events.out.tfevents.1788149260.VCM15.612366.0,train/flow_pred_magnitude,1520,0.021444173529744148,1788163640.3759234
events.out.tfevents.1788149260.VCM15.612366.0,train/flow_pred_magnitude,1530,0.08118201792240143,1788163720.7671587
events.out.tfevents.1788149260.VCM15.612366.0,train/flow_pred_magnitude,1540,0.02788577228784561,1788163795.638492
events.out.tfevents.1788149260.VCM15.612366.0,train/flow_pred_magnitude,1550,0.023909227922558784,1788163879.2625303
events.out.tfevents.1788149260.VCM15.612366.0,train/flow_pred_magnitude,1560,0.07986471056938171,1788163980.610017
events.out.tfevents.1788149260.VCM15.612366.0,train/flow_pred_magnitude,1570,0.022895004600286484,1788164085.5861275
events.out.tfevents.1788149260.VCM15.612366.0,train/flow_pred_magnitude,1580,0.05538490042090416,1788164169.459977
events.out.tfevents.1788149260.VCM15.612366.0,train/flow_pred_magnitude,1590,0.03953588753938675,1788164279.9980676
events.out.tfevents.1788149260.VCM15.612366.0,train/flow_pred_magnitude,1600,0.01612025499343872,1788164386.8192987
events.out.tfevents.1788149260.VCM15.612366.0,train/flow_pred_magnitude,1610,0.06225510686635971,1788164466.1017978
events.out.tfevents.1788149260.VCM15.612366.0,train/flow_pred_magnitude,1620,0.06300117820501328,1788164551.8557355
events.out.tfevents.1788149260.VCM15.612366.0,train/flow_pred_magnitude,1630,0.0619695708155632,1788164654.050268
events.out.tfevents.1788149260.VCM15.612366.0,train/flow_pred_magnitude,1640,0.041135042905807495,1788164742.7794921
events.out.tfevents.1788149260.VCM15.612366.0,train/flow_pred_magnitude,1650,0.057184603065252304,1788164849.3314428
events.out.tfevents.1788149260.VCM15.612366.0,train/flow_pred_magnitude,1660,0.021982870995998383,1788164941.06756
events.out.tfevents.1788149260.VCM15.612366.0,train/flow_pred_magnitude,1670,0.023097822442650795,1788165018.475786
events.out.tfevents.1788149260.VCM15.612366.0,train/flow_pred_magnitude,1680,0.12155930697917938,1788165099.312201
events.out.tfevents.1788149260.VCM15.612366.0,train/flow_pred_magnitude,1690,0.09721405804157257,1788165192.4289129
events.out.tfevents.1788149260.VCM15.612366.0,train/flow_pred_magnitude,1700,0.02915753610432148,1788165285.2511303
events.out.tfevents.1788149260.VCM15.612366.0,train/flow_pred_magnitude,1710,0.02841678448021412,1788165382.2794862
events.out.tfevents.1788149260.VCM15.612366.0,train/flow_pred_magnitude,1720,0.02364172786474228,1788165484.1833532
events.out.tfevents.1788149260.VCM15.612366.0,train/flow_valid_backward,10,0.28834637999534607,1788149359.65462
events.out.tfevents.1788149260.VCM15.612366.0,train/flow_valid_backward,20,0.15909017622470856,1788149444.6233573
events.out.tfevents.1788149260.VCM15.612366.0,train/flow_valid_backward,30,0.49886882305145264,1788149546.7179306
events.out.tfevents.1788149260.VCM15.612366.0,train/flow_valid_backward,40,0.3390136957168579,1788149643.3561254
events.out.tfevents.1788149260.VCM15.612366.0,train/flow_valid_backward,50,0.5176270008087158,1788149736.0069056
events.out.tfevents.1788149260.VCM15.612366.0,train/flow_valid_backward,60,0.6765625476837158,1788149822.5872664
events.out.tfevents.1788149260.VCM15.612366.0,train/flow_valid_backward,70,0.7252278923988342,1788149930.104551
events.out.tfevents.1788149260.VCM15.612366.0,train/flow_valid_backward,80,0.4241292476654053,1788150017.0756617
events.out.tfevents.1788149260.VCM15.612366.0,train/flow_valid_backward,90,0.5863770246505737,1788150107.869927
events.out.tfevents.1788149260.VCM15.612366.0,train/flow_valid_backward,100,0.5961670279502869,1788150199.8091898
events.out.tfevents.1788149260.VCM15.612366.0,train/flow_valid_backward,110,0.546826183795929,1788150301.2555358
events.out.tfevents.1788149260.VCM15.612366.0,train/flow_valid_backward,120,0.6739990711212158,1788150402.7787058
events.out.tfevents.1788149260.VCM15.612366.0,train/flow_valid_backward,130,0.34437665343284607,1788150482.7365868
events.out.tfevents.1788149260.VCM15.612366.0,train/flow_valid_backward,140,0.3483235836029053,1788150583.6506324
events.out.tfevents.1788149260.VCM15.612366.0,train/flow_valid_backward,150,0.5337239503860474,1788150680.0666041
events.out.tfevents.1788149260.VCM15.612366.0,train/flow_valid_backward,160,0.7315348386764526,1788150781.7829256
events.out.tfevents.1788149260.VCM15.612366.0,train/flow_valid_backward,170,0.34964194893836975,1788150892.8220809
events.out.tfevents.1788149260.VCM15.612366.0,train/flow_valid_backward,180,0.7712727785110474,1788150975.098835
events.out.tfevents.1788149260.VCM15.612366.0,train/flow_valid_backward,190,0.4495687186717987,1788151052.9850883
events.out.tfevents.1788149260.VCM15.612366.0,train/flow_valid_backward,200,0.36620283126831055,1788151137.40291
events.out.tfevents.1788149260.VCM15.612366.0,train/flow_valid_backward,210,0.7063883543014526,1788151229.0733752
events.out.tfevents.1788149260.VCM15.612366.0,train/flow_valid_backward,220,0.8476806879043579,1788151323.4879215
events.out.tfevents.1788149260.VCM15.612366.0,train/flow_valid_backward,230,0.5986247062683105,1788151427.591558
events.out.tfevents.1788149260.VCM15.612366.0,train/flow_valid_backward,240,0.6520670652389526,1788151527.0746467
events.out.tfevents.1788149260.VCM15.612366.0,train/flow_valid_backward,250,0.45409345626831055,1788151611.4745271
events.out.tfevents.1788149260.VCM15.612366.0,train/flow_valid_backward,260,0.7437663078308105,1788151684.82418
events.out.tfevents.1788149260.VCM15.612366.0,train/flow_valid_backward,270,0.5323160886764526,1788151780.1577706
events.out.tfevents.1788149260.VCM15.612366.0,train/flow_valid_backward,280,0.32691246271133423,1788151878.7061257
events.out.tfevents.1788149260.VCM15.612366.0,train/flow_valid_backward,290,0.5197021961212158,1788151965.4569988
events.out.tfevents.1788149260.VCM15.612366.0,train/flow_valid_backward,300,0.5761312246322632,1788152044.4985583
events.out.tfevents.1788149260.VCM15.612366.0,train/flow_valid_backward,310,0.1529947966337204,1788152141.2959905
events.out.tfevents.1788149260.VCM15.612366.0,train/flow_valid_backward,320,0.7811035513877869,1788152233.9167209
events.out.tfevents.1788149260.VCM15.612366.0,train/flow_valid_backward,330,0.5186361074447632,1788152340.9123013
events.out.tfevents.1788149260.VCM15.612366.0,train/flow_valid_backward,340,0.49472659826278687,1788152434.699501
events.out.tfevents.1788149260.VCM15.612366.0,train/flow_valid_backward,350,0.4190104305744171,1788152531.8689675
events.out.tfevents.1788149260.VCM15.612366.0,train/flow_valid_backward,360,0.6003174185752869,1788152617.2727954
events.out.tfevents.1788149260.VCM15.612366.0,train/flow_valid_backward,370,0.27432456612586975,1788152709.0023105
events.out.tfevents.1788149260.VCM15.612366.0,train/flow_valid_backward,380,0.6542074084281921,1788152807.9733427
events.out.tfevents.1788149260.VCM15.612366.0,train/flow_valid_backward,390,0.4517415761947632,1788152886.0933611
events.out.tfevents.1788149260.VCM15.612366.0,train/flow_valid_backward,400,0.4154622554779053,1788153004.0424469
events.out.tfevents.1788149260.VCM15.612366.0,train/flow_valid_backward,410,0.7309326529502869,1788153096.6861496
events.out.tfevents.1788149260.VCM15.612366.0,train/flow_valid_backward,420,0.41486817598342896,1788153200.269383
events.out.tfevents.1788149260.VCM15.612366.0,train/flow_valid_backward,430,0.35836589336395264,1788153279.6533246
events.out.tfevents.1788149260.VCM15.612366.0,train/flow_valid_backward,440,0.5743896961212158,1788153358.7861416
events.out.tfevents.1788149260.VCM15.612366.0,train/flow_valid_backward,450,0.5500000715255737,1788153452.896395
events.out.tfevents.1788149260.VCM15.612366.0,train/flow_valid_backward,460,0.5993083119392395,1788153546.595813
events.out.tfevents.1788149260.VCM15.612366.0,train/flow_valid_backward,470,0.4540609121322632,1788153635.5184178
events.out.tfevents.1788149260.VCM15.612366.0,train/flow_valid_backward,480,0.24008791148662567,1788153721.5903902
events.out.tfevents.1788149260.VCM15.612366.0,train/flow_valid_backward,490,0.6356608867645264,1788153812.6311064
events.out.tfevents.1788149260.VCM15.612366.0,train/flow_valid_backward,500,0.5470703840255737,1788153910.6146023
events.out.tfevents.1788149260.VCM15.612366.0,train/flow_valid_backward,510,0.5309407711029053,1788154000.3605893
events.out.tfevents.1788149260.VCM15.612366.0,train/flow_valid_backward,520,0.2803955078125,1788154091.8270628
events.out.tfevents.1788149260.VCM15.612366.0,train/flow_valid_backward,530,0.21570637822151184,1788154197.0286887
events.out.tfevents.1788149260.VCM15.612366.0,train/flow_valid_backward,540,0.383268266916275,1788154293.8759325
events.out.tfevents.1788149260.VCM15.612366.0,train/flow_valid_backward,550,0.43238934874534607,1788154391.9015858
events.out.tfevents.1788149260.VCM15.612366.0,train/flow_valid_backward,560,0.39271649718284607,1788154471.7955902
events.out.tfevents.1788149260.VCM15.612366.0,train/flow_valid_backward,570,0.7371256947517395,1788154559.8201458
events.out.tfevents.1788149260.VCM15.612366.0,train/flow_valid_backward,580,0.711669921875,1788154652.9135716
events.out.tfevents.1788149260.VCM15.612366.0,train/flow_valid_backward,590,0.24134927988052368,1788154759.8378055
events.out.tfevents.1788149260.VCM15.612366.0,train/flow_valid_backward,600,0.5410726070404053,1788154850.2213883
events.out.tfevents.1788149260.VCM15.612366.0,train/flow_valid_backward,610,0.3207601010799408,1788154936.1694143
events.out.tfevents.1788149260.VCM15.612366.0,train/flow_valid_backward,620,0.7092611193656921,1788155017.3793743
events.out.tfevents.1788149260.VCM15.612366.0,train/flow_valid_backward,630,0.4365071654319763,1788155103.9706073
events.out.tfevents.1788149260.VCM15.612366.0,train/flow_valid_backward,640,0.49688318371772766,1788155203.697417
events.out.tfevents.1788149260.VCM15.612366.0,train/flow_valid_backward,650,0.28944501280784607,1788155284.9507627
events.out.tfevents.1788149260.VCM15.612366.0,train/flow_valid_backward,660,0.5895182490348816,1788155406.1278107
events.out.tfevents.1788149260.VCM15.612366.0,train/flow_valid_backward,670,0.6056315302848816,1788155500.00369
events.out.tfevents.1788149260.VCM15.612366.0,train/flow_valid_backward,680,0.6190023422241211,1788155596.4287262
events.out.tfevents.1788149260.VCM15.612366.0,train/flow_valid_backward,690,0.4122721552848816,1788155682.686853
events.out.tfevents.1788149260.VCM15.612366.0,train/flow_valid_backward,700,0.38701173663139343,1788155773.273419
events.out.tfevents.1788149260.VCM15.612366.0,train/flow_valid_backward,710,0.38452965021133423,1788155870.8547661
events.out.tfevents.1788149260.VCM15.612366.0,train/flow_valid_backward,720,0.352384477853775,1788155970.2139645
events.out.tfevents.1788149260.VCM15.612366.0,train/flow_valid_backward,730,0.2575032711029053,1788156072.5769587
events.out.tfevents.1788149260.VCM15.612366.0,train/flow_valid_backward,740,0.6683105826377869,1788156155.2374353
events.out.tfevents.1788149260.VCM15.612366.0,train/flow_valid_backward,750,0.5437418818473816,1788156249.5556056
events.out.tfevents.1788149260.VCM15.612366.0,train/flow_valid_backward,760,0.5839925408363342,1788156351.0741906
events.out.tfevents.1788149260.VCM15.612366.0,train/flow_valid_backward,770,0.4811035394668579,1788156448.567519
events.out.tfevents.1788149260.VCM15.612366.0,train/flow_valid_backward,780,0.6042562127113342,1788156535.9728434
events.out.tfevents.1788149260.VCM15.612366.0,train/flow_valid_backward,790,0.6283610463142395,1788156639.7449007
events.out.tfevents.1788149260.VCM15.612366.0,train/flow_valid_backward,800,0.35384929180145264,1788156748.457053
events.out.tfevents.1788149260.VCM15.612366.0,train/flow_valid_backward,810,0.5958170890808105,1788156844.529673
events.out.tfevents.1788149260.VCM15.612366.0,train/flow_valid_backward,820,0.5539306998252869,1788156948.2597303
events.out.tfevents.1788149260.VCM15.612366.0,train/flow_valid_backward,830,0.1210937574505806,1788157040.383097
events.out.tfevents.1788149260.VCM15.612366.0,train/flow_valid_backward,840,0.6081217527389526,1788157134.489157
events.out.tfevents.1788149260.VCM15.612366.0,train/flow_valid_backward,850,0.4756348133087158,1788157241.5538
events.out.tfevents.1788149260.VCM15.612366.0,train/flow_valid_backward,860,0.5289469957351685,1788157332.5163176
events.out.tfevents.1788149260.VCM15.612366.0,train/flow_valid_backward,870,0.17621256411075592,1788157437.3413584
events.out.tfevents.1788149260.VCM15.612366.0,train/flow_valid_backward,880,0.4777669310569763,1788157517.9731328
events.out.tfevents.1788149260.VCM15.612366.0,train/flow_valid_backward,890,0.5471842885017395,1788157629.62668
events.out.tfevents.1788149260.VCM15.612366.0,train/flow_valid_backward,900,0.5900228023529053,1788157725.4163985
events.out.tfevents.1788149260.VCM15.612366.0,train/flow_valid_backward,910,0.36601564288139343,1788157821.8959694
events.out.tfevents.1788149260.VCM15.612366.0,train/flow_valid_backward,920,0.2641195058822632,1788157920.7339432
events.out.tfevents.1788149260.VCM15.612366.0,train/flow_valid_backward,930,0.19192709028720856,1788158024.3805652
events.out.tfevents.1788149260.VCM15.612366.0,train/flow_valid_backward,940,0.6735921502113342,1788158122.6383379
events.out.tfevents.1788149260.VCM15.612366.0,train/flow_valid_backward,950,0.5141195058822632,1788158212.0777528
events.out.tfevents.1788149260.VCM15.612366.0,train/flow_valid_backward,960,0.3581543266773224,1788158306.645268
events.out.tfevents.1788149260.VCM15.612366.0,train/flow_valid_backward,970,0.4354085624217987,1788158406.3118618
events.out.tfevents.1788149260.VCM15.612366.0,train/flow_valid_backward,980,0.5988363027572632,1788158511.4206471
events.out.tfevents.1788149260.VCM15.612366.0,train/flow_valid_backward,990,0.6697754263877869,1788158600.7568753
events.out.tfevents.1788149260.VCM15.612366.0,train/flow_valid_backward,1000,0.6647868156433105,1788158694.9782088
events.out.tfevents.1788149260.VCM15.612366.0,train/flow_valid_backward,1010,0.6854411363601685,1788158800.5596924
events.out.tfevents.1788149260.VCM15.612366.0,train/flow_valid_backward,1020,0.22890625894069672,1788158882.8921845
events.out.tfevents.1788149260.VCM15.612366.0,train/flow_valid_backward,1030,0.4693603515625,1788158962.9896586
events.out.tfevents.1788149260.VCM15.612366.0,train/flow_valid_backward,1040,0.5880696773529053,1788159050.8153877
events.out.tfevents.1788149260.VCM15.612366.0,train/flow_valid_backward,1050,0.5818604230880737,1788159165.2126315
events.out.tfevents.1788149260.VCM15.612366.0,train/flow_valid_backward,1060,0.47348636388778687,1788159264.2758152
events.out.tfevents.1788149260.VCM15.612366.0,train/flow_valid_backward,1070,0.7077474594116211,1788159349.5589523
events.out.tfevents.1788149260.VCM15.612366.0,train/flow_valid_backward,1080,0.3108724057674408,1788159432.0776463
events.out.tfevents.1788149260.VCM15.612366.0,train/flow_valid_backward,1090,0.3085530996322632,1788159534.4605525
events.out.tfevents.1788149260.VCM15.612366.0,train/flow_valid_backward,1100,0.32351890206336975,1788159626.4273732
events.out.tfevents.1788149260.VCM15.612366.0,train/flow_valid_backward,1110,0.5254069566726685,1788159720.217536
events.out.tfevents.1788149260.VCM15.612366.0,train/flow_valid_backward,1120,0.4984130859375,1788159823.0000508
events.out.tfevents.1788149260.VCM15.612366.0,train/flow_valid_backward,1130,0.45828452706336975,1788159894.3233657
events.out.tfevents.1788149260.VCM15.612366.0,train/flow_valid_backward,1140,0.49073082208633423,1788159980.2212827
events.out.tfevents.1788149260.VCM15.612366.0,train/flow_valid_backward,1150,0.37564292550086975,1788160072.7618167
events.out.tfevents.1788149260.VCM15.612366.0,train/flow_valid_backward,1160,0.7528402209281921,1788160180.7475507
events.out.tfevents.1788149260.VCM15.612366.0,train/flow_valid_backward,1170,0.6207926869392395,1788160274.5528417
events.out.tfevents.1788149260.VCM15.612366.0,train/flow_valid_backward,1180,0.5980794429779053,1788160383.9051998
events.out.tfevents.1788149260.VCM15.612366.0,train/flow_valid_backward,1190,0.4978271722793579,1788160478.8589566
events.out.tfevents.1788149260.VCM15.612366.0,train/flow_valid_backward,1200,0.3004394769668579,1788160563.2489192
events.out.tfevents.1788149260.VCM15.612366.0,train/flow_valid_backward,1210,0.4164632260799408,1788160667.4310033
events.out.tfevents.1788149260.VCM15.612366.0,train/flow_valid_backward,1220,0.2317301630973816,1788160772.5316827
events.out.tfevents.1788149260.VCM15.612366.0,train/flow_valid_backward,1230,0.49361979961395264,1788160868.2129488
events.out.tfevents.1788149260.VCM15.612366.0,train/flow_valid_backward,1240,0.4967448115348816,1788160964.5648565
events.out.tfevents.1788149260.VCM15.612366.0,train/flow_valid_backward,1250,0.5074544548988342,1788161060.3046288
events.out.tfevents.1788149260.VCM15.612366.0,train/flow_valid_backward,1260,0.34615886211395264,1788161152.5133178
events.out.tfevents.1788149260.VCM15.612366.0,train/flow_valid_backward,1270,0.9065349102020264,1788161248.368237
events.out.tfevents.1788149260.VCM15.612366.0,train/flow_valid_backward,1280,0.6022705435752869,1788161338.4161985
events.out.tfevents.1788149260.VCM15.612366.0,train/flow_valid_backward,1290,0.6256266832351685,1788161439.2863836
events.out.tfevents.1788149260.VCM15.612366.0,train/flow_valid_backward,1300,0.5144612789154053,1788161525.2864497
events.out.tfevents.1788149260.VCM15.612366.0,train/flow_valid_backward,1310,0.3560791015625,1788161631.8126426
events.out.tfevents.1788149260.VCM15.612366.0,train/flow_valid_backward,1320,0.48759767413139343,1788161729.792959
events.out.tfevents.1788149260.VCM15.612366.0,train/flow_valid_backward,1330,0.40416669845581055,1788161816.9992702
events.out.tfevents.1788149260.VCM15.612366.0,train/flow_valid_backward,1340,0.19508464634418488,1788161901.6003697
events.out.tfevents.1788149260.VCM15.612366.0,train/flow_valid_backward,1350,0.5944417715072632,1788161995.3416831
events.out.tfevents.1788149260.VCM15.612366.0,train/flow_valid_backward,1360,0.6785156726837158,1788162100.338719
events.out.tfevents.1788149260.VCM15.612366.0,train/flow_valid_backward,1370,0.5025228261947632,1788162185.9324322
events.out.tfevents.1788149260.VCM15.612366.0,train/flow_valid_backward,1380,0.3353108763694763,1788162278.2700324
events.out.tfevents.1788149260.VCM15.612366.0,train/flow_valid_backward,1390,0.7116373777389526,1788162368.7619746
events.out.tfevents.1788149260.VCM15.612366.0,train/flow_valid_backward,1400,0.13849285244941711,1788162454.5661745
events.out.tfevents.1788149260.VCM15.612366.0,train/flow_valid_backward,1410,0.42959800362586975,1788162570.9496503
events.out.tfevents.1788149260.VCM15.612366.0,train/flow_valid_backward,1420,0.36604005098342896,1788162670.9668705
events.out.tfevents.1788149260.VCM15.612366.0,train/flow_valid_backward,1430,0.4994303584098816,1788162749.5838609
events.out.tfevents.1788149260.VCM15.612366.0,train/flow_valid_backward,1440,0.26915693283081055,1788162861.417848
events.out.tfevents.1788149260.VCM15.612366.0,train/flow_valid_backward,1450,0.38888347148895264,1788162946.0769267
events.out.tfevents.1788149260.VCM15.612366.0,train/flow_valid_backward,1460,0.5660970211029053,1788163040.591057
events.out.tfevents.1788149260.VCM15.612366.0,train/flow_valid_backward,1470,0.47126466035842896,1788163142.965034
events.out.tfevents.1788149260.VCM15.612366.0,train/flow_valid_backward,1480,0.5311198234558105,1788163230.4397488
events.out.tfevents.1788149260.VCM15.612366.0,train/flow_valid_backward,1490,0.39242351055145264,1788163333.272768
events.out.tfevents.1788149260.VCM15.612366.0,train/flow_valid_backward,1500,0.353727251291275,1788163424.1489053
events.out.tfevents.1788149260.VCM15.612366.0,train/flow_valid_backward,1510,0.22618001699447632,1788163534.5286095
events.out.tfevents.1788149260.VCM15.612366.0,train/flow_valid_backward,1520,0.18303224444389343,1788163640.3758943
events.out.tfevents.1788149260.VCM15.612366.0,train/flow_valid_backward,1530,0.32679852843284607,1788163720.767123
events.out.tfevents.1788149260.VCM15.612366.0,train/flow_valid_backward,1540,0.5124430656433105,1788163795.6384587
events.out.tfevents.1788149260.VCM15.612366.0,train/flow_valid_backward,1550,0.5070882439613342,1788163879.262491
events.out.tfevents.1788149260.VCM15.612366.0,train/flow_valid_backward,1560,0.6930176019668579,1788163980.6099813
events.out.tfevents.1788149260.VCM15.612366.0,train/flow_valid_backward,1570,0.48519694805145264,1788164085.5860982
events.out.tfevents.1788149260.VCM15.612366.0,train/flow_valid_backward,1580,0.22332358360290527,1788164169.4599323
events.out.tfevents.1788149260.VCM15.612366.0,train/flow_valid_backward,1590,0.3423665761947632,1788164279.9980226
events.out.tfevents.1788149260.VCM15.612366.0,train/flow_valid_backward,1600,0.4976399838924408,1788164386.8192618
events.out.tfevents.1788149260.VCM15.612366.0,train/flow_valid_backward,1610,0.5986409783363342,1788164466.101754
events.out.tfevents.1788149260.VCM15.612366.0,train/flow_valid_backward,1620,0.5944905877113342,1788164551.8556912
events.out.tfevents.1788149260.VCM15.612366.0,train/flow_valid_backward,1630,0.4236491024494171,1788164654.0502403
events.out.tfevents.1788149260.VCM15.612366.0,train/flow_valid_backward,1640,0.6844564080238342,1788164742.7794642
events.out.tfevents.1788149260.VCM15.612366.0,train/flow_valid_backward,1650,0.39928388595581055,1788164849.3314097
events.out.tfevents.1788149260.VCM15.612366.0,train/flow_valid_backward,1660,0.34842124581336975,1788164941.067507
events.out.tfevents.1788149260.VCM15.612366.0,train/flow_valid_backward,1670,0.5236002802848816,1788165018.4757416
events.out.tfevents.1788149260.VCM15.612366.0,train/flow_valid_backward,1680,0.21269531548023224,1788165099.3121572
events.out.tfevents.1788149260.VCM15.612366.0,train/flow_valid_backward,1690,0.3878988027572632,1788165192.4288585
events.out.tfevents.1788149260.VCM15.612366.0,train/flow_valid_backward,1700,0.4304606318473816,1788165285.2510824
events.out.tfevents.1788149260.VCM15.612366.0,train/flow_valid_backward,1710,0.6895915269851685,1788165382.279443
events.out.tfevents.1788149260.VCM15.612366.0,train/flow_valid_backward,1720,0.5084717273712158,1788165484.1833253
events.out.tfevents.1788149260.VCM15.612366.0,train/flow_valid_forward,10,0.2795247435569763,1788149359.6545959
events.out.tfevents.1788149260.VCM15.612366.0,train/flow_valid_forward,20,0.16153158247470856,1788149444.6233284
events.out.tfevents.1788149260.VCM15.612366.0,train/flow_valid_forward,30,0.48863935470581055,1788149546.7178888
events.out.tfevents.1788149260.VCM15.612366.0,train/flow_valid_forward,40,0.3205973505973816,1788149643.3560796
events.out.tfevents.1788149260.VCM15.612366.0,train/flow_valid_forward,50,0.5189046859741211,1788149736.006877
events.out.tfevents.1788149260.VCM15.612366.0,train/flow_valid_forward,60,0.6763834953308105,1788149822.587221
events.out.tfevents.1788149260.VCM15.612366.0,train/flow_valid_forward,70,0.7335612773895264,1788149930.1045084
events.out.tfevents.1788149260.VCM15.612366.0,train/flow_valid_forward,80,0.4142252802848816,1788150017.0756247
events.out.tfevents.1788149260.VCM15.612366.0,train/flow_valid_forward,90,0.5834798812866211,1788150107.8698819
events.out.tfevents.1788149260.VCM15.612366.0,train/flow_valid_forward,100,0.6099447011947632,1788150199.809151
events.out.tfevents.1788149260.VCM15.612366.0,train/flow_valid_forward,110,0.5427896976470947,1788150301.2554898
events.out.tfevents.1788149260.VCM15.612366.0,train/flow_valid_forward,120,0.6451660394668579,1788150402.778661
events.out.tfevents.1788149260.VCM15.612366.0,train/flow_valid_forward,130,0.3343912959098816,1788150482.7365484
events.out.tfevents.1788149260.VCM15.612366.0,train/flow_valid_forward,140,0.35977378487586975,1788150583.6505878
events.out.tfevents.1788149260.VCM15.612366.0,train/flow_valid_forward,150,0.546704113483429,1788150680.0665746
events.out.tfevents.1788149260.VCM15.612366.0,train/flow_valid_forward,160,0.7286540269851685,1788150781.7828972
events.out.tfevents.1788149260.VCM15.612366.0,train/flow_valid_forward,170,0.35022789239883423,1788150892.8220356
events.out.tfevents.1788149260.VCM15.612366.0,train/flow_valid_forward,180,0.7823242545127869,1788150975.0987902
events.out.tfevents.1788149260.VCM15.612366.0,train/flow_valid_forward,190,0.44617515802383423,1788151052.985054
events.out.tfevents.1788149260.VCM15.612366.0,train/flow_valid_forward,200,0.3651774525642395,1788151137.4028635
events.out.tfevents.1788149260.VCM15.612366.0,train/flow_valid_forward,210,0.7005778551101685,1788151229.073322
events.out.tfevents.1788149260.VCM15.612366.0,train/flow_valid_forward,220,0.8349772691726685,1788151323.4878764
events.out.tfevents.1788149260.VCM15.612366.0,train/flow_valid_forward,230,0.5981038808822632,1788151427.591529
events.out.tfevents.1788149260.VCM15.612366.0,train/flow_valid_forward,240,0.6659830808639526,1788151527.0746014
events.out.tfevents.1788149260.VCM15.612366.0,train/flow_valid_forward,250,0.4421793818473816,1788151611.4744987
events.out.tfevents.1788149260.VCM15.612366.0,train/flow_valid_forward,260,0.7556315660476685,1788151684.8241358
events.out.tfevents.1788149260.VCM15.612366.0,train/flow_valid_forward,270,0.5351887941360474,1788151780.1577263
events.out.tfevents.1788149260.VCM15.612366.0,train/flow_valid_forward,280,0.33541667461395264,1788151878.706081
events.out.tfevents.1788149260.VCM15.612366.0,train/flow_valid_forward,290,0.5199951529502869,1788151965.4569514
events.out.tfevents.1788149260.VCM15.612366.0,train/flow_valid_forward,300,0.5884928703308105,1788152044.4985037
events.out.tfevents.1788149260.VCM15.612366.0,train/flow_valid_forward,310,0.1526692807674408,1788152141.2959368
events.out.tfevents.1788149260.VCM15.612366.0,train/flow_valid_forward,320,0.7745850086212158,1788152233.9166749
events.out.tfevents.1788149260.VCM15.612366.0,train/flow_valid_forward,330,0.520263671875,1788152340.9122622
events.out.tfevents.1788149260.VCM15.612366.0,train/flow_valid_forward,340,0.49475914239883423,1788152434.6994665
events.out.tfevents.1788149260.VCM15.612366.0,train/flow_valid_forward,350,0.42255860567092896,1788152531.8689258
events.out.tfevents.1788149260.VCM15.612366.0,train/flow_valid_forward,360,0.6068766117095947,1788152617.2727594
events.out.tfevents.1788149260.VCM15.612366.0,train/flow_valid_forward,370,0.2676757872104645,1788152709.0022647
events.out.tfevents.1788149260.VCM15.612366.0,train/flow_valid_forward,380,0.6212565302848816,1788152807.973314
events.out.tfevents.1788149260.VCM15.612366.0,train/flow_valid_forward,390,0.4593506157398224,1788152886.0933151
events.out.tfevents.1788149260.VCM15.612366.0,train/flow_valid_forward,400,0.4064534604549408,1788153004.0424185
events.out.tfevents.1788149260.VCM15.612366.0,train/flow_valid_forward,410,0.7227539420127869,1788153096.6861043
events.out.tfevents.1788149260.VCM15.612366.0,train/flow_valid_forward,420,0.41673994064331055,1788153200.2693431
events.out.tfevents.1788149260.VCM15.612366.0,train/flow_valid_forward,430,0.3580159544944763,1788153279.6532798
events.out.tfevents.1788149260.VCM15.612366.0,train/flow_valid_forward,440,0.549389660358429,1788153358.7861028
events.out.tfevents.1788149260.VCM15.612366.0,train/flow_valid_forward,450,0.539306640625,1788153452.8963668
events.out.tfevents.1788149260.VCM15.612366.0,train/flow_valid_forward,460,0.5997070670127869,1788153546.5957842
events.out.tfevents.1788149260.VCM15.612366.0,train/flow_valid_forward,470,0.4447835683822632,1788153635.5183904
events.out.tfevents.1788149260.VCM15.612366.0,train/flow_valid_forward,480,0.23590496182441711,1788153721.5903573
events.out.tfevents.1788149260.VCM15.612366.0,train/flow_valid_forward,490,0.6399414539337158,1788153812.6310701
events.out.tfevents.1788149260.VCM15.612366.0,train/flow_valid_forward,500,0.5475178956985474,1788153910.6145582
events.out.tfevents.1788149260.VCM15.612366.0,train/flow_valid_forward,510,0.5316487550735474,1788154000.3605554
events.out.tfevents.1788149260.VCM15.612366.0,train/flow_valid_forward,520,0.27688801288604736,1788154091.8270185
events.out.tfevents.1788149260.VCM15.612366.0,train/flow_valid_forward,530,0.22592774033546448,1788154197.0286443
events.out.tfevents.1788149260.VCM15.612366.0,train/flow_valid_forward,540,0.38884279131889343,1788154293.875887
events.out.tfevents.1788149260.VCM15.612366.0,train/flow_valid_forward,550,0.4397217035293579,1788154391.9015517
events.out.tfevents.1788149260.VCM15.612366.0,train/flow_valid_forward,560,0.4050537347793579,1788154471.7955449
events.out.tfevents.1788149260.VCM15.612366.0,train/flow_valid_forward,570,0.7365967035293579,1788154559.8201172
events.out.tfevents.1788149260.VCM15.612366.0,train/flow_valid_forward,580,0.7140951156616211,1788154652.913526
events.out.tfevents.1788149260.VCM15.612366.0,train/flow_valid_forward,590,0.24388021230697632,1788154759.8377714
events.out.tfevents.1788149260.VCM15.612366.0,train/flow_valid_forward,600,0.5353190302848816,1788154850.221343
events.out.tfevents.1788149260.VCM15.612366.0,train/flow_valid_forward,610,0.31996259093284607,1788154936.1693695
events.out.tfevents.1788149260.VCM15.612366.0,train/flow_valid_forward,620,0.6889079213142395,1788155017.379333
events.out.tfevents.1788149260.VCM15.612366.0,train/flow_valid_forward,630,0.4374186396598816,1788155103.9705634
events.out.tfevents.1788149260.VCM15.612366.0,train/flow_valid_forward,640,0.5000569820404053,1788155203.6973715
events.out.tfevents.1788149260.VCM15.612366.0,train/flow_valid_forward,650,0.2798909544944763,1788155284.9507177
events.out.tfevents.1788149260.VCM15.612366.0,train/flow_valid_forward,660,0.5606689453125,1788155406.1277826
events.out.tfevents.1788149260.VCM15.612366.0,train/flow_valid_forward,670,0.5872721672058105,1788155500.003645
events.out.tfevents.1788149260.VCM15.612366.0,train/flow_valid_forward,680,0.5964030027389526,1788155596.4286816
events.out.tfevents.1788149260.VCM15.612366.0,train/flow_valid_forward,690,0.40555018186569214,1788155682.686825
events.out.tfevents.1788149260.VCM15.612366.0,train/flow_valid_forward,700,0.3919026851654053,1788155773.2733731
events.out.tfevents.1788149260.VCM15.612366.0,train/flow_valid_forward,710,0.39278972148895264,1788155870.854732
events.out.tfevents.1788149260.VCM15.612366.0,train/flow_valid_forward,720,0.3677978813648224,1788155970.213936
events.out.tfevents.1788149260.VCM15.612366.0,train/flow_valid_forward,730,0.2502685785293579,1788156072.5769188
events.out.tfevents.1788149260.VCM15.612366.0,train/flow_valid_forward,740,0.6365071535110474,1788156155.2373865
events.out.tfevents.1788149260.VCM15.612366.0,train/flow_valid_forward,750,0.5333170890808105,1788156249.555587
events.out.tfevents.1788149260.VCM15.612366.0,train/flow_valid_forward,760,0.60205078125,1788156351.074146
events.out.tfevents.1788149260.VCM15.612366.0,train/flow_valid_forward,770,0.47950035333633423,1788156448.567481
events.out.tfevents.1788149260.VCM15.612366.0,train/flow_valid_forward,780,0.603515625,1788156535.9727979
events.out.tfevents.1788149260.VCM15.612366.0,train/flow_valid_forward,790,0.6292724609375,1788156639.7448556
events.out.tfevents.1788149260.VCM15.612366.0,train/flow_valid_forward,800,0.3545573055744171,1788156748.457025
events.out.tfevents.1788149260.VCM15.612366.0,train/flow_valid_forward,810,0.6005859375,1788156844.5296376
events.out.tfevents.1788149260.VCM15.612366.0,train/flow_valid_forward,820,0.5561848878860474,1788156948.259685
events.out.tfevents.1788149260.VCM15.612366.0,train/flow_valid_forward,830,0.12503255903720856,1788157040.3830612
events.out.tfevents.1788149260.VCM15.612366.0,train/flow_valid_forward,840,0.6048583984375,1788157134.489111
events.out.tfevents.1788149260.VCM15.612366.0,train/flow_valid_forward,850,0.4900309443473816,1788157241.5537598
events.out.tfevents.1788149260.VCM15.612366.0,train/flow_valid_forward,860,0.5243815183639526,1788157332.5162737
events.out.tfevents.1788149260.VCM15.612366.0,train/flow_valid_forward,870,0.17104493081569672,1788157437.3413134
events.out.tfevents.1788149260.VCM15.612366.0,train/flow_valid_forward,880,0.485807329416275,1788157517.9731038
events.out.tfevents.1788149260.VCM15.612366.0,train/flow_valid_forward,890,0.5445475578308105,1788157629.626635
events.out.tfevents.1788149260.VCM15.612366.0,train/flow_valid_forward,900,0.5857585072517395,1788157725.4163532
events.out.tfevents.1788149260.VCM15.612366.0,train/flow_valid_forward,910,0.36609703302383423,1788157821.8959234
events.out.tfevents.1788149260.VCM15.612366.0,train/flow_valid_forward,920,0.2541097104549408,1788157920.7339077
events.out.tfevents.1788149260.VCM15.612366.0,train/flow_valid_forward,930,0.2017822265625,1788158024.380532
events.out.tfevents.1788149260.VCM15.612366.0,train/flow_valid_forward,940,0.6768311262130737,1788158122.6382968
events.out.tfevents.1788149260.VCM15.612366.0,train/flow_valid_forward,950,0.4855957329273224,1788158212.0777192
events.out.tfevents.1788149260.VCM15.612366.0,train/flow_valid_forward,960,0.36879071593284607,1788158306.6452208
events.out.tfevents.1788149260.VCM15.612366.0,train/flow_valid_forward,970,0.4475342035293579,1788158406.311807
events.out.tfevents.1788149260.VCM15.612366.0,train/flow_valid_forward,980,0.5948324203491211,1788158511.4206238
events.out.tfevents.1788149260.VCM15.612366.0,train/flow_valid_forward,990,0.672802746295929,1788158600.7568471
events.out.tfevents.1788149260.VCM15.612366.0,train/flow_valid_forward,1000,0.6747477054595947,1788158694.978164
events.out.tfevents.1788149260.VCM15.612366.0,train/flow_valid_forward,1010,0.6915202140808105,1788158800.5596476
events.out.tfevents.1788149260.VCM15.612366.0,train/flow_valid_forward,1020,0.23109538853168488,1788158882.8921406
events.out.tfevents.1788149260.VCM15.612366.0,train/flow_valid_forward,1030,0.48562827706336975,1788158962.989613
events.out.tfevents.1788149260.VCM15.612366.0,train/flow_valid_forward,1040,0.5840495228767395,1788159050.8153431
events.out.tfevents.1788149260.VCM15.612366.0,train/flow_valid_forward,1050,0.5940266847610474,1788159165.212587
events.out.tfevents.1788149260.VCM15.612366.0,train/flow_valid_forward,1060,0.4710937738418579,1788159264.2757697
events.out.tfevents.1788149260.VCM15.612366.0,train/flow_valid_forward,1070,0.6953369379043579,1788159349.5589223
events.out.tfevents.1788149260.VCM15.612366.0,train/flow_valid_forward,1080,0.32609865069389343,1788159432.0776174
events.out.tfevents.1788149260.VCM15.612366.0,train/flow_valid_forward,1090,0.3110351860523224,1788159534.460524
events.out.tfevents.1788149260.VCM15.612366.0,train/flow_valid_forward,1100,0.33496907353401184,1788159626.4273288
events.out.tfevents.1788149260.VCM15.612366.0,train/flow_valid_forward,1110,0.5284587144851685,1788159720.2174923
events.out.tfevents.1788149260.VCM15.612366.0,train/flow_valid_forward,1120,0.47681480646133423,1788159823.0000224
events.out.tfevents.1788149260.VCM15.612366.0,train/flow_valid_forward,1130,0.4629964232444763,1788159894.3233504
events.out.tfevents.1788149260.VCM15.612366.0,train/flow_valid_forward,1140,0.4857584834098816,1788159980.221249
events.out.tfevents.1788149260.VCM15.612366.0,train/flow_valid_forward,1150,0.38119304180145264,1788160072.7617724
events.out.tfevents.1788149260.VCM15.612366.0,train/flow_valid_forward,1160,0.7520670890808105,1788160180.747536
events.out.tfevents.1788149260.VCM15.612366.0,train/flow_valid_forward,1170,0.6254069805145264,1788160274.5528152
events.out.tfevents.1788149260.VCM15.612366.0,train/flow_valid_forward,1180,0.5747477412223816,1788160383.9051552
events.out.tfevents.1788149260.VCM15.612366.0,train/flow_valid_forward,1190,0.5063965320587158,1788160478.8589122
events.out.tfevents.1788149260.VCM15.612366.0,train/flow_valid_forward,1200,0.3157714903354645,1788160563.248884
events.out.tfevents.1788149260.VCM15.612366.0,train/flow_valid_forward,1210,0.3963053524494171,1788160667.4309738
events.out.tfevents.1788149260.VCM15.612366.0,train/flow_valid_forward,1220,0.24993491172790527,1788160772.5316637
events.out.tfevents.1788149260.VCM15.612366.0,train/flow_valid_forward,1230,0.4671468436717987,1788160868.21289
events.out.tfevents.1788149260.VCM15.612366.0,train/flow_valid_forward,1240,0.48889976739883423,1788160964.5648286
events.out.tfevents.1788149260.VCM15.612366.0,train/flow_valid_forward,1250,0.5048828721046448,1788161060.3045843
events.out.tfevents.1788149260.VCM15.612366.0,train/flow_valid_forward,1260,0.3446289300918579,1788161152.513282
events.out.tfevents.1788149260.VCM15.612366.0,train/flow_valid_forward,1270,0.8872640132904053,1788161248.3682098
events.out.tfevents.1788149260.VCM15.612366.0,train/flow_valid_forward,1280,0.6099772453308105,1788161338.4161537
events.out.tfevents.1788149260.VCM15.612366.0,train/flow_valid_forward,1290,0.6255534291267395,1788161439.2863393
events.out.tfevents.1788149260.VCM15.612366.0,train/flow_valid_forward,1300,0.5158284902572632,1788161525.2864208
events.out.tfevents.1788149260.VCM15.612366.0,train/flow_valid_forward,1310,0.3508056700229645,1788161631.8126278
events.out.tfevents.1788149260.VCM15.612366.0,train/flow_valid_forward,1320,0.4915202260017395,1788161729.7929022
events.out.tfevents.1788149260.VCM15.612366.0,train/flow_valid_forward,1330,0.41211754083633423,1788161816.9992244
events.out.tfevents.1788149260.VCM15.612366.0,train/flow_valid_forward,1340,0.21225588023662567,1788161901.6003304
events.out.tfevents.1788149260.VCM15.612366.0,train/flow_valid_forward,1350,0.5733317136764526,1788161995.341638
events.out.tfevents.1788149260.VCM15.612366.0,train/flow_valid_forward,1360,0.6776449084281921,1788162100.338689
events.out.tfevents.1788149260.VCM15.612366.0,train/flow_valid_forward,1370,0.5001220703125,1788162185.932404
events.out.tfevents.1788149260.VCM15.612366.0,train/flow_valid_forward,1380,0.32909345626831055,1788162278.2699869
events.out.tfevents.1788149260.VCM15.612366.0,train/flow_valid_forward,1390,0.7097086906433105,1788162368.7619298
events.out.tfevents.1788149260.VCM15.612366.0,train/flow_valid_forward,1400,0.14340820908546448,1788162454.5661447
events.out.tfevents.1788149260.VCM15.612366.0,train/flow_valid_forward,1410,0.4342448115348816,1788162570.9496202
events.out.tfevents.1788149260.VCM15.612366.0,train/flow_valid_forward,1420,0.36491701006889343,1788162670.9668252
events.out.tfevents.1788149260.VCM15.612366.0,train/flow_valid_forward,1430,0.47834473848342896,1788162749.5838163
events.out.tfevents.1788149260.VCM15.612366.0,train/flow_valid_forward,1440,0.2688232660293579,1788162861.417803
events.out.tfevents.1788149260.VCM15.612366.0,train/flow_valid_forward,1450,0.39008790254592896,1788162946.0768821
events.out.tfevents.1788149260.VCM15.612366.0,train/flow_valid_forward,1460,0.5694987773895264,1788163040.591011
events.out.tfevents.1788149260.VCM15.612366.0,train/flow_valid_forward,1470,0.4686686396598816,1788163142.9649975
events.out.tfevents.1788149260.VCM15.612366.0,train/flow_valid_forward,1480,0.5344645380973816,1788163230.4397106
events.out.tfevents.1788149260.VCM15.612366.0,train/flow_valid_forward,1490,0.4055989980697632,1788163333.2727392
events.out.tfevents.1788149260.VCM15.612366.0,train/flow_valid_forward,1500,0.34951987862586975,1788163424.1488774
events.out.tfevents.1788149260.VCM15.612366.0,train/flow_valid_forward,1510,0.21981608867645264,1788163534.5285814
events.out.tfevents.1788149260.VCM15.612366.0,train/flow_valid_forward,1520,0.1917968988418579,1788163640.3758645
events.out.tfevents.1788149260.VCM15.612366.0,train/flow_valid_forward,1530,0.32443851232528687,1788163720.7670877
events.out.tfevents.1788149260.VCM15.612366.0,train/flow_valid_forward,1540,0.5155924558639526,1788163795.6384246
events.out.tfevents.1788149260.VCM15.612366.0,train/flow_valid_forward,1550,0.49527183175086975,1788163879.2624512
events.out.tfevents.1788149260.VCM15.612366.0,train/flow_valid_forward,1560,0.6904703974723816,1788163980.6099446
events.out.tfevents.1788149260.VCM15.612366.0,train/flow_valid_forward,1570,0.45851242542266846,1788164085.5860686
events.out.tfevents.1788149260.VCM15.612366.0,train/flow_valid_forward,1580,0.22307944297790527,1788164169.4598868
events.out.tfevents.1788149260.VCM15.612366.0,train/flow_valid_forward,1590,0.34915366768836975,1788164279.9979775
events.out.tfevents.1788149260.VCM15.612366.0,train/flow_valid_forward,1600,0.4705648124217987,1788164386.8192234
events.out.tfevents.1788149260.VCM15.612366.0,train/flow_valid_forward,1610,0.6108642816543579,1788164466.1017096
events.out.tfevents.1788149260.VCM15.612366.0,train/flow_valid_forward,1620,0.6031819581985474,1788164551.8556473
events.out.tfevents.1788149260.VCM15.612366.0,train/flow_valid_forward,1630,0.4286539852619171,1788164654.050212
events.out.tfevents.1788149260.VCM15.612366.0,train/flow_valid_forward,1640,0.6889322996139526,1788164742.779436
events.out.tfevents.1788149260.VCM15.612366.0,train/flow_valid_forward,1650,0.3983724117279053,1788164849.331376
events.out.tfevents.1788149260.VCM15.612366.0,train/flow_valid_forward,1660,0.3490641415119171,1788164941.0674536
events.out.tfevents.1788149260.VCM15.612366.0,train/flow_valid_forward,1670,0.5253744125366211,1788165018.4756968
events.out.tfevents.1788149260.VCM15.612366.0,train/flow_valid_forward,1680,0.22339682281017303,1788165099.3121126
events.out.tfevents.1788149260.VCM15.612366.0,train/flow_valid_forward,1690,0.38720703125,1788165192.4288015
events.out.tfevents.1788149260.VCM15.612366.0,train/flow_valid_forward,1700,0.4419596791267395,1788165285.2510226
events.out.tfevents.1788149260.VCM15.612366.0,train/flow_valid_forward,1710,0.6940511465072632,1788165382.2793994
events.out.tfevents.1788149260.VCM15.612366.0,train/flow_valid_forward,1720,0.5054118037223816,1788165484.183297
events.out.tfevents.1788149260.VCM15.612366.0,train/loss_diff,10,0.0016826539067551494,1788149359.6543655
events.out.tfevents.1788149260.VCM15.612366.0,train/loss_diff,20,0.0020336161833256483,1788149444.6231961
events.out.tfevents.1788149260.VCM15.612366.0,train/loss_diff,30,0.008182668127119541,1788149546.7176924
events.out.tfevents.1788149260.VCM15.612366.0,train/loss_diff,40,0.05091807246208191,1788149643.355874
events.out.tfevents.1788149260.VCM15.612366.0,train/loss_diff,50,0.014811394736170769,1788149736.0067444
events.out.tfevents.1788149260.VCM15.612366.0,train/loss_diff,60,0.014788208529353142,1788149822.5870137
events.out.tfevents.1788149260.VCM15.612366.0,train/loss_diff,70,0.6436554193496704,1788149930.1043065
events.out.tfevents.1788149260.VCM15.612366.0,train/loss_diff,80,0.10665041953325272,1788150017.0754552
events.out.tfevents.1788149260.VCM15.612366.0,train/loss_diff,90,0.17883656919002533,1788150107.8696737
events.out.tfevents.1788149260.VCM15.612366.0,train/loss_diff,100,0.09586305916309357,1788150199.8089695
events.out.tfevents.1788149260.VCM15.612366.0,train/loss_diff,110,0.0017481619725003839,1788150301.255284
events.out.tfevents.1788149260.VCM15.612366.0,train/loss_diff,120,0.015915974974632263,1788150402.7784534
events.out.tfevents.1788149260.VCM15.612366.0,train/loss_diff,130,0.0011766882380470634,1788150482.7363722
events.out.tfevents.1788149260.VCM15.612366.0,train/loss_diff,140,0.07466119527816772,1788150583.650343
events.out.tfevents.1788149260.VCM15.612366.0,train/loss_diff,150,0.001418630126863718,1788150680.0664117
events.out.tfevents.1788149260.VCM15.612366.0,train/loss_diff,160,0.010343430563807487,1788150781.7827654
events.out.tfevents.1788149260.VCM15.612366.0,train/loss_diff,170,0.050283461809158325,1788150892.8218262
events.out.tfevents.1788149260.VCM15.612366.0,train/loss_diff,180,0.23221495747566223,1788150975.0985842
events.out.tfevents.1788149260.VCM15.612366.0,train/loss_diff,190,0.21287864446640015,1788151052.984881
events.out.tfevents.1788149260.VCM15.612366.0,train/loss_diff,200,0.056560367345809937,1788151137.4026446
events.out.tfevents.1788149260.VCM15.612366.0,train/loss_diff,210,0.002220991998910904,1788151229.0731142
events.out.tfevents.1788149260.VCM15.612366.0,train/loss_diff,220,0.014817014336585999,1788151323.4876714
events.out.tfevents.1788149260.VCM15.612366.0,train/loss_diff,230,0.023604169487953186,1788151427.591396
events.out.tfevents.1788149260.VCM15.612366.0,train/loss_diff,240,0.01834409311413765,1788151527.0743952
events.out.tfevents.1788149260.VCM15.612366.0,train/loss_diff,250,0.0693519115447998,1788151611.4743671
events.out.tfevents.1788149260.VCM15.612366.0,train/loss_diff,260,0.15039168298244476,1788151684.8239264
events.out.tfevents.1788149260.VCM15.612366.0,train/loss_diff,270,0.0370214618742466,1788151780.1575198
events.out.tfevents.1788149260.VCM15.612366.0,train/loss_diff,280,0.006630836054682732,1788151878.7058735
events.out.tfevents.1788149260.VCM15.612366.0,train/loss_diff,290,0.08518476039171219,1788151965.456728
events.out.tfevents.1788149260.VCM15.612366.0,train/loss_diff,300,0.026253152638673782,1788152044.4982612
events.out.tfevents.1788149260.VCM15.612366.0,train/loss_diff,310,0.060706816613674164,1788152141.2956908
events.out.tfevents.1788149260.VCM15.612366.0,train/loss_diff,320,0.03259333223104477,1788152233.916466
events.out.tfevents.1788149260.VCM15.612366.0,train/loss_diff,330,0.03263866528868675,1788152340.912079
events.out.tfevents.1788149260.VCM15.612366.0,train/loss_diff,340,0.006653687451034784,1788152434.6993108
events.out.tfevents.1788149260.VCM15.612366.0,train/loss_diff,350,0.006784825585782528,1788152531.8687856
events.out.tfevents.1788149260.VCM15.612366.0,train/loss_diff,360,0.1320514976978302,1788152617.2725925
events.out.tfevents.1788149260.VCM15.612366.0,train/loss_diff,370,0.060211941599845886,1788152709.002057
events.out.tfevents.1788149260.VCM15.612366.0,train/loss_diff,380,0.012939821928739548,1788152807.9731817
events.out.tfevents.1788149260.VCM15.612366.0,train/loss_diff,390,0.002546034287661314,1788152886.0931056
events.out.tfevents.1788149260.VCM15.612366.0,train/loss_diff,400,0.04854651913046837,1788153004.0422616
events.out.tfevents.1788149260.VCM15.612366.0,train/loss_diff,410,0.05962688848376274,1788153096.6858978
events.out.tfevents.1788149260.VCM15.612366.0,train/loss_diff,420,0.05363067239522934,1788153200.269163
events.out.tfevents.1788149260.VCM15.612366.0,train/loss_diff,430,0.023560337722301483,1788153279.653072
events.out.tfevents.1788149260.VCM15.612366.0,train/loss_diff,440,0.014768624678254128,1788153358.7859266
events.out.tfevents.1788149260.VCM15.612366.0,train/loss_diff,450,0.025908591225743294,1788153452.8962371
events.out.tfevents.1788149260.VCM15.612366.0,train/loss_diff,460,0.0016051698476076126,1788153546.5956502
events.out.tfevents.1788149260.VCM15.612366.0,train/loss_diff,470,0.014652746729552746,1788153635.5182617
events.out.tfevents.1788149260.VCM15.612366.0,train/loss_diff,480,0.002734561450779438,1788153721.5902011
events.out.tfevents.1788149260.VCM15.612366.0,train/loss_diff,490,0.030353296548128128,1788153812.6308985
events.out.tfevents.1788149260.VCM15.612366.0,train/loss_diff,500,0.02830873243510723,1788153910.6143486
events.out.tfevents.1788149260.VCM15.612366.0,train/loss_diff,510,0.12240823358297348,1788154000.360394
events.out.tfevents.1788149260.VCM15.612366.0,train/loss_diff,520,0.005447686184197664,1788154091.8268123
events.out.tfevents.1788149260.VCM15.612366.0,train/loss_diff,530,0.012629127129912376,1788154197.0284402
events.out.tfevents.1788149260.VCM15.612366.0,train/loss_diff,540,0.001405063783749938,1788154293.8756795
events.out.tfevents.1788149260.VCM15.612366.0,train/loss_diff,550,0.009879800491034985,1788154391.9013996
events.out.tfevents.1788149260.VCM15.612366.0,train/loss_diff,560,0.0025307433679699898,1788154471.7953372
events.out.tfevents.1788149260.VCM15.612366.0,train/loss_diff,570,0.004800037480890751,1788154559.8199854
events.out.tfevents.1788149260.VCM15.612366.0,train/loss_diff,580,0.24527114629745483,1788154652.9133189
events.out.tfevents.1788149260.VCM15.612366.0,train/loss_diff,590,0.019635576754808426,1788154759.8376102
events.out.tfevents.1788149260.VCM15.612366.0,train/loss_diff,600,0.11454426497220993,1788154850.2211354
events.out.tfevents.1788149260.VCM15.612366.0,train/loss_diff,610,0.06974277645349503,1788154936.1691654
events.out.tfevents.1788149260.VCM15.612366.0,train/loss_diff,620,0.11198603361845016,1788155017.37914
events.out.tfevents.1788149260.VCM15.612366.0,train/loss_diff,630,0.0062348488718271255,1788155103.9703624
events.out.tfevents.1788149260.VCM15.612366.0,train/loss_diff,640,0.05763600394129753,1788155203.697164
events.out.tfevents.1788149260.VCM15.612366.0,train/loss_diff,650,0.1312558352947235,1788155284.9505157
events.out.tfevents.1788149260.VCM15.612366.0,train/loss_diff,660,0.024498440325260162,1788155406.1276524
events.out.tfevents.1788149260.VCM15.612366.0,train/loss_diff,670,0.07140124589204788,1788155500.0034413
events.out.tfevents.1788149260.VCM15.612366.0,train/loss_diff,680,0.03196076303720474,1788155596.428479
events.out.tfevents.1788149260.VCM15.612366.0,train/loss_diff,690,0.00706478301435709,1788155682.6866279
events.out.tfevents.1788149260.VCM15.612366.0,train/loss_diff,700,0.04907557740807533,1788155773.273161
events.out.tfevents.1788149260.VCM15.612366.0,train/loss_diff,710,0.37539225816726685,1788155870.854575
events.out.tfevents.1788149260.VCM15.612366.0,train/loss_diff,720,0.23826614022254944,1788155970.2138028
events.out.tfevents.1788149260.VCM15.612366.0,train/loss_diff,730,0.11144087463617325,1788156072.5767877
events.out.tfevents.1788149260.VCM15.612366.0,train/loss_diff,740,0.19563667476177216,1788156155.2371762
events.out.tfevents.1788149260.VCM15.612366.0,train/loss_diff,750,0.12365137785673141,1788156249.5555034
events.out.tfevents.1788149260.VCM15.612366.0,train/loss_diff,760,0.01232219859957695,1788156351.0739446
events.out.tfevents.1788149260.VCM15.612366.0,train/loss_diff,770,0.022989541292190552,1788156448.5673037
events.out.tfevents.1788149260.VCM15.612366.0,train/loss_diff,780,0.11223168671131134,1788156535.9725466
events.out.tfevents.1788149260.VCM15.612366.0,train/loss_diff,790,0.0035876519978046417,1788156639.7446485
events.out.tfevents.1788149260.VCM15.612366.0,train/loss_diff,800,0.24827298521995544,1788156748.4568841
events.out.tfevents.1788149260.VCM15.612366.0,train/loss_diff,810,0.013232898898422718,1788156844.5294724
events.out.tfevents.1788149260.VCM15.612366.0,train/loss_diff,820,0.0013577912468463182,1788156948.2594802
events.out.tfevents.1788149260.VCM15.612366.0,train/loss_diff,830,0.02822927013039589,1788157040.3828962
events.out.tfevents.1788149260.VCM15.612366.0,train/loss_diff,840,0.022891368716955185,1788157134.488889
events.out.tfevents.1788149260.VCM15.612366.0,train/loss_diff,850,0.038651760667562485,1788157241.55357
events.out.tfevents.1788149260.VCM15.612366.0,train/loss_diff,860,0.03475729376077652,1788157332.5160701
events.out.tfevents.1788149260.VCM15.612366.0,train/loss_diff,870,0.01277186255902052,1788157437.3411074
events.out.tfevents.1788149260.VCM15.612366.0,train/loss_diff,880,0.029786042869091034,1788157517.9729009
events.out.tfevents.1788149260.VCM15.612366.0,train/loss_diff,890,0.034862272441387177,1788157629.6264284
events.out.tfevents.1788149260.VCM15.612366.0,train/loss_diff,900,0.13823173940181732,1788157725.4161463
events.out.tfevents.1788149260.VCM15.612366.0,train/loss_diff,910,0.030498195439577103,1788157821.895718
events.out.tfevents.1788149260.VCM15.612366.0,train/loss_diff,920,0.05368875712156296,1788157920.7337413
events.out.tfevents.1788149260.VCM15.612366.0,train/loss_diff,930,0.040610406547784805,1788158024.380378
events.out.tfevents.1788149260.VCM15.612366.0,train/loss_diff,940,0.09699543565511703,1788158122.63811
events.out.tfevents.1788149260.VCM15.612366.0,train/loss_diff,950,0.3812536895275116,1788158212.0775685
events.out.tfevents.1788149260.VCM15.612366.0,train/loss_diff,960,0.004068817012012005,1788158306.6450078
events.out.tfevents.1788149260.VCM15.612366.0,train/loss_diff,970,0.10658901929855347,1788158406.3115609
events.out.tfevents.1788149260.VCM15.612366.0,train/loss_diff,980,0.010720478370785713,1788158511.4205215
events.out.tfevents.1788149260.VCM15.612366.0,train/loss_diff,990,0.1481388509273529,1788158600.7567167
events.out.tfevents.1788149260.VCM15.612366.0,train/loss_diff,1000,0.0519002303481102,1788158694.9779549
events.out.tfevents.1788149260.VCM15.612366.0,train/loss_diff,1010,0.07871037721633911,1788158800.5594406
events.out.tfevents.1788149260.VCM15.612366.0,train/loss_diff,1020,0.032191239297389984,1788158882.8919356
events.out.tfevents.1788149260.VCM15.612366.0,train/loss_diff,1030,0.015267192386090755,1788158962.9894097
events.out.tfevents.1788149260.VCM15.612366.0,train/loss_diff,1040,0.04851527512073517,1788159050.8151407
events.out.tfevents.1788149260.VCM15.612366.0,train/loss_diff,1050,0.0015366408042609692,1788159165.2123816
events.out.tfevents.1788149260.VCM15.612366.0,train/loss_diff,1060,0.15848615765571594,1788159264.2755685
events.out.tfevents.1788149260.VCM15.612366.0,train/loss_diff,1070,0.025361372157931328,1788159349.5587811
events.out.tfevents.1788149260.VCM15.612366.0,train/loss_diff,1080,0.1192023977637291,1788159432.0774865
events.out.tfevents.1788149260.VCM15.612366.0,train/loss_diff,1090,0.03736449405550957,1788159534.4603944
events.out.tfevents.1788149260.VCM15.612366.0,train/loss_diff,1100,0.0068121785297989845,1788159626.4271233
events.out.tfevents.1788149260.VCM15.612366.0,train/loss_diff,1110,0.001139652100391686,1788159720.217288
events.out.tfevents.1788149260.VCM15.612366.0,train/loss_diff,1120,0.002940426580607891,1788159822.999894
events.out.tfevents.1788149260.VCM15.612366.0,train/loss_diff,1130,0.07252472639083862,1788159894.3232822
events.out.tfevents.1788149260.VCM15.612366.0,train/loss_diff,1140,0.05356666445732117,1788159980.2210965
events.out.tfevents.1788149260.VCM15.612366.0,train/loss_diff,1150,0.08400458842515945,1788160072.7615666
events.out.tfevents.1788149260.VCM15.612366.0,train/loss_diff,1160,0.06999219954013824,1788160180.7474673
events.out.tfevents.1788149260.VCM15.612366.0,train/loss_diff,1170,0.10016398131847382,1788160274.5526924
events.out.tfevents.1788149260.VCM15.612366.0,train/loss_diff,1180,0.17214253544807434,1788160383.9049268
events.out.tfevents.1788149260.VCM15.612366.0,train/loss_diff,1190,0.062459059059619904,1788160478.8587048
events.out.tfevents.1788149260.VCM15.612366.0,train/loss_diff,1200,0.04101090878248215,1788160563.2487204
events.out.tfevents.1788149260.VCM15.612366.0,train/loss_diff,1210,0.0018646388780325651,1788160667.4308372
events.out.tfevents.1788149260.VCM15.612366.0,train/loss_diff,1220,0.14102400839328766,1788160772.5314896
events.out.tfevents.1788149260.VCM15.612366.0,train/loss_diff,1230,0.040826089680194855,1788160868.212685
events.out.tfevents.1788149260.VCM15.612366.0,train/loss_diff,1240,0.028098514303565025,1788160964.5646973
events.out.tfevents.1788149260.VCM15.612366.0,train/loss_diff,1250,0.008239545859396458,1788161060.3043778
events.out.tfevents.1788149260.VCM15.612366.0,train/loss_diff,1260,0.0030490427743643522,1788161152.5131125
events.out.tfevents.1788149260.VCM15.612366.0,train/loss_diff,1270,0.024223845452070236,1788161248.3680086
events.out.tfevents.1788149260.VCM15.612366.0,train/loss_diff,1280,0.08178334683179855,1788161338.4159462
events.out.tfevents.1788149260.VCM15.612366.0,train/loss_diff,1290,0.004357816185802221,1788161439.2861314
events.out.tfevents.1788149260.VCM15.612366.0,train/loss_diff,1300,0.09901897609233856,1788161525.2860959
events.out.tfevents.1788149260.VCM15.612366.0,train/loss_diff,1310,0.0027644652873277664,1788161631.8125591
events.out.tfevents.1788149260.VCM15.612366.0,train/loss_diff,1320,0.08936726301908493,1788161729.7926989
events.out.tfevents.1788149260.VCM15.612366.0,train/loss_diff,1330,0.0027069845236837864,1788161816.9990168
events.out.tfevents.1788149260.VCM15.612366.0,train/loss_diff,1340,0.0009617789182811975,1788161901.6001513
events.out.tfevents.1788149260.VCM15.612366.0,train/loss_diff,1350,0.026876533403992653,1788161995.3414314
events.out.tfevents.1788149260.VCM15.612366.0,train/loss_diff,1360,0.04061125963926315,1788162100.3385499
events.out.tfevents.1788149260.VCM15.612366.0,train/loss_diff,1370,0.035012733191251755,1788162185.9322712
events.out.tfevents.1788149260.VCM15.612366.0,train/loss_diff,1380,0.012962434440851212,1788162278.2697809
events.out.tfevents.1788149260.VCM15.612366.0,train/loss_diff,1390,0.004842333495616913,1788162368.761727
events.out.tfevents.1788149260.VCM15.612366.0,train/loss_diff,1400,0.0023427200503647327,1788162454.5660083
events.out.tfevents.1788149260.VCM15.612366.0,train/loss_diff,1410,0.1079254224896431,1788162570.9494812
events.out.tfevents.1788149260.VCM15.612366.0,train/loss_diff,1420,0.0012225902173668146,1788162670.966623
events.out.tfevents.1788149260.VCM15.612366.0,train/loss_diff,1430,0.008103753440082073,1788162749.5836136
events.out.tfevents.1788149260.VCM15.612366.0,train/loss_diff,1440,0.010773034766316414,1788162861.4175975
events.out.tfevents.1788149260.VCM15.612366.0,train/loss_diff,1450,0.01977415382862091,1788162946.076676
events.out.tfevents.1788149260.VCM15.612366.0,train/loss_diff,1460,0.02693140134215355,1788163040.5908031
events.out.tfevents.1788149260.VCM15.612366.0,train/loss_diff,1470,0.060967519879341125,1788163142.964817
events.out.tfevents.1788149260.VCM15.612366.0,train/loss_diff,1480,0.24191905558109283,1788163230.4395378
events.out.tfevents.1788149260.VCM15.612366.0,train/loss_diff,1490,0.05887341871857643,1788163333.2725363
events.out.tfevents.1788149260.VCM15.612366.0,train/loss_diff,1500,0.14634782075881958,1788163424.14875
events.out.tfevents.1788149260.VCM15.612366.0,train/loss_diff,1510,0.019663114100694656,1788163534.5284526
events.out.tfevents.1788149260.VCM15.612366.0,train/loss_diff,1520,0.029097827151417732,1788163640.375675
events.out.tfevents.1788149260.VCM15.612366.0,train/loss_diff,1530,0.003416504245251417,1788163720.766923
events.out.tfevents.1788149260.VCM15.612366.0,train/loss_diff,1540,0.004926330875605345,1788163795.638275
events.out.tfevents.1788149260.VCM15.612366.0,train/loss_diff,1550,0.03753851354122162,1788163879.2622738
events.out.tfevents.1788149260.VCM15.612366.0,train/loss_diff,1560,0.11175524443387985,1788163980.609783
events.out.tfevents.1788149260.VCM15.612366.0,train/loss_diff,1570,0.023997485637664795,1788164085.585931
events.out.tfevents.1788149260.VCM15.612366.0,train/loss_diff,1580,0.0145046915858984,1788164169.4596817
events.out.tfevents.1788149260.VCM15.612366.0,train/loss_diff,1590,0.18828310072422028,1788164279.9977698
events.out.tfevents.1788149260.VCM15.612366.0,train/loss_diff,1600,0.002398619195446372,1788164386.8190498
events.out.tfevents.1788149260.VCM15.612366.0,train/loss_diff,1610,0.0013817918952554464,1788164466.1015077
events.out.tfevents.1788149260.VCM15.612366.0,train/loss_diff,1620,0.044385287910699844,1788164551.8554466
events.out.tfevents.1788149260.VCM15.612366.0,train/loss_diff,1630,0.1430739164352417,1788164654.0500102
events.out.tfevents.1788149260.VCM15.612366.0,train/loss_diff,1640,0.1768767535686493,1788164742.7793062
events.out.tfevents.1788149260.VCM15.612366.0,train/loss_diff,1650,0.06729615479707718,1788164849.331226
events.out.tfevents.1788149260.VCM15.612366.0,train/loss_diff,1660,0.02878566086292267,1788164941.067216
events.out.tfevents.1788149260.VCM15.612366.0,train/loss_diff,1670,0.0009433514787815511,1788165018.475493
events.out.tfevents.1788149260.VCM15.612366.0,train/loss_diff,1680,0.004690326750278473,1788165099.3119073
events.out.tfevents.1788149260.VCM15.612366.0,train/loss_diff,1690,0.09983330965042114,1788165192.4284992
events.out.tfevents.1788149260.VCM15.612366.0,train/loss_diff,1700,0.1418166607618332,1788165285.2508137
events.out.tfevents.1788149260.VCM15.612366.0,train/loss_diff,1710,0.032934024930000305,1788165382.2791996
events.out.tfevents.1788149260.VCM15.612366.0,train/loss_diff,1720,0.05905848741531372,1788165484.1831656
events.out.tfevents.1788149260.VCM15.612366.0,train/loss_feature_alignment,10,0.006518885493278503,1788149359.6546946
events.out.tfevents.1788149260.VCM15.612366.0,train/loss_feature_alignment,20,0.003295996692031622,1788149444.6234736
events.out.tfevents.1788149260.VCM15.612366.0,train/loss_feature_alignment,30,0.0023138714022934437,1788149546.7180943
events.out.tfevents.1788149260.VCM15.612366.0,train/loss_feature_alignment,40,0.002774678636342287,1788149643.3563032
events.out.tfevents.1788149260.VCM15.612366.0,train/loss_feature_alignment,50,0.0022900477051734924,1788149736.0070186
events.out.tfevents.1788149260.VCM15.612366.0,train/loss_feature_alignment,60,0.005522063467651606,1788149822.5874467
events.out.tfevents.1788149260.VCM15.612366.0,train/loss_feature_alignment,70,0.0048683928325772285,1788149930.104716
events.out.tfevents.1788149260.VCM15.612366.0,train/loss_feature_alignment,80,0.002274559112265706,1788150017.0758064
events.out.tfevents.1788149260.VCM15.612366.0,train/loss_feature_alignment,90,0.00564575707539916,1788150107.870086
events.out.tfevents.1788149260.VCM15.612366.0,train/loss_feature_alignment,100,0.004644865170121193,1788150199.809342
events.out.tfevents.1788149260.VCM15.612366.0,train/loss_feature_alignment,110,0.004636026918888092,1788150301.2557113
events.out.tfevents.1788149260.VCM15.612366.0,train/loss_feature_alignment,120,0.0025347289629280567,1788150402.778883
events.out.tfevents.1788149260.VCM15.612366.0,train/loss_feature_alignment,130,0.0032440428622066975,1788150482.7367382
events.out.tfevents.1788149260.VCM15.612366.0,train/loss_feature_alignment,140,0.0035082802642136812,1788150583.6508095
events.out.tfevents.1788149260.VCM15.612366.0,train/loss_feature_alignment,150,0.005226234905421734,1788150680.0667245
events.out.tfevents.1788149260.VCM15.612366.0,train/loss_feature_alignment,160,0.0039993165992200375,1788150781.7830374
events.out.tfevents.1788149260.VCM15.612366.0,train/loss_feature_alignment,170,0.003654155880212784,1788150892.8222597
events.out.tfevents.1788149260.VCM15.612366.0,train/loss_feature_alignment,180,0.005686067510396242,1788150975.0990114
events.out.tfevents.1788149260.VCM15.612366.0,train/loss_feature_alignment,190,0.003700917586684227,1788151052.985223
events.out.tfevents.1788149260.VCM15.612366.0,train/loss_feature_alignment,200,0.0024525714106857777,1788151137.4030924
events.out.tfevents.1788149260.VCM15.612366.0,train/loss_feature_alignment,210,0.0035573383793234825,1788151229.0734885
events.out.tfevents.1788149260.VCM15.612366.0,train/loss_feature_alignment,220,0.003009083215147257,1788151323.4880998
events.out.tfevents.1788149260.VCM15.612366.0,train/loss_feature_alignment,230,0.003108837641775608,1788151427.5916703
events.out.tfevents.1788149260.VCM15.612366.0,train/loss_feature_alignment,240,0.00472209183499217,1788151527.0748248
events.out.tfevents.1788149260.VCM15.612366.0,train/loss_feature_alignment,250,0.0056017241440713406,1788151611.4746394
events.out.tfevents.1788149260.VCM15.612366.0,train/loss_feature_alignment,260,0.005620788782835007,1788151684.8243577
events.out.tfevents.1788149260.VCM15.612366.0,train/loss_feature_alignment,270,0.0035909658763557673,1788151780.1579473
events.out.tfevents.1788149260.VCM15.612366.0,train/loss_feature_alignment,280,0.00404610950499773,1788151878.706304
events.out.tfevents.1788149260.VCM15.612366.0,train/loss_feature_alignment,290,0.005695594474673271,1788151965.4571795
events.out.tfevents.1788149260.VCM15.612366.0,train/loss_feature_alignment,300,0.004842307418584824,1788152044.4987738
events.out.tfevents.1788149260.VCM15.612366.0,train/loss_feature_alignment,310,0.006364163011312485,1788152141.2962058
events.out.tfevents.1788149260.VCM15.612366.0,train/loss_feature_alignment,320,0.004769018851220608,1788152233.916901
events.out.tfevents.1788149260.VCM15.612366.0,train/loss_feature_alignment,330,0.0035753012634813786,1788152340.912456
events.out.tfevents.1788149260.VCM15.612366.0,train/loss_feature_alignment,340,0.0035899507347494364,1788152434.6996357
events.out.tfevents.1788149260.VCM15.612366.0,train/loss_feature_alignment,350,0.0029693995602428913,1788152531.8690856
events.out.tfevents.1788149260.VCM15.612366.0,train/loss_feature_alignment,360,0.004593184683471918,1788152617.272949
events.out.tfevents.1788149260.VCM15.612366.0,train/loss_feature_alignment,370,0.005410221870988607,1788152709.0024872
events.out.tfevents.1788149260.VCM15.612366.0,train/loss_feature_alignment,380,0.0022275696974247694,1788152807.9734552
events.out.tfevents.1788149260.VCM15.612366.0,train/loss_feature_alignment,390,0.0038602580316364765,1788152886.0935395
events.out.tfevents.1788149260.VCM15.612366.0,train/loss_feature_alignment,400,0.0039240517653524876,1788153004.0425599
events.out.tfevents.1788149260.VCM15.612366.0,train/loss_feature_alignment,410,0.002789114136248827,1788153096.686327
events.out.tfevents.1788149260.VCM15.612366.0,train/loss_feature_alignment,420,0.0031105061061680317,1788153200.2695372
events.out.tfevents.1788149260.VCM15.612366.0,train/loss_feature_alignment,430,0.003061855211853981,1788153279.6534998
events.out.tfevents.1788149260.VCM15.612366.0,train/loss_feature_alignment,440,0.0026094699278473854,1788153358.7862904
events.out.tfevents.1788149260.VCM15.612366.0,train/loss_feature_alignment,450,0.004139081574976444,1788153452.8965068
events.out.tfevents.1788149260.VCM15.612366.0,train/loss_feature_alignment,460,0.0025913112331181765,1788153546.595925
events.out.tfevents.1788149260.VCM15.612366.0,train/loss_feature_alignment,470,0.003151527140289545,1788153635.5185268
events.out.tfevents.1788149260.VCM15.612366.0,train/loss_feature_alignment,480,0.0032715413253754377,1788153721.5905218
events.out.tfevents.1788149260.VCM15.612366.0,train/loss_feature_alignment,490,0.004675303120166063,1788153812.6312473
events.out.tfevents.1788149260.VCM15.612366.0,train/loss_feature_alignment,500,0.0052625020034611225,1788153910.6147768
events.out.tfevents.1788149260.VCM15.612366.0,train/loss_feature_alignment,510,0.003276910400018096,1788154000.3607183
events.out.tfevents.1788149260.VCM15.612366.0,train/loss_feature_alignment,520,0.002723690588027239,1788154091.8272388
events.out.tfevents.1788149260.VCM15.612366.0,train/loss_feature_alignment,530,0.0067398338578641415,1788154197.028861
events.out.tfevents.1788149260.VCM15.612366.0,train/loss_feature_alignment,540,0.004675087984651327,1788154293.8761096
events.out.tfevents.1788149260.VCM15.612366.0,train/loss_feature_alignment,550,0.004790288396179676,1788154391.9017224
events.out.tfevents.1788149260.VCM15.612366.0,train/loss_feature_alignment,560,0.004967207089066505,1788154471.7957687
events.out.tfevents.1788149260.VCM15.612366.0,train/loss_feature_alignment,570,0.0042627183720469475,1788154559.8202596
events.out.tfevents.1788149260.VCM15.612366.0,train/loss_feature_alignment,580,0.002964028622955084,1788154652.9137523
events.out.tfevents.1788149260.VCM15.612366.0,train/loss_feature_alignment,590,0.0033540830481797457,1788154759.8379385
events.out.tfevents.1788149260.VCM15.612366.0,train/loss_feature_alignment,600,0.0027001304551959038,1788154850.2215638
events.out.tfevents.1788149260.VCM15.612366.0,train/loss_feature_alignment,610,0.005508437752723694,1788154936.169591
events.out.tfevents.1788149260.VCM15.612366.0,train/loss_feature_alignment,620,0.0023393332958221436,1788155017.3795345
events.out.tfevents.1788149260.VCM15.612366.0,train/loss_feature_alignment,630,0.0045356592163443565,1788155103.9707806
events.out.tfevents.1788149260.VCM15.612366.0,train/loss_feature_alignment,640,0.0037720140535384417,1788155203.697574
events.out.tfevents.1788149260.VCM15.612366.0,train/loss_feature_alignment,650,0.0044755046255886555,1788155284.9509385
events.out.tfevents.1788149260.VCM15.612366.0,train/loss_feature_alignment,660,0.002427554689347744,1788155406.1279209
events.out.tfevents.1788149260.VCM15.612366.0,train/loss_feature_alignment,670,0.0023633716627955437,1788155500.0038638
events.out.tfevents.1788149260.VCM15.612366.0,train/loss_feature_alignment,680,0.002919092308729887,1788155596.4289036
events.out.tfevents.1788149260.VCM15.612366.0,train/loss_feature_alignment,690,0.003246898530051112,1788155682.686963
events.out.tfevents.1788149260.VCM15.612366.0,train/loss_feature_alignment,700,0.0031684432178735733,1788155773.2735972
events.out.tfevents.1788149260.VCM15.612366.0,train/loss_feature_alignment,710,0.00246109114959836,1788155870.8548987
events.out.tfevents.1788149260.VCM15.612366.0,train/loss_feature_alignment,720,0.0036473639775067568,1788155970.214076
events.out.tfevents.1788149260.VCM15.612366.0,train/loss_feature_alignment,730,0.0024394686333835125,1788156072.5770714
events.out.tfevents.1788149260.VCM15.612366.0,train/loss_feature_alignment,740,0.003454995108768344,1788156155.237625
events.out.tfevents.1788149260.VCM15.612366.0,train/loss_feature_alignment,750,0.0030055628158152103,1788156249.5556786
events.out.tfevents.1788149260.VCM15.612366.0,train/loss_feature_alignment,760,0.0037349695339798927,1788156351.0743654
events.out.tfevents.1788149260.VCM15.612366.0,train/loss_feature_alignment,770,0.0021252187434583902,1788156448.5676692
events.out.tfevents.1788149260.VCM15.612366.0,train/loss_feature_alignment,780,0.005206184461712837,1788156535.973036
events.out.tfevents.1788149260.VCM15.612366.0,train/loss_feature_alignment,790,0.004966164007782936,1788156639.7450938
events.out.tfevents.1788149260.VCM15.612366.0,train/loss_feature_alignment,800,0.002611239906400442,1788156748.4571655
events.out.tfevents.1788149260.VCM15.612366.0,train/loss_feature_alignment,810,0.00285790441557765,1788156844.5298169
events.out.tfevents.1788149260.VCM15.612366.0,train/loss_feature_alignment,820,0.0034498639870435,1788156948.2599103
events.out.tfevents.1788149260.VCM15.612366.0,train/loss_feature_alignment,830,0.006610883865505457,1788157040.3832364
events.out.tfevents.1788149260.VCM15.612366.0,train/loss_feature_alignment,840,0.00382062210701406,1788157134.4893372
events.out.tfevents.1788149260.VCM15.612366.0,train/loss_feature_alignment,850,0.0036478808615356684,1788157241.553963
events.out.tfevents.1788149260.VCM15.612366.0,train/loss_feature_alignment,860,0.0033685765229165554,1788157332.5164962
events.out.tfevents.1788149260.VCM15.612366.0,train/loss_feature_alignment,870,0.005311945918947458,1788157437.34157
events.out.tfevents.1788149260.VCM15.612366.0,train/loss_feature_alignment,880,0.0033266909886151552,1788157517.9732473
events.out.tfevents.1788149260.VCM15.612366.0,train/loss_feature_alignment,890,0.0039013021159917116,1788157629.6268575
events.out.tfevents.1788149260.VCM15.612366.0,train/loss_feature_alignment,900,0.0043144794180989265,1788157725.4165783
events.out.tfevents.1788149260.VCM15.612366.0,train/loss_feature_alignment,910,0.006696087773889303,1788157821.8961484
events.out.tfevents.1788149260.VCM15.612366.0,train/loss_feature_alignment,920,0.00291440193541348,1788157920.7340872
events.out.tfevents.1788149260.VCM15.612366.0,train/loss_feature_alignment,930,0.007918175309896469,1788158024.3806992
events.out.tfevents.1788149260.VCM15.612366.0,train/loss_feature_alignment,940,0.005661644972860813,1788158122.6384995
events.out.tfevents.1788149260.VCM15.612366.0,train/loss_feature_alignment,950,0.0046524954959750175,1788158212.0778878
events.out.tfevents.1788149260.VCM15.612366.0,train/loss_feature_alignment,960,0.0037901338655501604,1788158306.6454535
events.out.tfevents.1788149260.VCM15.612366.0,train/loss_feature_alignment,970,0.0060547105967998505,1788158406.3120778
events.out.tfevents.1788149260.VCM15.612366.0,train/loss_feature_alignment,980,0.0028535325545817614,1788158511.4207392
events.out.tfevents.1788149260.VCM15.612366.0,train/loss_feature_alignment,990,0.005056438967585564,1788158600.7569983
events.out.tfevents.1788149260.VCM15.612366.0,train/loss_feature_alignment,1000,0.005116191692650318,1788158694.978382
events.out.tfevents.1788149260.VCM15.612366.0,train/loss_feature_alignment,1010,0.0031981603242456913,1788158800.5598693
events.out.tfevents.1788149260.VCM15.612366.0,train/loss_feature_alignment,1020,0.0030118757858872414,1788158882.8923604
events.out.tfevents.1788149260.VCM15.612366.0,train/loss_feature_alignment,1030,0.004852059297263622,1788158962.989833
events.out.tfevents.1788149260.VCM15.612366.0,train/loss_feature_alignment,1040,0.0020799641497433186,1788159050.8155627
events.out.tfevents.1788149260.VCM15.612366.0,train/loss_feature_alignment,1050,0.004376515746116638,1788159165.212807
events.out.tfevents.1788149260.VCM15.612366.0,train/loss_feature_alignment,1060,0.0031507271341979504,1788159264.2759924
events.out.tfevents.1788149260.VCM15.612366.0,train/loss_feature_alignment,1070,0.0024308671709150076,1788159349.5590713
events.out.tfevents.1788149260.VCM15.612366.0,train/loss_feature_alignment,1080,0.004157857038080692,1788159432.0777583
events.out.tfevents.1788149260.VCM15.612366.0,train/loss_feature_alignment,1090,0.005757905542850494,1788159534.4606647
events.out.tfevents.1788149260.VCM15.612366.0,train/loss_feature_alignment,1100,0.003340260125696659,1788159626.4275937
events.out.tfevents.1788149260.VCM15.612366.0,train/loss_feature_alignment,1110,0.005661120172590017,1788159720.21771
events.out.tfevents.1788149260.VCM15.612366.0,train/loss_feature_alignment,1120,0.0023554456420242786,1788159823.000162
events.out.tfevents.1788149260.VCM15.612366.0,train/loss_feature_alignment,1130,0.0033024116419255733,1788159894.3234248
events.out.tfevents.1788149260.VCM15.612366.0,train/loss_feature_alignment,1140,0.0026116957888007164,1788159980.2214189
events.out.tfevents.1788149260.VCM15.612366.0,train/loss_feature_alignment,1150,0.004738908261060715,1788160072.7619946
events.out.tfevents.1788149260.VCM15.612366.0,train/loss_feature_alignment,1160,0.006604520604014397,1788160180.7476091
events.out.tfevents.1788149260.VCM15.612366.0,train/loss_feature_alignment,1170,0.004505414981395006,1788160274.552958
events.out.tfevents.1788149260.VCM15.612366.0,train/loss_feature_alignment,1180,0.0027381419204175472,1788160383.9053755
events.out.tfevents.1788149260.VCM15.612366.0,train/loss_feature_alignment,1190,0.005745772738009691,1788160478.8591304
events.out.tfevents.1788149260.VCM15.612366.0,train/loss_feature_alignment,1200,0.0031798677518963814,1788160563.2490702
events.out.tfevents.1788149260.VCM15.612366.0,train/loss_feature_alignment,1210,0.002186486031860113,1788160667.431119
events.out.tfevents.1788149260.VCM15.612366.0,train/loss_feature_alignment,1220,0.004474926739931107,1788160772.5318105
events.out.tfevents.1788149260.VCM15.612366.0,train/loss_feature_alignment,1230,0.0026920766104012728,1788160868.2131267
events.out.tfevents.1788149260.VCM15.612366.0,train/loss_feature_alignment,1240,0.0030265164095908403,1788160964.5649743
events.out.tfevents.1788149260.VCM15.612366.0,train/loss_feature_alignment,1250,0.0024305256083607674,1788161060.3048046
events.out.tfevents.1788149260.VCM15.612366.0,train/loss_feature_alignment,1260,0.0027882708236575127,1788161152.5134606
events.out.tfevents.1788149260.VCM15.612366.0,train/loss_feature_alignment,1270,0.004797853529453278,1788161248.3683407
events.out.tfevents.1788149260.VCM15.612366.0,train/loss_feature_alignment,1280,0.005219863262027502,1788161338.4163737
events.out.tfevents.1788149260.VCM15.612366.0,train/loss_feature_alignment,1290,0.004835277795791626,1788161439.2865596
events.out.tfevents.1788149260.VCM15.612366.0,train/loss_feature_alignment,1300,0.0038226761389523745,1788161525.2865613
events.out.tfevents.1788149260.VCM15.612366.0,train/loss_feature_alignment,1310,0.0035697007551789284,1788161631.8127017
events.out.tfevents.1788149260.VCM15.612366.0,train/loss_feature_alignment,1320,0.0048477547243237495,1788161729.7931352
events.out.tfevents.1788149260.VCM15.612366.0,train/loss_feature_alignment,1330,0.00296956324018538,1788161816.9994473
events.out.tfevents.1788149260.VCM15.612366.0,train/loss_feature_alignment,1340,0.007875900715589523,1788161901.6005235
events.out.tfevents.1788149260.VCM15.612366.0,train/loss_feature_alignment,1350,0.002501833951100707,1788161995.3418634
events.out.tfevents.1788149260.VCM15.612366.0,train/loss_feature_alignment,1360,0.00592702254652977,1788162100.338837
events.out.tfevents.1788149260.VCM15.612366.0,train/loss_feature_alignment,1370,0.003001708537340164,1788162185.9325414
events.out.tfevents.1788149260.VCM15.612366.0,train/loss_feature_alignment,1380,0.00499368691816926,1788162278.270211
events.out.tfevents.1788149260.VCM15.612366.0,train/loss_feature_alignment,1390,0.005830669309943914,1788162368.7621493
events.out.tfevents.1788149260.VCM15.612366.0,train/loss_feature_alignment,1400,0.0059920018538832664,1788162454.5662923
events.out.tfevents.1788149260.VCM15.612366.0,train/loss_feature_alignment,1410,0.0036196885630488396,1788162570.949767
events.out.tfevents.1788149260.VCM15.612366.0,train/loss_feature_alignment,1420,0.003035475965589285,1788162670.967049
events.out.tfevents.1788149260.VCM15.612366.0,train/loss_feature_alignment,1430,0.002734880428761244,1788162749.5840352
events.out.tfevents.1788149260.VCM15.612366.0,train/loss_feature_alignment,1440,0.0026160681154578924,1788162861.4179964
events.out.tfevents.1788149260.VCM15.612366.0,train/loss_feature_alignment,1450,0.0037446939386427402,1788162946.077118
events.out.tfevents.1788149260.VCM15.612366.0,train/loss_feature_alignment,1460,0.004254100378602743,1788163040.5912366
events.out.tfevents.1788149260.VCM15.612366.0,train/loss_feature_alignment,1470,0.004226940218359232,1788163142.9651766
events.out.tfevents.1788149260.VCM15.612366.0,train/loss_feature_alignment,1480,0.0036220294423401356,1788163230.4398983
events.out.tfevents.1788149260.VCM15.612366.0,train/loss_feature_alignment,1490,0.006024107802659273,1788163333.2728798
events.out.tfevents.1788149260.VCM15.612366.0,train/loss_feature_alignment,1500,0.007550205569714308,1788163424.1490257
events.out.tfevents.1788149260.VCM15.612366.0,train/loss_feature_alignment,1510,0.003744117682799697,1788163534.5287206
events.out.tfevents.1788149260.VCM15.612366.0,train/loss_feature_alignment,1520,0.004117798991501331,1788163640.3760102
events.out.tfevents.1788149260.VCM15.612366.0,train/loss_feature_alignment,1530,0.00382522726431489,1788163720.767266
events.out.tfevents.1788149260.VCM15.612366.0,train/loss_feature_alignment,1540,0.003287775907665491,1788163795.6385925
events.out.tfevents.1788149260.VCM15.612366.0,train/loss_feature_alignment,1550,0.003032510168850422,1788163879.2626483
events.out.tfevents.1788149260.VCM15.612366.0,train/loss_feature_alignment,1560,0.0055252555757761,1788163980.6101248
events.out.tfevents.1788149260.VCM15.612366.0,train/loss_feature_alignment,1570,0.002570228185504675,1788164085.5862157
events.out.tfevents.1788149260.VCM15.612366.0,train/loss_feature_alignment,1580,0.006893880199640989,1788164169.4601104
events.out.tfevents.1788149260.VCM15.612366.0,train/loss_feature_alignment,1590,0.0026318510062992573,1788164279.9982002
events.out.tfevents.1788149260.VCM15.612366.0,train/loss_feature_alignment,1600,0.0026832264848053455,1788164386.8194108
events.out.tfevents.1788149260.VCM15.612366.0,train/loss_feature_alignment,1610,0.004702409729361534,1788164466.1019282
events.out.tfevents.1788149260.VCM15.612366.0,train/loss_feature_alignment,1620,0.007369515020400286,1788164551.8558652
events.out.tfevents.1788149260.VCM15.612366.0,train/loss_feature_alignment,1630,0.003772507421672344,1788164654.050351
events.out.tfevents.1788149260.VCM15.612366.0,train/loss_feature_alignment,1640,0.003927358891814947,1788164742.7795737
events.out.tfevents.1788149260.VCM15.612366.0,train/loss_feature_alignment,1650,0.00326911429874599,1788164849.3315418
events.out.tfevents.1788149260.VCM15.612366.0,train/loss_feature_alignment,1660,0.0035096928477287292,1788164941.0677178
events.out.tfevents.1788149260.VCM15.612366.0,train/loss_feature_alignment,1670,0.003195993136614561,1788165018.4759176
events.out.tfevents.1788149260.VCM15.612366.0,train/loss_feature_alignment,1680,0.008689469657838345,1788165099.3123317
events.out.tfevents.1788149260.VCM15.612366.0,train/loss_feature_alignment,1690,0.0038450409192591906,1788165192.429086
events.out.tfevents.1788149260.VCM15.612366.0,train/loss_feature_alignment,1700,0.0028290050104260445,1788165285.2512631
events.out.tfevents.1788149260.VCM15.612366.0,train/loss_feature_alignment,1710,0.004601828288286924,1788165382.2796164
events.out.tfevents.1788149260.VCM15.612366.0,train/loss_feature_alignment,1720,0.004425808321684599,1788165484.1834366
events.out.tfevents.1788149260.VCM15.612366.0,train/loss_feature_alignment_weighted,10,6.5188860389753245e-06,1788149359.6553464
events.out.tfevents.1788149260.VCM15.612366.0,train/loss_feature_alignment_weighted,20,6.591993951587938e-06,1788149444.6238198
events.out.tfevents.1788149260.VCM15.612366.0,train/loss_feature_alignment_weighted,30,6.941614628885873e-06,1788149546.7183628
events.out.tfevents.1788149260.VCM15.612366.0,train/loss_feature_alignment_weighted,40,1.1098714821855538e-05,1788149643.356623
events.out.tfevents.1788149260.VCM15.612366.0,train/loss_feature_alignment_weighted,50,1.1450238162069581e-05,1788149736.0073588
events.out.tfevents.1788149260.VCM15.612366.0,train/loss_feature_alignment_weighted,60,3.3132379030575976e-05,1788149822.5877953
events.out.tfevents.1788149260.VCM15.612366.0,train/loss_feature_alignment_weighted,70,3.4078748285537586e-05,1788149930.1052089
events.out.tfevents.1788149260.VCM15.612366.0,train/loss_feature_alignment_weighted,80,1.8196475139120594e-05,1788150017.0761104
events.out.tfevents.1788149260.VCM15.612366.0,train/loss_feature_alignment_weighted,90,5.081181006971747e-05,1788150107.8703856
events.out.tfevents.1788149260.VCM15.612366.0,train/loss_feature_alignment_weighted,100,4.644865111913532e-05,1788150199.8095934
events.out.tfevents.1788149260.VCM15.612366.0,train/loss_feature_alignment_weighted,110,5.0996295613003895e-05,1788150301.2560616
events.out.tfevents.1788149260.VCM15.612366.0,train/loss_feature_alignment_weighted,120,3.0416746085393243e-05,1788150402.7791424
events.out.tfevents.1788149260.VCM15.612366.0,train/loss_feature_alignment_weighted,130,4.217255627736449e-05,1788150482.7370749
events.out.tfevents.1788149260.VCM15.612366.0,train/loss_feature_alignment_weighted,140,4.911592623102479e-05,1788150583.6512034
events.out.tfevents.1788149260.VCM15.612366.0,train/loss_feature_alignment_weighted,150,7.839352474547923e-05,1788150680.0669794
events.out.tfevents.1788149260.VCM15.612366.0,train/loss_feature_alignment_weighted,160,6.398907135007903e-05,1788150781.7833564
events.out.tfevents.1788149260.VCM15.612366.0,train/loss_feature_alignment_weighted,170,6.212065636646003e-05,1788150892.8225958
events.out.tfevents.1788149260.VCM15.612366.0,train/loss_feature_alignment_weighted,180,0.00010234920773655176,1788150975.099332
events.out.tfevents.1788149260.VCM15.612366.0,train/loss_feature_alignment_weighted,190,7.031743007246405e-05,1788151052.9855416
events.out.tfevents.1788149260.VCM15.612366.0,train/loss_feature_alignment_weighted,200,4.905142486677505e-05,1788151137.4034162
events.out.tfevents.1788149260.VCM15.612366.0,train/loss_feature_alignment_weighted,210,7.470410491805524e-05,1788151229.073742
events.out.tfevents.1788149260.VCM15.612366.0,train/loss_feature_alignment_weighted,220,6.619983469136059e-05,1788151323.4884338
events.out.tfevents.1788149260.VCM15.612366.0,train/loss_feature_alignment_weighted,230,7.150326564442366e-05,1788151427.592017
events.out.tfevents.1788149260.VCM15.612366.0,train/loss_feature_alignment_weighted,240,0.00011333021393511444,1788151527.0751739
events.out.tfevents.1788149260.VCM15.612366.0,train/loss_feature_alignment_weighted,250,0.00014004309196025133,1788151611.4749477
events.out.tfevents.1788149260.VCM15.612366.0,train/loss_feature_alignment_weighted,260,0.00014614051906391978,1788151684.8246157
events.out.tfevents.1788149260.VCM15.612366.0,train/loss_feature_alignment_weighted,270,9.695607877802104e-05,1788151780.1582372
events.out.tfevents.1788149260.VCM15.612366.0,train/loss_feature_alignment_weighted,280,0.00011329106928315014,1788151878.7066386
events.out.tfevents.1788149260.VCM15.612366.0,train/loss_feature_alignment_weighted,290,0.00016517224139533937,1788151965.457568
events.out.tfevents.1788149260.VCM15.612366.0,train/loss_feature_alignment_weighted,300,0.00014526923769153655,1788152044.4990025
events.out.tfevents.1788149260.VCM15.612366.0,train/loss_feature_alignment_weighted,310,0.00019728904590010643,1788152141.2965708
events.out.tfevents.1788149260.VCM15.612366.0,train/loss_feature_alignment_weighted,320,0.0001526086125522852,1788152233.9172597
events.out.tfevents.1788149260.VCM15.612366.0,train/loss_feature_alignment_weighted,330,0.00011798493505921215,1788152340.9129145
events.out.tfevents.1788149260.VCM15.612366.0,train/loss_feature_alignment_weighted,340,0.00012205833627376705,1788152434.6999614
events.out.tfevents.1788149260.VCM15.612366.0,train/loss_feature_alignment_weighted,350,0.00010392898548161611,1788152531.8693893
events.out.tfevents.1788149260.VCM15.612366.0,train/loss_feature_alignment_weighted,360,0.00016535464965272695,1788152617.2732742
events.out.tfevents.1788149260.VCM15.612366.0,train/loss_feature_alignment_weighted,370,0.00020017821225337684,1788152709.0028267
events.out.tfevents.1788149260.VCM15.612366.0,train/loss_feature_alignment_weighted,380,8.464764687232673e-05,1788152807.9737713
events.out.tfevents.1788149260.VCM15.612366.0,train/loss_feature_alignment_weighted,390,0.00015055006952024996,1788152886.0938613
events.out.tfevents.1788149260.VCM15.612366.0,train/loss_feature_alignment_weighted,400,0.00015696206537541002,1788153004.0428886
events.out.tfevents.1788149260.VCM15.612366.0,train/loss_feature_alignment_weighted,410,0.00011435367923695594,1788153096.6866689
events.out.tfevents.1788149260.VCM15.612366.0,train/loss_feature_alignment_weighted,420,0.0001306412450503558,1788153200.26987
events.out.tfevents.1788149260.VCM15.612366.0,train/loss_feature_alignment_weighted,430,0.00013165977725293487,1788153279.6537545
events.out.tfevents.1788149260.VCM15.612366.0,train/loss_feature_alignment_weighted,440,0.00011481667752377689,1788153358.7865982
events.out.tfevents.1788149260.VCM15.612366.0,train/loss_feature_alignment_weighted,450,0.00018625867960508913,1788153452.8967116
events.out.tfevents.1788149260.VCM15.612366.0,train/loss_feature_alignment_weighted,460,0.00011920031829504296,1788153546.5965748
events.out.tfevents.1788149260.VCM15.612366.0,train/loss_feature_alignment_weighted,470,0.00014812176232226193,1788153635.5188305
events.out.tfevents.1788149260.VCM15.612366.0,train/loss_feature_alignment_weighted,480,0.00015703399549238384,1788153721.5907733
events.out.tfevents.1788149260.VCM15.612366.0,train/loss_feature_alignment_weighted,490,0.00022908984101377428,1788153812.6315148
events.out.tfevents.1788149260.VCM15.612366.0,train/loss_feature_alignment_weighted,500,0.0002631251118145883,1788153910.6150894
events.out.tfevents.1788149260.VCM15.612366.0,train/loss_feature_alignment_weighted,510,0.0001638455141801387,1788154000.3609989
events.out.tfevents.1788149260.VCM15.612366.0,train/loss_feature_alignment_weighted,520,0.00013618453522212803,1788154091.8275034
events.out.tfevents.1788149260.VCM15.612366.0,train/loss_feature_alignment_weighted,530,0.00033699171035550535,1788154197.0291576
events.out.tfevents.1788149260.VCM15.612366.0,train/loss_feature_alignment_weighted,540,0.00023375439923256636,1788154293.8764236
events.out.tfevents.1788149260.VCM15.612366.0,train/loss_feature_alignment_weighted,550,0.0002395144256297499,1788154391.9020147
events.out.tfevents.1788149260.VCM15.612366.0,train/loss_feature_alignment_weighted,560,0.00024836036027409136,1788154471.7960505
events.out.tfevents.1788149260.VCM15.612366.0,train/loss_feature_alignment_weighted,570,0.00021313593606464565,1788154559.8205729
events.out.tfevents.1788149260.VCM15.612366.0,train/loss_feature_alignment_weighted,580,0.00014820143405813724,1788154652.9140897
events.out.tfevents.1788149260.VCM15.612366.0,train/loss_feature_alignment_weighted,590,0.00016770415822975338,1788154759.8383894
events.out.tfevents.1788149260.VCM15.612366.0,train/loss_feature_alignment_weighted,600,0.00013500651402864605,1788154850.2218926
events.out.tfevents.1788149260.VCM15.612366.0,train/loss_feature_alignment_weighted,610,0.0002754218876361847,1788154936.1697946
events.out.tfevents.1788149260.VCM15.612366.0,train/loss_feature_alignment_weighted,620,0.0001169666793430224,1788155017.379765
events.out.tfevents.1788149260.VCM15.612366.0,train/loss_feature_alignment_weighted,630,0.00022678295499645174,1788155103.9711208
events.out.tfevents.1788149260.VCM15.612366.0,train/loss_feature_alignment_weighted,640,0.00018860070849768817,1788155203.6978796
events.out.tfevents.1788149260.VCM15.612366.0,train/loss_feature_alignment_weighted,650,0.00022377523418981582,1788155284.9512613
events.out.tfevents.1788149260.VCM15.612366.0,train/loss_feature_alignment_weighted,660,0.00012137774319853634,1788155406.1282544
events.out.tfevents.1788149260.VCM15.612366.0,train/loss_feature_alignment_weighted,670,0.00011816858022939414,1788155500.0041888
events.out.tfevents.1788149260.VCM15.612366.0,train/loss_feature_alignment_weighted,680,0.0001459546183468774,1788155596.429259
events.out.tfevents.1788149260.VCM15.612366.0,train/loss_feature_alignment_weighted,690,0.00016234492068178952,1788155682.6872675
events.out.tfevents.1788149260.VCM15.612366.0,train/loss_feature_alignment_weighted,700,0.00015842216089367867,1788155773.2739205
events.out.tfevents.1788149260.VCM15.612366.0,train/loss_feature_alignment_weighted,710,0.00012305456039030105,1788155870.855261
events.out.tfevents.1788149260.VCM15.612366.0,train/loss_feature_alignment_weighted,720,0.00018236821051687002,1788155970.2144728
events.out.tfevents.1788149260.VCM15.612366.0,train/loss_feature_alignment_weighted,730,0.00012197342584840953,1788156072.577367
events.out.tfevents.1788149260.VCM15.612366.0,train/loss_feature_alignment_weighted,740,0.00017274975834880024,1788156155.2378592
events.out.tfevents.1788149260.VCM15.612366.0,train/loss_feature_alignment_weighted,750,0.00015027813788037747,1788156249.5563564
events.out.tfevents.1788149260.VCM15.612366.0,train/loss_feature_alignment_weighted,760,0.00018674848251976073,1788156351.0747027
events.out.tfevents.1788149260.VCM15.612366.0,train/loss_feature_alignment_weighted,770,0.00010626093717291951,1788156448.5679715
events.out.tfevents.1788149260.VCM15.612366.0,train/loss_feature_alignment_weighted,780,0.00026030922890640795,1788156535.9733803
events.out.tfevents.1788149260.VCM15.612366.0,train/loss_feature_alignment_weighted,790,0.00024830817710608244,1788156639.745505
events.out.tfevents.1788149260.VCM15.612366.0,train/loss_feature_alignment_weighted,800,0.0001305619953200221,1788156748.4575238
events.out.tfevents.1788149260.VCM15.612366.0,train/loss_feature_alignment_weighted,810,0.00014289520913735032,1788156844.530124
events.out.tfevents.1788149260.VCM15.612366.0,train/loss_feature_alignment_weighted,820,0.0001724931935314089,1788156948.260229
events.out.tfevents.1788149260.VCM15.612366.0,train/loss_feature_alignment_weighted,830,0.00033054419327527285,1788157040.3835914
events.out.tfevents.1788149260.VCM15.612366.0,train/loss_feature_alignment_weighted,840,0.0001910311111714691,1788157134.4896917
events.out.tfevents.1788149260.VCM15.612366.0,train/loss_feature_alignment_weighted,850,0.0001823940547183156,1788157241.554398
events.out.tfevents.1788149260.VCM15.612366.0,train/loss_feature_alignment_weighted,860,0.00016842882905621082,1788157332.5168202
events.out.tfevents.1788149260.VCM15.612366.0,train/loss_feature_alignment_weighted,870,0.0002655973075889051,1788157437.3419173
events.out.tfevents.1788149260.VCM15.612366.0,train/loss_feature_alignment_weighted,880,0.00016633456107228994,1788157517.9735637
events.out.tfevents.1788149260.VCM15.612366.0,train/loss_feature_alignment_weighted,890,0.00019506510579958558,1788157629.627197
events.out.tfevents.1788149260.VCM15.612366.0,train/loss_feature_alignment_weighted,900,0.00021572396508418024,1788157725.4169183
events.out.tfevents.1788149260.VCM15.612366.0,train/loss_feature_alignment_weighted,910,0.0003348044119775295,1788157821.896411
events.out.tfevents.1788149260.VCM15.612366.0,train/loss_feature_alignment_weighted,920,0.00014572009968105704,1788157920.734365
events.out.tfevents.1788149260.VCM15.612366.0,train/loss_feature_alignment_weighted,930,0.0003959088062401861,1788158024.380996
events.out.tfevents.1788149260.VCM15.612366.0,train/loss_feature_alignment_weighted,940,0.00028308224864304066,1788158122.638799
events.out.tfevents.1788149260.VCM15.612366.0,train/loss_feature_alignment_weighted,950,0.00023262479226104915,1788158212.078137
events.out.tfevents.1788149260.VCM15.612366.0,train/loss_feature_alignment_weighted,960,0.00018950669618789107,1788158306.6457732
events.out.tfevents.1788149260.VCM15.612366.0,train/loss_feature_alignment_weighted,970,0.0003027355414815247,1788158406.3124473
events.out.tfevents.1788149260.VCM15.612366.0,train/loss_feature_alignment_weighted,980,0.00014267663937062025,1788158511.4211824
events.out.tfevents.1788149260.VCM15.612366.0,train/loss_feature_alignment_weighted,990,0.0002528219483792782,1788158600.7572813
events.out.tfevents.1788149260.VCM15.612366.0,train/loss_feature_alignment_weighted,1000,0.0002558096020948142,1788158694.9787714
events.out.tfevents.1788149260.VCM15.612366.0,train/loss_feature_alignment_weighted,1010,0.00015990801330190152,1788158800.5602152
events.out.tfevents.1788149260.VCM15.612366.0,train/loss_feature_alignment_weighted,1020,0.0001505937980255112,1788158882.8926325
events.out.tfevents.1788149260.VCM15.612366.0,train/loss_feature_alignment_weighted,1030,0.0002426029823254794,1788158962.99018
events.out.tfevents.1788149260.VCM15.612366.0,train/loss_feature_alignment_weighted,1040,0.00010399821621831506,1788159050.815907
events.out.tfevents.1788149260.VCM15.612366.0,train/loss_feature_alignment_weighted,1050,0.000218825793126598,1788159165.2132523
events.out.tfevents.1788149260.VCM15.612366.0,train/loss_feature_alignment_weighted,1060,0.00015753635670989752,1788159264.2762365
events.out.tfevents.1788149260.VCM15.612366.0,train/loss_feature_alignment_weighted,1070,0.00012154335854575038,1788159349.5593038
events.out.tfevents.1788149260.VCM15.612366.0,train/loss_feature_alignment_weighted,1080,0.00020789285190403461,1788159432.0780988
events.out.tfevents.1788149260.VCM15.612366.0,train/loss_feature_alignment_weighted,1090,0.000287895294604823,1788159534.4610248
events.out.tfevents.1788149260.VCM15.612366.0,train/loss_feature_alignment_weighted,1100,0.0001670130150159821,1788159626.4279394
events.out.tfevents.1788149260.VCM15.612366.0,train/loss_feature_alignment_weighted,1110,0.0002830559969879687,1788159720.2180643
events.out.tfevents.1788149260.VCM15.612366.0,train/loss_feature_alignment_weighted,1120,0.00011777228792198002,1788159823.000493
events.out.tfevents.1788149260.VCM15.612366.0,train/loss_feature_alignment_weighted,1130,0.00016512058209627867,1788159894.3236165
events.out.tfevents.1788149260.VCM15.612366.0,train/loss_feature_alignment_weighted,1140,0.00013058478361926973,1788159980.2217314
events.out.tfevents.1788149260.VCM15.612366.0,train/loss_feature_alignment_weighted,1150,0.000236945430515334,1788160072.7622874
events.out.tfevents.1788149260.VCM15.612366.0,train/loss_feature_alignment_weighted,1160,0.00033022603020071983,1788160180.747929
events.out.tfevents.1788149260.VCM15.612366.0,train/loss_feature_alignment_weighted,1170,0.0002252707490697503,1788160274.5532563
events.out.tfevents.1788149260.VCM15.612366.0,train/loss_feature_alignment_weighted,1180,0.00013690709602087736,1788160383.905628
events.out.tfevents.1788149260.VCM15.612366.0,train/loss_feature_alignment_weighted,1190,0.0002872886252589524,1788160478.8593528
events.out.tfevents.1788149260.VCM15.612366.0,train/loss_feature_alignment_weighted,1200,0.00015899338177405298,1788160563.2493064
events.out.tfevents.1788149260.VCM15.612366.0,train/loss_feature_alignment_weighted,1210,0.00010932429722743109,1788160667.4314213
events.out.tfevents.1788149260.VCM15.612366.0,train/loss_feature_alignment_weighted,1220,0.0002237463486380875,1788160772.532586
events.out.tfevents.1788149260.VCM15.612366.0,train/loss_feature_alignment_weighted,1230,0.00013460383343044668,1788160868.2134666
events.out.tfevents.1788149260.VCM15.612366.0,train/loss_feature_alignment_weighted,1240,0.0001513258321210742,1788160964.5653362
events.out.tfevents.1788149260.VCM15.612366.0,train/loss_feature_alignment_weighted,1250,0.00012152627459727228,1788161060.3051472
events.out.tfevents.1788149260.VCM15.612366.0,train/loss_feature_alignment_weighted,1260,0.00013941354700364172,1788161152.5137553
events.out.tfevents.1788149260.VCM15.612366.0,train/loss_feature_alignment_weighted,1270,0.00023989267356228083,1788161248.3685906
events.out.tfevents.1788149260.VCM15.612366.0,train/loss_feature_alignment_weighted,1280,0.0002609931689221412,1788161338.4166715
events.out.tfevents.1788149260.VCM15.612366.0,train/loss_feature_alignment_weighted,1290,0.0002417638897895813,1788161439.286897
events.out.tfevents.1788149260.VCM15.612366.0,train/loss_feature_alignment_weighted,1300,0.0001911338185891509,1788161525.286826
events.out.tfevents.1788149260.VCM15.612366.0,train/loss_feature_alignment_weighted,1310,0.00017848503193818033,1788161631.8130803
events.out.tfevents.1788149260.VCM15.612366.0,train/loss_feature_alignment_weighted,1320,0.00024238774494733661,1788161729.7934842
events.out.tfevents.1788149260.VCM15.612366.0,train/loss_feature_alignment_weighted,1330,0.0001484781678300351,1788161816.9998298
events.out.tfevents.1788149260.VCM15.612366.0,train/loss_feature_alignment_weighted,1340,0.000393795024137944,1788161901.6009247
events.out.tfevents.1788149260.VCM15.612366.0,train/loss_feature_alignment_weighted,1350,0.00012509169755503535,1788161995.3422036
events.out.tfevents.1788149260.VCM15.612366.0,train/loss_feature_alignment_weighted,1360,0.0002963511215057224,1788162100.3393025
events.out.tfevents.1788149260.VCM15.612366.0,train/loss_feature_alignment_weighted,1370,0.0001500854268670082,1788162185.9329917
events.out.tfevents.1788149260.VCM15.612366.0,train/loss_feature_alignment_weighted,1380,0.0002496843517292291,1788162278.270452
events.out.tfevents.1788149260.VCM15.612366.0,train/loss_feature_alignment_weighted,1390,0.0002915334771387279,1788162368.762381
events.out.tfevents.1788149260.VCM15.612366.0,train/loss_feature_alignment_weighted,1400,0.0002996000985149294,1788162454.5665693
events.out.tfevents.1788149260.VCM15.612366.0,train/loss_feature_alignment_weighted,1410,0.00018098442524205893,1788162570.950065
events.out.tfevents.1788149260.VCM15.612366.0,train/loss_feature_alignment_weighted,1420,0.00015177379827946424,1788162670.9672492
events.out.tfevents.1788149260.VCM15.612366.0,train/loss_feature_alignment_weighted,1430,0.00013674402725882828,1788162749.5842803
events.out.tfevents.1788149260.VCM15.612366.0,train/loss_feature_alignment_weighted,1440,0.0001308034115936607,1788162861.4182298
events.out.tfevents.1788149260.VCM15.612366.0,train/loss_feature_alignment_weighted,1450,0.00018723470566328615,1788162946.0773268
events.out.tfevents.1788149260.VCM15.612366.0,train/loss_feature_alignment_weighted,1460,0.00021270502475090325,1788163040.591425
events.out.tfevents.1788149260.VCM15.612366.0,train/loss_feature_alignment_weighted,1470,0.00021134702546987683,1788163142.9654005
events.out.tfevents.1788149260.VCM15.612366.0,train/loss_feature_alignment_weighted,1480,0.00018110148084815592,1788163230.4401357
events.out.tfevents.1788149260.VCM15.612366.0,train/loss_feature_alignment_weighted,1490,0.0003012053784914315,1788163333.2731352
events.out.tfevents.1788149260.VCM15.612366.0,train/loss_feature_alignment_weighted,1500,0.0003775102668441832,1788163424.1492612
events.out.tfevents.1788149260.VCM15.612366.0,train/loss_feature_alignment_weighted,1510,0.00018720587831921875,1788163534.528945
events.out.tfevents.1788149260.VCM15.612366.0,train/loss_feature_alignment_weighted,1520,0.00020588994084391743,1788163640.3762343
events.out.tfevents.1788149260.VCM15.612366.0,train/loss_feature_alignment_weighted,1530,0.0001912613515742123,1788163720.7675922
events.out.tfevents.1788149260.VCM15.612366.0,train/loss_feature_alignment_weighted,1540,0.00016438879538327456,1788163795.638912
events.out.tfevents.1788149260.VCM15.612366.0,train/loss_feature_alignment_weighted,1550,0.0001516255142632872,1788163879.2628648
events.out.tfevents.1788149260.VCM15.612366.0,train/loss_feature_alignment_weighted,1560,0.00027626275550574064,1788163980.6105454
events.out.tfevents.1788149260.VCM15.612366.0,train/loss_feature_alignment_weighted,1570,0.0001285114121856168,1788164085.586573
events.out.tfevents.1788149260.VCM15.612366.0,train/loss_feature_alignment_weighted,1580,0.0003446940390858799,1788164169.4603343
events.out.tfevents.1788149260.VCM15.612366.0,train/loss_feature_alignment_weighted,1590,0.00013159256195649505,1788164279.9983964
events.out.tfevents.1788149260.VCM15.612366.0,train/loss_feature_alignment_weighted,1600,0.00013416132424026728,1788164386.8197029
events.out.tfevents.1788149260.VCM15.612366.0,train/loss_feature_alignment_weighted,1610,0.00023512050393037498,1788164466.1021721
events.out.tfevents.1788149260.VCM15.612366.0,train/loss_feature_alignment_weighted,1620,0.0003684757393784821,1788164551.8561995
events.out.tfevents.1788149260.VCM15.612366.0,train/loss_feature_alignment_weighted,1630,0.00018862538854591548,1788164654.0507047
events.out.tfevents.1788149260.VCM15.612366.0,train/loss_feature_alignment_weighted,1640,0.0001963679533218965,1788164742.7798405
events.out.tfevents.1788149260.VCM15.612366.0,train/loss_feature_alignment_weighted,1650,0.00016345572657883167,1788164849.3317978
events.out.tfevents.1788149260.VCM15.612366.0,train/loss_feature_alignment_weighted,1660,0.0001754846452968195,1788164941.068061
events.out.tfevents.1788149260.VCM15.612366.0,train/loss_feature_alignment_weighted,1670,0.0001597996597411111,1788165018.4761164
events.out.tfevents.1788149260.VCM15.612366.0,train/loss_feature_alignment_weighted,1680,0.0004344735061749816,1788165099.3126912
events.out.tfevents.1788149260.VCM15.612366.0,train/loss_feature_alignment_weighted,1690,0.00019225204596295953,1788165192.4294548
events.out.tfevents.1788149260.VCM15.612366.0,train/loss_feature_alignment_weighted,1700,0.00014145024761091918,1788165285.2516787
events.out.tfevents.1788149260.VCM15.612366.0,train/loss_feature_alignment_weighted,1710,0.0002300914202351123,1788165382.2798898
events.out.tfevents.1788149260.VCM15.612366.0,train/loss_feature_alignment_weighted,1720,0.00022129042190499604,1788165484.1836839
events.out.tfevents.1788149260.VCM15.612366.0,train/loss_feature_backward,10,0.006791695021092892,1788149359.6562452
events.out.tfevents.1788149260.VCM15.612366.0,train/loss_feature_backward,20,0.002942783758044243,1788149444.6242542
events.out.tfevents.1788149260.VCM15.612366.0,train/loss_feature_backward,30,0.0023852556478232145,1788149546.7188022
events.out.tfevents.1788149260.VCM15.612366.0,train/loss_feature_backward,40,0.0028899102471768856,1788149643.3570993
events.out.tfevents.1788149260.VCM15.612366.0,train/loss_feature_backward,50,0.0023117694072425365,1788149736.0077918
events.out.tfevents.1788149260.VCM15.612366.0,train/loss_feature_backward,60,0.005542026832699776,1788149822.588226
events.out.tfevents.1788149260.VCM15.612366.0,train/loss_feature_backward,70,0.004842795431613922,1788149930.105749
events.out.tfevents.1788149260.VCM15.612366.0,train/loss_feature_backward,80,0.0023270887322723866,1788150017.0765376
events.out.tfevents.1788149260.VCM15.612366.0,train/loss_feature_backward,90,0.00567171536386013,1788150107.8708162
events.out.tfevents.1788149260.VCM15.612366.0,train/loss_feature_backward,100,0.004697147291153669,1788150199.809943
events.out.tfevents.1788149260.VCM15.612366.0,train/loss_feature_backward,110,0.004614172503352165,1788150301.2565393
events.out.tfevents.1788149260.VCM15.612366.0,train/loss_feature_backward,120,0.0026383809745311737,1788150402.779583
events.out.tfevents.1788149260.VCM15.612366.0,train/loss_feature_backward,130,0.0033081171568483114,1788150482.7375462
events.out.tfevents.1788149260.VCM15.612366.0,train/loss_feature_backward,140,0.0032784612849354744,1788150583.6517127
events.out.tfevents.1788149260.VCM15.612366.0,train/loss_feature_backward,150,0.005138402339071035,1788150680.0673885
events.out.tfevents.1788149260.VCM15.612366.0,train/loss_feature_backward,160,0.003986594267189503,1788150781.7837756
events.out.tfevents.1788149260.VCM15.612366.0,train/loss_feature_backward,170,0.003742411732673645,1788150892.8230665
events.out.tfevents.1788149260.VCM15.612366.0,train/loss_feature_backward,180,0.005641371943056583,1788150975.099763
events.out.tfevents.1788149260.VCM15.612366.0,train/loss_feature_backward,190,0.0038435040041804314,1788151052.9859874
events.out.tfevents.1788149260.VCM15.612366.0,train/loss_feature_backward,200,0.0024668467231094837,1788151137.4039857
events.out.tfevents.1788149260.VCM15.612366.0,train/loss_feature_backward,210,0.0035834917798638344,1788151229.0741704
events.out.tfevents.1788149260.VCM15.612366.0,train/loss_feature_backward,220,0.0030562696047127247,1788151323.4925115
events.out.tfevents.1788149260.VCM15.612366.0,train/loss_feature_backward,230,0.0031232130713760853,1788151427.5924377
events.out.tfevents.1788149260.VCM15.612366.0,train/loss_feature_backward,240,0.004737411625683308,1788151527.0756102
events.out.tfevents.1788149260.VCM15.612366.0,train/loss_feature_backward,250,0.005831306800246239,1788151611.4753628
events.out.tfevents.1788149260.VCM15.612366.0,train/loss_feature_backward,260,0.00568508543074131,1788151684.8250718
events.out.tfevents.1788149260.VCM15.612366.0,train/loss_feature_backward,270,0.0035679428838193417,1788151780.15864
events.out.tfevents.1788149260.VCM15.612366.0,train/loss_feature_backward,280,0.003778352402150631,1788151878.7071385
events.out.tfevents.1788149260.VCM15.612366.0,train/loss_feature_backward,290,0.005640675313770771,1788151965.457993
events.out.tfevents.1788149260.VCM15.612366.0,train/loss_feature_backward,300,0.004839388653635979,1788152044.499418
events.out.tfevents.1788149260.VCM15.612366.0,train/loss_feature_backward,310,0.006102372892200947,1788152141.2970808
events.out.tfevents.1788149260.VCM15.612366.0,train/loss_feature_backward,320,0.004717619623988867,1788152233.9177334
events.out.tfevents.1788149260.VCM15.612366.0,train/loss_feature_backward,330,0.003584250807762146,1788152340.9134445
events.out.tfevents.1788149260.VCM15.612366.0,train/loss_feature_backward,340,0.0035853851586580276,1788152434.7003965
events.out.tfevents.1788149260.VCM15.612366.0,train/loss_feature_backward,350,0.002954281633719802,1788152531.8698304
events.out.tfevents.1788149260.VCM15.612366.0,train/loss_feature_backward,360,0.00457577733322978,1788152617.273734
events.out.tfevents.1788149260.VCM15.612366.0,train/loss_feature_backward,370,0.005481855943799019,1788152709.0033083
events.out.tfevents.1788149260.VCM15.612366.0,train/loss_feature_backward,380,0.0023627611808478832,1788152807.974206
events.out.tfevents.1788149260.VCM15.612366.0,train/loss_feature_backward,390,0.0038367421366274357,1788152886.0943346
events.out.tfevents.1788149260.VCM15.612366.0,train/loss_feature_backward,400,0.0038703028112649918,1788153004.0433288
events.out.tfevents.1788149260.VCM15.612366.0,train/loss_feature_backward,410,0.002846032613888383,1788153096.68717
events.out.tfevents.1788149260.VCM15.612366.0,train/loss_feature_backward,420,0.0030583241023123264,1788153200.2703426
events.out.tfevents.1788149260.VCM15.612366.0,train/loss_feature_backward,430,0.0031088278628885746,1788153279.6542532
events.out.tfevents.1788149260.VCM15.612366.0,train/loss_feature_backward,440,0.0026699798181653023,1788153358.78705
events.out.tfevents.1788149260.VCM15.612366.0,train/loss_feature_backward,450,0.004161335993558168,1788153452.8970006
events.out.tfevents.1788149260.VCM15.612366.0,train/loss_feature_backward,460,0.0025879840832203627,1788153546.5972261
events.out.tfevents.1788149260.VCM15.612366.0,train/loss_feature_backward,470,0.003180132480338216,1788153635.51937
events.out.tfevents.1788149260.VCM15.612366.0,train/loss_feature_backward,480,0.0032772659324109554,1788153721.5912457
events.out.tfevents.1788149260.VCM15.612366.0,train/loss_feature_backward,490,0.004629004746675491,1788153812.6319933
events.out.tfevents.1788149260.VCM15.612366.0,train/loss_feature_backward,500,0.0052477954886853695,1788153910.6155448
events.out.tfevents.1788149260.VCM15.612366.0,train/loss_feature_backward,510,0.0032844035886228085,1788154000.3614638
events.out.tfevents.1788149260.VCM15.612366.0,train/loss_feature_backward,520,0.0027612964622676373,1788154091.8279564
events.out.tfevents.1788149260.VCM15.612366.0,train/loss_feature_backward,530,0.006665670312941074,1788154197.0295744
events.out.tfevents.1788149260.VCM15.612366.0,train/loss_feature_backward,540,0.004154633264988661,1788154293.876904
events.out.tfevents.1788149260.VCM15.612366.0,train/loss_feature_backward,550,0.00485575245693326,1788154391.9024565
events.out.tfevents.1788149260.VCM15.612366.0,train/loss_feature_backward,560,0.004989021457731724,1788154471.7965167
events.out.tfevents.1788149260.VCM15.612366.0,train/loss_feature_backward,570,0.004383096005767584,1788154559.8210108
events.out.tfevents.1788149260.VCM15.612366.0,train/loss_feature_backward,580,0.002971824025735259,1788154652.9145794
events.out.tfevents.1788149260.VCM15.612366.0,train/loss_feature_backward,590,0.0033566888887435198,1788154759.838897
events.out.tfevents.1788149260.VCM15.612366.0,train/loss_feature_backward,600,0.002704719314351678,1788154850.2224324
events.out.tfevents.1788149260.VCM15.612366.0,train/loss_feature_backward,610,0.006088423542678356,1788154936.1701105
events.out.tfevents.1788149260.VCM15.612366.0,train/loss_feature_backward,620,0.0023968396708369255,1788155017.3801522
events.out.tfevents.1788149260.VCM15.612366.0,train/loss_feature_backward,630,0.004559347406029701,1788155103.9716012
events.out.tfevents.1788149260.VCM15.612366.0,train/loss_feature_backward,640,0.003737587481737137,1788155203.6983078
events.out.tfevents.1788149260.VCM15.612366.0,train/loss_feature_backward,650,0.004954088944941759,1788155284.9518964
events.out.tfevents.1788149260.VCM15.612366.0,train/loss_feature_backward,660,0.0024994839914143085,1788155406.1287055
events.out.tfevents.1788149260.VCM15.612366.0,train/loss_feature_backward,670,0.00240899296477437,1788155500.0046244
events.out.tfevents.1788149260.VCM15.612366.0,train/loss_feature_backward,680,0.0029963378328830004,1788155596.4296982
events.out.tfevents.1788149260.VCM15.612366.0,train/loss_feature_backward,690,0.003341614967212081,1788155682.6876981
events.out.tfevents.1788149260.VCM15.612366.0,train/loss_feature_backward,700,0.0031504961661994457,1788155773.2744472
events.out.tfevents.1788149260.VCM15.612366.0,train/loss_feature_backward,710,0.002428515814244747,1788155870.8557086
events.out.tfevents.1788149260.VCM15.612366.0,train/loss_feature_backward,720,0.0033331792801618576,1788155970.2149563
events.out.tfevents.1788149260.VCM15.612366.0,train/loss_feature_backward,730,0.002426218707114458,1788156072.577821
events.out.tfevents.1788149260.VCM15.612366.0,train/loss_feature_backward,740,0.0036943990271538496,1788156155.2382214
events.out.tfevents.1788149260.VCM15.612366.0,train/loss_feature_backward,750,0.0030699623748660088,1788156249.5564058
events.out.tfevents.1788149260.VCM15.612366.0,train/loss_feature_backward,760,0.0036540525034070015,1788156351.0751872
events.out.tfevents.1788149260.VCM15.612366.0,train/loss_feature_backward,770,0.0021251130383461714,1788156448.5683906
events.out.tfevents.1788149260.VCM15.612366.0,train/loss_feature_backward,780,0.005226779729127884,1788156535.97386
events.out.tfevents.1788149260.VCM15.612366.0,train/loss_feature_backward,790,0.004972226917743683,1788156639.746045
events.out.tfevents.1788149260.VCM15.612366.0,train/loss_feature_backward,800,0.0025956197641789913,1788156748.4579513
events.out.tfevents.1788149260.VCM15.612366.0,train/loss_feature_backward,810,0.0028578760102391243,1788156844.5307136
events.out.tfevents.1788149260.VCM15.612366.0,train/loss_feature_backward,820,0.0034732669591903687,1788156948.2608232
events.out.tfevents.1788149260.VCM15.612366.0,train/loss_feature_backward,830,0.006866722833365202,1788157040.3840446
events.out.tfevents.1788149260.VCM15.612366.0,train/loss_feature_backward,840,0.0037889983505010605,1788157134.4902086
events.out.tfevents.1788149260.VCM15.612366.0,train/loss_feature_backward,850,0.0032515604980289936,1788157241.5549166
events.out.tfevents.1788149260.VCM15.612366.0,train/loss_feature_backward,860,0.00341219175606966,1788157332.517319
events.out.tfevents.1788149260.VCM15.612366.0,train/loss_feature_backward,870,0.005230374168604612,1788157437.3424225
events.out.tfevents.1788149260.VCM15.612366.0,train/loss_feature_backward,880,0.003041445277631283,1788157517.9740045
events.out.tfevents.1788149260.VCM15.612366.0,train/loss_feature_backward,890,0.003931674174964428,1788157629.627683
events.out.tfevents.1788149260.VCM15.612366.0,train/loss_feature_backward,900,0.004318417981266975,1788157725.4174213
events.out.tfevents.1788149260.VCM15.612366.0,train/loss_feature_backward,910,0.007392147555947304,1788157821.896856
events.out.tfevents.1788149260.VCM15.612366.0,train/loss_feature_backward,920,0.002941213548183441,1788157920.7346857
events.out.tfevents.1788149260.VCM15.612366.0,train/loss_feature_backward,930,0.007645576726645231,1788158024.381452
events.out.tfevents.1788149260.VCM15.612366.0,train/loss_feature_backward,940,0.005679829977452755,1788158122.6392677
events.out.tfevents.1788149260.VCM15.612366.0,train/loss_feature_backward,950,0.004766813945025206,1788158212.0785718
events.out.tfevents.1788149260.VCM15.612366.0,train/loss_feature_backward,960,0.0036612157709896564,1788158306.6463187
events.out.tfevents.1788149260.VCM15.612366.0,train/loss_feature_backward,970,0.005913830362260342,1788158406.313108
events.out.tfevents.1788149260.VCM15.612366.0,train/loss_feature_backward,980,0.002816910855472088,1788158511.4217007
events.out.tfevents.1788149260.VCM15.612366.0,train/loss_feature_backward,990,0.005131016485393047,1788158600.757717
events.out.tfevents.1788149260.VCM15.612366.0,train/loss_feature_backward,1000,0.0051676807925105095,1788158694.9794335
events.out.tfevents.1788149260.VCM15.612366.0,train/loss_feature_backward,1010,0.0031915721483528614,1788158800.5607169
events.out.tfevents.1788149260.VCM15.612366.0,train/loss_feature_backward,1020,0.0029767807573080063,1788158882.8932238
events.out.tfevents.1788149260.VCM15.612366.0,train/loss_feature_backward,1030,0.004944391082972288,1788158962.9906535
events.out.tfevents.1788149260.VCM15.612366.0,train/loss_feature_backward,1040,0.0021036905236542225,1788159050.8198934
events.out.tfevents.1788149260.VCM15.612366.0,train/loss_feature_backward,1050,0.004390656016767025,1788159165.2137635
events.out.tfevents.1788149260.VCM15.612366.0,train/loss_feature_backward,1060,0.003176146885380149,1788159264.276675
events.out.tfevents.1788149260.VCM15.612366.0,train/loss_feature_backward,1070,0.00242335582152009,1788159349.5597284
events.out.tfevents.1788149260.VCM15.612366.0,train/loss_feature_backward,1080,0.0039911288768053055,1788159432.0786479
events.out.tfevents.1788149260.VCM15.612366.0,train/loss_feature_backward,1090,0.005721017252653837,1788159534.4614577
events.out.tfevents.1788149260.VCM15.612366.0,train/loss_feature_backward,1100,0.00315646780654788,1788159626.4284222
events.out.tfevents.1788149260.VCM15.612366.0,train/loss_feature_backward,1110,0.005675052758306265,1788159720.218469
events.out.tfevents.1788149260.VCM15.612366.0,train/loss_feature_backward,1120,0.002434509340673685,1788159823.0009215
events.out.tfevents.1788149260.VCM15.612366.0,train/loss_feature_backward,1130,0.003269946202635765,1788159894.3238628
events.out.tfevents.1788149260.VCM15.612366.0,train/loss_feature_backward,1140,0.0026573766954243183,1788159980.222164
events.out.tfevents.1788149260.VCM15.612366.0,train/loss_feature_backward,1150,0.004655909724533558,1788160072.7627242
events.out.tfevents.1788149260.VCM15.612366.0,train/loss_feature_backward,1160,0.006605514325201511,1788160180.7483284
events.out.tfevents.1788149260.VCM15.612366.0,train/loss_feature_backward,1170,0.004515042528510094,1788160274.5536828
events.out.tfevents.1788149260.VCM15.612366.0,train/loss_feature_backward,1180,0.0027776332572102547,1788160383.9060564
events.out.tfevents.1788149260.VCM15.612366.0,train/loss_feature_backward,1190,0.005829585250467062,1788160478.8596914
events.out.tfevents.1788149260.VCM15.612366.0,train/loss_feature_backward,1200,0.003080392722040415,1788160563.24973
events.out.tfevents.1788149260.VCM15.612366.0,train/loss_feature_backward,1210,0.002283422974869609,1788160667.4319785
events.out.tfevents.1788149260.VCM15.612366.0,train/loss_feature_backward,1220,0.004283115267753601,1788160772.5335538
events.out.tfevents.1788149260.VCM15.612366.0,train/loss_feature_backward,1230,0.002807987853884697,1788160868.2139776
events.out.tfevents.1788149260.VCM15.612366.0,train/loss_feature_backward,1240,0.00309234531596303,1788160964.5658095
events.out.tfevents.1788149260.VCM15.612366.0,train/loss_feature_backward,1250,0.0024560398887842894,1788161060.3055956
events.out.tfevents.1788149260.VCM15.612366.0,train/loss_feature_backward,1260,0.0028008674271404743,1788161152.5141306
events.out.tfevents.1788149260.VCM15.612366.0,train/loss_feature_backward,1270,0.004815550986677408,1788161248.3689623
events.out.tfevents.1788149260.VCM15.612366.0,train/loss_feature_backward,1280,0.005190815776586533,1788161338.4170053
events.out.tfevents.1788149260.VCM15.612366.0,train/loss_feature_backward,1290,0.004821489565074444,1788161439.2875051
events.out.tfevents.1788149260.VCM15.612366.0,train/loss_feature_backward,1300,0.003795282682403922,1788161525.2873719
events.out.tfevents.1788149260.VCM15.612366.0,train/loss_feature_backward,1310,0.0035856226459145546,1788161631.8135126
events.out.tfevents.1788149260.VCM15.612366.0,train/loss_feature_backward,1320,0.004827242344617844,1788161729.7939467
events.out.tfevents.1788149260.VCM15.612366.0,train/loss_feature_backward,1330,0.002944915322586894,1788161817.0003586
events.out.tfevents.1788149260.VCM15.612366.0,train/loss_feature_backward,1340,0.008163109421730042,1788161901.6016629
events.out.tfevents.1788149260.VCM15.612366.0,train/loss_feature_backward,1350,0.002505119889974594,1788161995.3426888
events.out.tfevents.1788149260.VCM15.612366.0,train/loss_feature_backward,1360,0.005923944525420666,1788162100.3397772
events.out.tfevents.1788149260.VCM15.612366.0,train/loss_feature_backward,1370,0.0030180211178958416,1788162185.9335191
events.out.tfevents.1788149260.VCM15.612366.0,train/loss_feature_backward,1380,0.005063837394118309,1788162278.2708619
events.out.tfevents.1788149260.VCM15.612366.0,train/loss_feature_backward,1390,0.005854441784322262,1788162368.762732
events.out.tfevents.1788149260.VCM15.612366.0,train/loss_feature_backward,1400,0.005644366145133972,1788162454.5669985
events.out.tfevents.1788149260.VCM15.612366.0,train/loss_feature_backward,1410,0.0036239009350538254,1788162570.95052
events.out.tfevents.1788149260.VCM15.612366.0,train/loss_feature_backward,1420,0.0031343474984169006,1788162670.9675837
events.out.tfevents.1788149260.VCM15.612366.0,train/loss_feature_backward,1430,0.0028029540553689003,1788162749.5846577
events.out.tfevents.1788149260.VCM15.612366.0,train/loss_feature_backward,1440,0.002605980960652232,1788162861.4185333
events.out.tfevents.1788149260.VCM15.612366.0,train/loss_feature_backward,1450,0.003764780703932047,1788162946.0776188
events.out.tfevents.1788149260.VCM15.612366.0,train/loss_feature_backward,1460,0.004287575371563435,1788163040.5917165
events.out.tfevents.1788149260.VCM15.612366.0,train/loss_feature_backward,1470,0.004299572668969631,1788163142.9656975
events.out.tfevents.1788149260.VCM15.612366.0,train/loss_feature_backward,1480,0.003635632572695613,1788163230.440446
events.out.tfevents.1788149260.VCM15.612366.0,train/loss_feature_backward,1490,0.0060067446902394295,1788163333.2734258
events.out.tfevents.1788149260.VCM15.612366.0,train/loss_feature_backward,1500,0.007474163547158241,1788163424.1495736
events.out.tfevents.1788149260.VCM15.612366.0,train/loss_feature_backward,1510,0.003729982767254114,1788163534.529245
events.out.tfevents.1788149260.VCM15.612366.0,train/loss_feature_backward,1520,0.0039920564740896225,1788163640.3765578
events.out.tfevents.1788149260.VCM15.612366.0,train/loss_feature_backward,1530,0.003907403908669949,1788163720.768047
events.out.tfevents.1788149260.VCM15.612366.0,train/loss_feature_backward,1540,0.0032971506007015705,1788163795.6393528
events.out.tfevents.1788149260.VCM15.612366.0,train/loss_feature_backward,1550,0.003097199834883213,1788163879.2631736
events.out.tfevents.1788149260.VCM15.612366.0,train/loss_feature_backward,1560,0.005556545220315456,1788163980.6110213
events.out.tfevents.1788149260.VCM15.612366.0,train/loss_feature_backward,1570,0.0026433351449668407,1788164085.5873218
events.out.tfevents.1788149260.VCM15.612366.0,train/loss_feature_backward,1580,0.007278913632035255,1788164169.4606767
events.out.tfevents.1788149260.VCM15.612366.0,train/loss_feature_backward,1590,0.0025758903939276934,1788164279.9986918
events.out.tfevents.1788149260.VCM15.612366.0,train/loss_feature_backward,1600,0.0027159838937222958,1788164386.82016
events.out.tfevents.1788149260.VCM15.612366.0,train/loss_feature_backward,1610,0.00470522278919816,1788164466.1026187
events.out.tfevents.1788149260.VCM15.612366.0,train/loss_feature_backward,1620,0.007477199658751488,1788164551.856658
events.out.tfevents.1788149260.VCM15.612366.0,train/loss_feature_backward,1630,0.0037811086513102055,1788164654.051164
events.out.tfevents.1788149260.VCM15.612366.0,train/loss_feature_backward,1640,0.003991280682384968,1788164742.7802637
events.out.tfevents.1788149260.VCM15.612366.0,train/loss_feature_backward,1650,0.003263280028477311,1788164849.3322327
events.out.tfevents.1788149260.VCM15.612366.0,train/loss_feature_backward,1660,0.0035418211482465267,1788164941.068562
events.out.tfevents.1788149260.VCM15.612366.0,train/loss_feature_backward,1670,0.0032035671174526215,1788165018.4764538
events.out.tfevents.1788149260.VCM15.612366.0,train/loss_feature_backward,1680,0.008567960932850838,1788165099.3132813
events.out.tfevents.1788149260.VCM15.612366.0,train/loss_feature_backward,1690,0.003945318982005119,1788165192.4299564
events.out.tfevents.1788149260.VCM15.612366.0,train/loss_feature_backward,1700,0.0028189662843942642,1788165285.2521734
events.out.tfevents.1788149260.VCM15.612366.0,train/loss_feature_backward,1710,0.0046247448772192,1788165382.2803328
events.out.tfevents.1788149260.VCM15.612366.0,train/loss_feature_backward,1720,0.004461710341274738,1788165484.1841044
events.out.tfevents.1788149260.VCM15.612366.0,train/loss_feature_forward,10,0.00624607689678669,1788149359.6558378
events.out.tfevents.1788149260.VCM15.612366.0,train/loss_feature_forward,20,0.0036492098588496447,1788149444.6240985
events.out.tfevents.1788149260.VCM15.612366.0,train/loss_feature_forward,30,0.002242487156763673,1788149546.7186599
events.out.tfevents.1788149260.VCM15.612366.0,train/loss_feature_forward,40,0.002659446559846401,1788149643.3569107
events.out.tfevents.1788149260.VCM15.612366.0,train/loss_feature_forward,50,0.0022683260031044483,1788149736.0076332
events.out.tfevents.1788149260.VCM15.612366.0,train/loss_feature_forward,60,0.0055021001026034355,1788149822.5880656
events.out.tfevents.1788149260.VCM15.612366.0,train/loss_feature_forward,70,0.004893989767879248,1788149930.1055696
events.out.tfevents.1788149260.VCM15.612366.0,train/loss_feature_forward,80,0.0022220294922590256,1788150017.0763702
events.out.tfevents.1788149260.VCM15.612366.0,train/loss_feature_forward,90,0.005619798321276903,1788150107.8706567
events.out.tfevents.1788149260.VCM15.612366.0,train/loss_feature_forward,100,0.0045925830490887165,1788150199.8098085
events.out.tfevents.1788149260.VCM15.612366.0,train/loss_feature_forward,110,0.004657881334424019,1788150301.2563574
events.out.tfevents.1788149260.VCM15.612366.0,train/loss_feature_forward,120,0.002431076718494296,1788150402.7794003
events.out.tfevents.1788149260.VCM15.612366.0,train/loss_feature_forward,130,0.00317996833473444,1788150482.737372
events.out.tfevents.1788149260.VCM15.612366.0,train/loss_feature_forward,140,0.003738099243491888,1788150583.6515286
events.out.tfevents.1788149260.VCM15.612366.0,train/loss_feature_forward,150,0.005314067006111145,1788150680.0672286
events.out.tfevents.1788149260.VCM15.612366.0,train/loss_feature_forward,160,0.004012038931250572,1788150781.7836163
events.out.tfevents.1788149260.VCM15.612366.0,train/loss_feature_forward,170,0.0035659000277519226,1788150892.822884
events.out.tfevents.1788149260.VCM15.612366.0,train/loss_feature_forward,180,0.005730763077735901,1788150975.0996084
events.out.tfevents.1788149260.VCM15.612366.0,train/loss_feature_forward,190,0.0035583307035267353,1788151052.9858227
events.out.tfevents.1788149260.VCM15.612366.0,train/loss_feature_forward,200,0.002438295865431428,1788151137.4037414
events.out.tfevents.1788149260.VCM15.612366.0,train/loss_feature_forward,210,0.0035311849787831306,1788151229.0741398
events.out.tfevents.1788149260.VCM15.612366.0,train/loss_feature_forward,220,0.002961896825581789,1788151323.492267
events.out.tfevents.1788149260.VCM15.612366.0,train/loss_feature_forward,230,0.003094462212175131,1788151427.5922825
events.out.tfevents.1788149260.VCM15.612366.0,train/loss_feature_forward,240,0.004706772044301033,1788151527.0754542
events.out.tfevents.1788149260.VCM15.612366.0,train/loss_feature_forward,250,0.005372141487896442,1788151611.4752061
events.out.tfevents.1788149260.VCM15.612366.0,train/loss_feature_forward,260,0.005556492134928703,1788151684.8248658
events.out.tfevents.1788149260.VCM15.612366.0,train/loss_feature_forward,270,0.003613988868892193,1788151780.158496
events.out.tfevents.1788149260.VCM15.612366.0,train/loss_feature_forward,280,0.0043138666078448296,1788151878.706955
events.out.tfevents.1788149260.VCM15.612366.0,train/loss_feature_forward,290,0.005750513169914484,1788151965.4578338
events.out.tfevents.1788149260.VCM15.612366.0,train/loss_feature_forward,300,0.0048452261835336685,1788152044.4992795
events.out.tfevents.1788149260.VCM15.612366.0,train/loss_feature_forward,310,0.006625953130424023,1788152141.2968745
events.out.tfevents.1788149260.VCM15.612366.0,train/loss_feature_forward,320,0.004820418078452349,1788152233.91755
events.out.tfevents.1788149260.VCM15.612366.0,train/loss_feature_forward,330,0.003566351719200611,1788152340.9132724
events.out.tfevents.1788149260.VCM15.612366.0,train/loss_feature_forward,340,0.0035945165436714888,1788152434.700232
events.out.tfevents.1788149260.VCM15.612366.0,train/loss_feature_forward,350,0.0029845174867659807,1788152531.869669
events.out.tfevents.1788149260.VCM15.612366.0,train/loss_feature_forward,360,0.004610592033714056,1788152617.2735503
events.out.tfevents.1788149260.VCM15.612366.0,train/loss_feature_forward,370,0.005338588263839483,1788152709.003126
events.out.tfevents.1788149260.VCM15.612366.0,train/loss_feature_forward,380,0.0020923784468322992,1788152807.9740493
events.out.tfevents.1788149260.VCM15.612366.0,train/loss_feature_forward,390,0.0038837739266455173,1788152886.0941563
events.out.tfevents.1788149260.VCM15.612366.0,train/loss_feature_forward,400,0.003977800719439983,1788153004.0431705
events.out.tfevents.1788149260.VCM15.612366.0,train/loss_feature_forward,410,0.002732195658609271,1788153096.6869826
events.out.tfevents.1788149260.VCM15.612366.0,train/loss_feature_forward,420,0.003162688110023737,1788153200.2701643
events.out.tfevents.1788149260.VCM15.612366.0,train/loss_feature_forward,430,0.0030148825608193874,1788153279.654026
events.out.tfevents.1788149260.VCM15.612366.0,train/loss_feature_forward,440,0.0025489600375294685,1788153358.7868767
events.out.tfevents.1788149260.VCM15.612366.0,train/loss_feature_forward,450,0.00411682715639472,1788153452.8968873
events.out.tfevents.1788149260.VCM15.612366.0,train/loss_feature_forward,460,0.0025946383830159903,1788153546.5969963
events.out.tfevents.1788149260.VCM15.612366.0,train/loss_feature_forward,470,0.0031229215674102306,1788153635.5191495
events.out.tfevents.1788149260.VCM15.612366.0,train/loss_feature_forward,480,0.00326581671833992,1788153721.5910597
events.out.tfevents.1788149260.VCM15.612366.0,train/loss_feature_forward,490,0.004721601027995348,1788153812.631791
events.out.tfevents.1788149260.VCM15.612366.0,train/loss_feature_forward,500,0.005277208983898163,1788153910.615386
events.out.tfevents.1788149260.VCM15.612366.0,train/loss_feature_forward,510,0.0032694172114133835,1788154000.3612747
events.out.tfevents.1788149260.VCM15.612366.0,train/loss_feature_forward,520,0.0026860847137868404,1788154091.8277605
events.out.tfevents.1788149260.VCM15.612366.0,train/loss_feature_forward,530,0.006813997868448496,1788154197.0294235
events.out.tfevents.1788149260.VCM15.612366.0,train/loss_feature_forward,540,0.0051955427043139935,1788154293.8767169
events.out.tfevents.1788149260.VCM15.612366.0,train/loss_feature_forward,550,0.004724824335426092,1788154391.9022915
events.out.tfevents.1788149260.VCM15.612366.0,train/loss_feature_forward,560,0.00494539225474,1788154471.7963343
events.out.tfevents.1788149260.VCM15.612366.0,train/loss_feature_forward,570,0.004142341203987598,1788154559.8208385
events.out.tfevents.1788149260.VCM15.612366.0,train/loss_feature_forward,580,0.002956232987344265,1788154652.914392
events.out.tfevents.1788149260.VCM15.612366.0,train/loss_feature_forward,590,0.0033514774404466152,1788154759.838727
events.out.tfevents.1788149260.VCM15.612366.0,train/loss_feature_forward,600,0.002695541363209486,1788154850.2222104
events.out.tfevents.1788149260.VCM15.612366.0,train/loss_feature_forward,610,0.004928451031446457,1788154936.1699822
events.out.tfevents.1788149260.VCM15.612366.0,train/loss_feature_forward,620,0.0022818271536380053,1788155017.3799953
events.out.tfevents.1788149260.VCM15.612366.0,train/loss_feature_forward,630,0.004511971026659012,1788155103.9714172
events.out.tfevents.1788149260.VCM15.612366.0,train/loss_feature_forward,640,0.0038064406253397465,1788155203.6981463
events.out.tfevents.1788149260.VCM15.612366.0,train/loss_feature_forward,650,0.003996920306235552,1788155284.9515562
events.out.tfevents.1788149260.VCM15.612366.0,train/loss_feature_forward,660,0.0023556258529424667,1788155406.1285484
events.out.tfevents.1788149260.VCM15.612366.0,train/loss_feature_forward,670,0.00231774989515543,1788155500.0044637
events.out.tfevents.1788149260.VCM15.612366.0,train/loss_feature_forward,680,0.0028418470174074173,1788155596.4295347
events.out.tfevents.1788149260.VCM15.612366.0,train/loss_feature_forward,690,0.003152182325720787,1788155682.6875393
events.out.tfevents.1788149260.VCM15.612366.0,train/loss_feature_forward,700,0.0031863900367170572,1788155773.2742362
events.out.tfevents.1788149260.VCM15.612366.0,train/loss_feature_forward,710,0.0024936662521213293,1788155870.8555439
events.out.tfevents.1788149260.VCM15.612366.0,train/loss_feature_forward,720,0.003961548674851656,1788155970.2147906
events.out.tfevents.1788149260.VCM15.612366.0,train/loss_feature_forward,730,0.002452718559652567,1788156072.577653
events.out.tfevents.1788149260.VCM15.612366.0,train/loss_feature_forward,740,0.003215591423213482,1788156155.2380705
events.out.tfevents.1788149260.VCM15.612366.0,train/loss_feature_forward,750,0.002941163256764412,1788156249.5563858
events.out.tfevents.1788149260.VCM15.612366.0,train/loss_feature_forward,760,0.0038158863317221403,1788156351.0750027
events.out.tfevents.1788149260.VCM15.612366.0,train/loss_feature_forward,770,0.0021253242157399654,1788156448.5682344
events.out.tfevents.1788149260.VCM15.612366.0,train/loss_feature_forward,780,0.0051855891942977905,1788156535.9736748
events.out.tfevents.1788149260.VCM15.612366.0,train/loss_feature_forward,790,0.004960101097822189,1788156639.745853
events.out.tfevents.1788149260.VCM15.612366.0,train/loss_feature_forward,800,0.002626860048621893,1788156748.4577923
events.out.tfevents.1788149260.VCM15.612366.0,train/loss_feature_forward,810,0.002857932820916176,1788156844.530483
events.out.tfevents.1788149260.VCM15.612366.0,train/loss_feature_forward,820,0.0034264607820659876,1788156948.2605793
events.out.tfevents.1788149260.VCM15.612366.0,train/loss_feature_forward,830,0.006355044431984425,1788157040.383874
events.out.tfevents.1788149260.VCM15.612366.0,train/loss_feature_forward,840,0.0038522458635270596,1788157134.4900208
events.out.tfevents.1788149260.VCM15.612366.0,train/loss_feature_forward,850,0.004044201225042343,1788157241.5547333
events.out.tfevents.1788149260.VCM15.612366.0,train/loss_feature_forward,860,0.0033249612897634506,1788157332.5171282
events.out.tfevents.1788149260.VCM15.612366.0,train/loss_feature_forward,870,0.005393517669290304,1788157437.342216
events.out.tfevents.1788149260.VCM15.612366.0,train/loss_feature_forward,880,0.0036119366995990276,1788157517.973845
events.out.tfevents.1788149260.VCM15.612366.0,train/loss_feature_forward,890,0.003870929591357708,1788157629.6274965
events.out.tfevents.1788149260.VCM15.612366.0,train/loss_feature_forward,900,0.00431054038926959,1788157725.4172342
events.out.tfevents.1788149260.VCM15.612366.0,train/loss_feature_forward,910,0.006000027991831303,1788157821.896671
events.out.tfevents.1788149260.VCM15.612366.0,train/loss_feature_forward,920,0.0028875903226435184,1788157920.7345786
events.out.tfevents.1788149260.VCM15.612366.0,train/loss_feature_forward,930,0.008190774358808994,1788158024.3812811
events.out.tfevents.1788149260.VCM15.612366.0,train/loss_feature_forward,940,0.005643460433930159,1788158122.6390843
events.out.tfevents.1788149260.VCM15.612366.0,train/loss_feature_forward,950,0.004538177512586117,1788158212.078399
events.out.tfevents.1788149260.VCM15.612366.0,train/loss_feature_forward,960,0.003919051960110664,1788158306.6460934
events.out.tfevents.1788149260.VCM15.612366.0,train/loss_feature_forward,970,0.006195590365678072,1788158406.3128264
events.out.tfevents.1788149260.VCM15.612366.0,train/loss_feature_forward,980,0.002890154253691435,1788158511.421545
events.out.tfevents.1788149260.VCM15.612366.0,train/loss_feature_forward,990,0.00498186144977808,1788158600.757556
events.out.tfevents.1788149260.VCM15.612366.0,train/loss_feature_forward,1000,0.005064702592790127,1788158694.979194
events.out.tfevents.1788149260.VCM15.612366.0,train/loss_feature_forward,1010,0.003204748034477234,1788158800.5605304
events.out.tfevents.1788149260.VCM15.612366.0,train/loss_feature_forward,1020,0.003046970581635833,1788158882.8929434
events.out.tfevents.1788149260.VCM15.612366.0,train/loss_feature_forward,1030,0.0047597275115549564,1788158962.990467
events.out.tfevents.1788149260.VCM15.612366.0,train/loss_feature_forward,1040,0.0020562380086630583,1788159050.8196485
events.out.tfevents.1788149260.VCM15.612366.0,train/loss_feature_forward,1050,0.004362375475466251,1788159165.213581
events.out.tfevents.1788149260.VCM15.612366.0,train/loss_feature_forward,1060,0.0031253076158463955,1788159264.2764945
events.out.tfevents.1788149260.VCM15.612366.0,train/loss_feature_forward,1070,0.002438378520309925,1788159349.5595613
events.out.tfevents.1788149260.VCM15.612366.0,train/loss_feature_forward,1080,0.004324584733694792,1788159432.0784302
events.out.tfevents.1788149260.VCM15.612366.0,train/loss_feature_forward,1090,0.005794794764369726,1788159534.461299
events.out.tfevents.1788149260.VCM15.612366.0,train/loss_feature_forward,1100,0.0035240526776760817,1788159626.4282377
events.out.tfevents.1788149260.VCM15.612366.0,train/loss_feature_forward,1110,0.0056471871212124825,1788159720.2183402
events.out.tfevents.1788149260.VCM15.612366.0,train/loss_feature_forward,1120,0.002276381943374872,1788159823.0007653
events.out.tfevents.1788149260.VCM15.612366.0,train/loss_feature_forward,1130,0.0033348773140460253,1788159894.3237708
events.out.tfevents.1788149260.VCM15.612366.0,train/loss_feature_forward,1140,0.002566014416515827,1788159980.2219977
events.out.tfevents.1788149260.VCM15.612366.0,train/loss_feature_forward,1150,0.004821907728910446,1788160072.7625558
events.out.tfevents.1788149260.VCM15.612366.0,train/loss_feature_forward,1160,0.006603527348488569,1788160180.7481859
events.out.tfevents.1788149260.VCM15.612366.0,train/loss_feature_forward,1170,0.004495787899941206,1788160274.5535223
events.out.tfevents.1788149260.VCM15.612366.0,train/loss_feature_forward,1180,0.0026986505836248398,1788160383.9058611
events.out.tfevents.1788149260.VCM15.612366.0,train/loss_feature_forward,1190,0.005661959759891033,1788160478.8595564
events.out.tfevents.1788149260.VCM15.612366.0,train/loss_feature_forward,1200,0.0032793425489217043,1788160563.2495596
events.out.tfevents.1788149260.VCM15.612366.0,train/loss_feature_forward,1210,0.0020895490888506174,1788160667.4317532
events.out.tfevents.1788149260.VCM15.612366.0,train/loss_feature_forward,1220,0.004666738212108612,1788160772.533224
events.out.tfevents.1788149260.VCM15.612366.0,train/loss_feature_forward,1230,0.0025761653669178486,1788160868.2137783
events.out.tfevents.1788149260.VCM15.612366.0,train/loss_feature_forward,1240,0.0029606877360492945,1788160964.565646
events.out.tfevents.1788149260.VCM15.612366.0,train/loss_feature_forward,1250,0.002405011560767889,1788161060.3054361
events.out.tfevents.1788149260.VCM15.612366.0,train/loss_feature_forward,1260,0.002775674220174551,1788161152.5140028
events.out.tfevents.1788149260.VCM15.612366.0,train/loss_feature_forward,1270,0.00478015560656786,1788161248.3688364
events.out.tfevents.1788149260.VCM15.612366.0,train/loss_feature_forward,1280,0.0052489107474684715,1788161338.4168792
events.out.tfevents.1788149260.VCM15.612366.0,train/loss_feature_forward,1290,0.004849065560847521,1788161439.287249
events.out.tfevents.1788149260.VCM15.612366.0,train/loss_feature_forward,1300,0.0038500698283314705,1788161525.2871046
events.out.tfevents.1788149260.VCM15.612366.0,train/loss_feature_forward,1310,0.003553778864443302,1788161631.8133717
events.out.tfevents.1788149260.VCM15.612366.0,train/loss_feature_forward,1320,0.004868267569690943,1788161729.7937853
events.out.tfevents.1788149260.VCM15.612366.0,train/loss_feature_forward,1330,0.0029942109249532223,1788161817.0001721
events.out.tfevents.1788149260.VCM15.612366.0,train/loss_feature_forward,1340,0.00758869294077158,1788161901.601312
events.out.tfevents.1788149260.VCM15.612366.0,train/loss_feature_forward,1350,0.00249854801222682,1788161995.3425016
events.out.tfevents.1788149260.VCM15.612366.0,train/loss_feature_forward,1360,0.0059300996363162994,1788162100.3396149
events.out.tfevents.1788149260.VCM15.612366.0,train/loss_feature_forward,1370,0.0029853954911231995,1788162185.9333575
events.out.tfevents.1788149260.VCM15.612366.0,train/loss_feature_forward,1380,0.004923536442220211,1788162278.2706947
events.out.tfevents.1788149260.VCM15.612366.0,train/loss_feature_forward,1390,0.005806896835565567,1788162368.7625928
events.out.tfevents.1788149260.VCM15.612366.0,train/loss_feature_forward,1400,0.006339637096971273,1788162454.5668354
events.out.tfevents.1788149260.VCM15.612366.0,train/loss_feature_forward,1410,0.0036154764238744974,1788162570.9503539
events.out.tfevents.1788149260.VCM15.612366.0,train/loss_feature_forward,1420,0.0029366041999310255,1788162670.9674447
events.out.tfevents.1788149260.VCM15.612366.0,train/loss_feature_forward,1430,0.0026668063364923,1788162749.5845053
events.out.tfevents.1788149260.VCM15.612366.0,train/loss_feature_forward,1440,0.002626155037432909,1788162861.41843
events.out.tfevents.1788149260.VCM15.612366.0,train/loss_feature_forward,1450,0.0037246071733534336,1788162946.0775158
events.out.tfevents.1788149260.VCM15.612366.0,train/loss_feature_forward,1460,0.004220625385642052,1788163040.5915995
events.out.tfevents.1788149260.VCM15.612366.0,train/loss_feature_forward,1470,0.004154307767748833,1788163142.9655852
events.out.tfevents.1788149260.VCM15.612366.0,train/loss_feature_forward,1480,0.0036084263119846582,1788163230.4403284
events.out.tfevents.1788149260.VCM15.612366.0,train/loss_feature_forward,1490,0.006041470915079117,1788163333.2733164
events.out.tfevents.1788149260.VCM15.612366.0,train/loss_feature_forward,1500,0.0076262466609478,1788163424.1494694
events.out.tfevents.1788149260.VCM15.612366.0,train/loss_feature_forward,1510,0.0037582521326839924,1788163534.5291343
events.out.tfevents.1788149260.VCM15.612366.0,train/loss_feature_forward,1520,0.00424354150891304,1788163640.3764336
events.out.tfevents.1788149260.VCM15.612366.0,train/loss_feature_forward,1530,0.0037430506199598312,1788163720.7678745
events.out.tfevents.1788149260.VCM15.612366.0,train/loss_feature_forward,1540,0.0032784012146294117,1788163795.6391869
events.out.tfevents.1788149260.VCM15.612366.0,train/loss_feature_forward,1550,0.002967820269986987,1788163879.2630558
events.out.tfevents.1788149260.VCM15.612366.0,train/loss_feature_forward,1560,0.005493965465575457,1788163980.6108346
events.out.tfevents.1788149260.VCM15.612366.0,train/loss_feature_forward,1570,0.0024971214588731527,1788164085.5868738
events.out.tfevents.1788149260.VCM15.612366.0,train/loss_feature_forward,1580,0.006508846767246723,1788164169.4605494
events.out.tfevents.1788149260.VCM15.612366.0,train/loss_feature_forward,1590,0.002687811618670821,1788164279.9985776
events.out.tfevents.1788149260.VCM15.612366.0,train/loss_feature_forward,1600,0.0026504690758883953,1788164386.8199859
events.out.tfevents.1788149260.VCM15.612366.0,train/loss_feature_forward,1610,0.004699597135186195,1788164466.102435
events.out.tfevents.1788149260.VCM15.612366.0,train/loss_feature_forward,1620,0.007261830847710371,1788164551.8564794
events.out.tfevents.1788149260.VCM15.612366.0,train/loss_feature_forward,1630,0.003763906192034483,1788164654.0510032
events.out.tfevents.1788149260.VCM15.612366.0,train/loss_feature_forward,1640,0.003863436868414283,1788164742.7801037
events.out.tfevents.1788149260.VCM15.612366.0,train/loss_feature_forward,1650,0.003274948801845312,1788164849.3320658
events.out.tfevents.1788149260.VCM15.612366.0,train/loss_feature_forward,1660,0.0034775645472109318,1788164941.0683653
events.out.tfevents.1788149260.VCM15.612366.0,train/loss_feature_forward,1670,0.0031884191557765007,1788165018.4763076
events.out.tfevents.1788149260.VCM15.612366.0,train/loss_feature_forward,1680,0.008810978382825851,1788165099.3130238
events.out.tfevents.1788149260.VCM15.612366.0,train/loss_feature_forward,1690,0.0037447630893439054,1788165192.429762
events.out.tfevents.1788149260.VCM15.612366.0,train/loss_feature_forward,1700,0.0028390437364578247,1788165285.2519932
events.out.tfevents.1788149260.VCM15.612366.0,train/loss_feature_forward,1710,0.004578912165015936,1788165382.2801514
events.out.tfevents.1788149260.VCM15.612366.0,train/loss_feature_forward,1720,0.0043899063020944595,1788165484.1839418
events.out.tfevents.1788149260.VCM15.612366.0,train/loss_flow,10,0.19004034996032715,1788149359.6544268
events.out.tfevents.1788149260.VCM15.612366.0,train/loss_flow,20,0.045297786593437195,1788149444.6232371
events.out.tfevents.1788149260.VCM15.612366.0,train/loss_flow,30,0.06735822558403015,1788149546.7177513
events.out.tfevents.1788149260.VCM15.612366.0,train/loss_flow,40,0.03013252094388008,1788149643.3559365
events.out.tfevents.1788149260.VCM15.612366.0,train/loss_flow,50,0.02956118993461132,1788149736.0067842
events.out.tfevents.1788149260.VCM15.612366.0,train/loss_flow,60,0.16361474990844727,1788149822.5870764
events.out.tfevents.1788149260.VCM15.612366.0,train/loss_flow,70,0.14685392379760742,1788149930.1043696
events.out.tfevents.1788149260.VCM15.612366.0,train/loss_flow,80,0.1334860473871231,1788150017.075506
events.out.tfevents.1788149260.VCM15.612366.0,train/loss_flow,90,0.04477148503065109,1788150107.8697362
events.out.tfevents.1788149260.VCM15.612366.0,train/loss_flow,100,0.17424651980400085,1788150199.8090253
events.out.tfevents.1788149260.VCM15.612366.0,train/loss_flow,110,0.1601305902004242,1788150301.2553449
events.out.tfevents.1788149260.VCM15.612366.0,train/loss_flow,120,0.06535832583904266,1788150402.7785153
events.out.tfevents.1788149260.VCM15.612366.0,train/loss_flow,130,0.04257553443312645,1788150482.7364252
events.out.tfevents.1788149260.VCM15.612366.0,train/loss_flow,140,0.1562829613685608,1788150583.6504333
events.out.tfevents.1788149260.VCM15.612366.0,train/loss_flow,150,0.27571457624435425,1788150680.0664778
events.out.tfevents.1788149260.VCM15.612366.0,train/loss_flow,160,0.07959967851638794,1788150781.7828054
events.out.tfevents.1788149260.VCM15.612366.0,train/loss_flow,170,0.04423913359642029,1788150892.8218899
events.out.tfevents.1788149260.VCM15.612366.0,train/loss_flow,180,0.14722496271133423,1788150975.098646
events.out.tfevents.1788149260.VCM15.612366.0,train/loss_flow,190,0.2811170816421509,1788151052.9849288
events.out.tfevents.1788149260.VCM15.612366.0,train/loss_flow,200,0.03651056066155434,1788151137.402715
events.out.tfevents.1788149260.VCM15.612366.0,train/loss_flow,210,0.11940955370664597,1788151229.0731776
events.out.tfevents.1788149260.VCM15.612366.0,train/loss_flow,220,0.0809023529291153,1788151323.4877326
events.out.tfevents.1788149260.VCM15.612366.0,train/loss_flow,230,0.484136700630188,1788151427.5914369
events.out.tfevents.1788149260.VCM15.612366.0,train/loss_flow,240,0.11483214795589447,1788151527.0744567
events.out.tfevents.1788149260.VCM15.612366.0,train/loss_flow,250,0.0941312164068222,1788151611.4744072
events.out.tfevents.1788149260.VCM15.612366.0,train/loss_flow,260,0.13313448429107666,1788151684.8239894
events.out.tfevents.1788149260.VCM15.612366.0,train/loss_flow,270,0.1831769496202469,1788151780.1575823
events.out.tfevents.1788149260.VCM15.612366.0,train/loss_flow,280,0.05781826004385948,1788151878.705936
events.out.tfevents.1788149260.VCM15.612366.0,train/loss_flow,290,0.15536624193191528,1788151965.4567907
events.out.tfevents.1788149260.VCM15.612366.0,train/loss_flow,300,0.14798152446746826,1788152044.4983313
events.out.tfevents.1788149260.VCM15.612366.0,train/loss_flow,310,0.24782073497772217,1788152141.295761
events.out.tfevents.1788149260.VCM15.612366.0,train/loss_flow,320,0.17896100878715515,1788152233.9165273
events.out.tfevents.1788149260.VCM15.612366.0,train/loss_flow,330,0.05138228461146355,1788152340.9121366
events.out.tfevents.1788149260.VCM15.612366.0,train/loss_flow,340,0.236127108335495,1788152434.6993577
events.out.tfevents.1788149260.VCM15.612366.0,train/loss_flow,350,0.04743090271949768,1788152531.8688273
events.out.tfevents.1788149260.VCM15.612366.0,train/loss_flow,360,0.17202496528625488,1788152617.2726433
events.out.tfevents.1788149260.VCM15.612366.0,train/loss_flow,370,0.12268868088722229,1788152709.002119
events.out.tfevents.1788149260.VCM15.612366.0,train/loss_flow,380,0.142682284116745,1788152807.973221
events.out.tfevents.1788149260.VCM15.612366.0,train/loss_flow,390,0.04518071562051773,1788152886.093169
events.out.tfevents.1788149260.VCM15.612366.0,train/loss_flow,400,0.17174705862998962,1788153004.0423262
events.out.tfevents.1788149260.VCM15.612366.0,train/loss_flow,410,0.05146614834666252,1788153096.6859605
events.out.tfevents.1788149260.VCM15.612366.0,train/loss_flow,420,0.06776733696460724,1788153200.2692165
events.out.tfevents.1788149260.VCM15.612366.0,train/loss_flow,430,0.04022564738988876,1788153279.653135
events.out.tfevents.1788149260.VCM15.612366.0,train/loss_flow,440,0.05355227738618851,1788153358.7859788
events.out.tfevents.1788149260.VCM15.612366.0,train/loss_flow,450,0.08505551517009735,1788153452.8962762
events.out.tfevents.1788149260.VCM15.612366.0,train/loss_flow,460,0.03930152952671051,1788153546.5956936
events.out.tfevents.1788149260.VCM15.612366.0,train/loss_flow,470,0.03696388751268387,1788153635.5183015
events.out.tfevents.1788149260.VCM15.612366.0,train/loss_flow,480,0.03868543356657028,1788153721.5902498
events.out.tfevents.1788149260.VCM15.612366.0,train/loss_flow,490,0.2309723198413849,1788153812.6309533
events.out.tfevents.1788149260.VCM15.612366.0,train/loss_flow,500,0.15506838262081146,1788153910.6144147
events.out.tfevents.1788149260.VCM15.612366.0,train/loss_flow,510,0.1670726239681244,1788154000.360446
events.out.tfevents.1788149260.VCM15.612366.0,train/loss_flow,520,0.038730688393116,1788154091.8268754
events.out.tfevents.1788149260.VCM15.612366.0,train/loss_flow,530,0.21234214305877686,1788154197.0285027
events.out.tfevents.1788149260.VCM15.612366.0,train/loss_flow,540,0.12416152656078339,1788154293.8757422
events.out.tfevents.1788149260.VCM15.612366.0,train/loss_flow,550,0.06291330605745316,1788154391.9014435
events.out.tfevents.1788149260.VCM15.612366.0,train/loss_flow,560,0.06066330522298813,1788154471.7953997
events.out.tfevents.1788149260.VCM15.612366.0,train/loss_flow,570,0.07780692726373672,1788154559.8200252
events.out.tfevents.1788149260.VCM15.612366.0,train/loss_flow,580,0.06663919985294342,1788154652.9133809
events.out.tfevents.1788149260.VCM15.612366.0,train/loss_flow,590,0.037770986557006836,1788154759.8376603
events.out.tfevents.1788149260.VCM15.612366.0,train/loss_flow,600,0.3705527186393738,1788154850.2211986
events.out.tfevents.1788149260.VCM15.612366.0,train/loss_flow,610,0.15542016923427582,1788154936.1692257
events.out.tfevents.1788149260.VCM15.612366.0,train/loss_flow,620,0.05702098086476326,1788155017.3791986
events.out.tfevents.1788149260.VCM15.612366.0,train/loss_flow,630,0.13356374204158783,1788155103.9704225
events.out.tfevents.1788149260.VCM15.612366.0,train/loss_flow,640,0.08305157721042633,1788155203.6972272
events.out.tfevents.1788149260.VCM15.612366.0,train/loss_flow,650,0.3086695969104767,1788155284.950576
events.out.tfevents.1788149260.VCM15.612366.0,train/loss_flow,660,0.03663910552859306,1788155406.1276922
events.out.tfevents.1788149260.VCM15.612366.0,train/loss_flow,670,0.05664169043302536,1788155500.0035021
events.out.tfevents.1788149260.VCM15.612366.0,train/loss_flow,680,0.06657079607248306,1788155596.428539
events.out.tfevents.1788149260.VCM15.612366.0,train/loss_flow,690,0.0508069172501564,1788155682.6866894
events.out.tfevents.1788149260.VCM15.612366.0,train/loss_flow,700,0.051567595452070236,1788155773.273227
events.out.tfevents.1788149260.VCM15.612366.0,train/loss_flow,710,0.19370627403259277,1788155870.8546214
events.out.tfevents.1788149260.VCM15.612366.0,train/loss_flow,720,0.15666234493255615,1788155970.213845
events.out.tfevents.1788149260.VCM15.612366.0,train/loss_flow,730,0.03030341863632202,1788156072.5768273
events.out.tfevents.1788149260.VCM15.612366.0,train/loss_flow,740,0.30455300211906433,1788156155.237236
events.out.tfevents.1788149260.VCM15.612366.0,train/loss_flow,750,0.06934671103954315,1788156249.5555284
events.out.tfevents.1788149260.VCM15.612366.0,train/loss_flow,760,0.0760011225938797,1788156351.074005
events.out.tfevents.1788149260.VCM15.612366.0,train/loss_flow,770,0.01721426658332348,1788156448.5673578
events.out.tfevents.1788149260.VCM15.612366.0,train/loss_flow,780,0.09280946850776672,1788156535.9726117
events.out.tfevents.1788149260.VCM15.612366.0,train/loss_flow,790,0.15576870739459991,1788156639.7447114
events.out.tfevents.1788149260.VCM15.612366.0,train/loss_flow,800,0.03186409920454025,1788156748.456924
events.out.tfevents.1788149260.VCM15.612366.0,train/loss_flow,810,0.04400438815355301,1788156844.5295227
events.out.tfevents.1788149260.VCM15.612366.0,train/loss_flow,820,0.1282399594783783,1788156948.2595415
events.out.tfevents.1788149260.VCM15.612366.0,train/loss_flow,830,0.07631414383649826,1788157040.3829477
events.out.tfevents.1788149260.VCM15.612366.0,train/loss_flow,840,0.253806471824646,1788157134.4889643
events.out.tfevents.1788149260.VCM15.612366.0,train/loss_flow,850,0.05983695760369301,1788157241.5536287
events.out.tfevents.1788149260.VCM15.612366.0,train/loss_flow,860,0.11863710731267929,1788157332.5161319
events.out.tfevents.1788149260.VCM15.612366.0,train/loss_flow,870,0.20205315947532654,1788157437.341169
events.out.tfevents.1788149260.VCM15.612366.0,train/loss_flow,880,0.04993916302919388,1788157517.9729788
events.out.tfevents.1788149260.VCM15.612366.0,train/loss_flow,890,0.2905924618244171,1788157629.6264899
events.out.tfevents.1788149260.VCM15.612366.0,train/loss_flow,900,0.1700693666934967,1788157725.4162076
events.out.tfevents.1788149260.VCM15.612366.0,train/loss_flow,910,0.17038241028785706,1788157821.8957791
events.out.tfevents.1788149260.VCM15.612366.0,train/loss_flow,920,0.030433863401412964,1788157920.733792
events.out.tfevents.1788149260.VCM15.612366.0,train/loss_flow,930,0.2861260771751404,1788158024.3804243
events.out.tfevents.1788149260.VCM15.612366.0,train/loss_flow,940,0.11298016458749771,1788158122.6381664
events.out.tfevents.1788149260.VCM15.612366.0,train/loss_flow,950,0.12340991199016571,1788158212.0776117
events.out.tfevents.1788149260.VCM15.612366.0,train/loss_flow,960,0.18505428731441498,1788158306.6450722
events.out.tfevents.1788149260.VCM15.612366.0,train/loss_flow,970,0.05097091197967529,1788158406.311635
events.out.tfevents.1788149260.VCM15.612366.0,train/loss_flow,980,0.04005664587020874,1788158511.420551
events.out.tfevents.1788149260.VCM15.612366.0,train/loss_flow,990,0.2669583857059479,1788158600.7567554
events.out.tfevents.1788149260.VCM15.612366.0,train/loss_flow,1000,0.12077784538269043,1788158694.978021
events.out.tfevents.1788149260.VCM15.612366.0,train/loss_flow,1010,0.15843768417835236,1788158800.5595028
events.out.tfevents.1788149260.VCM15.612366.0,train/loss_flow,1020,0.039792224764823914,1788158882.8919969
events.out.tfevents.1788149260.VCM15.612366.0,train/loss_flow,1030,0.06811627000570297,1788158962.9894702
events.out.tfevents.1788149260.VCM15.612366.0,train/loss_flow,1040,0.06819237023591995,1788159050.8152022
events.out.tfevents.1788149260.VCM15.612366.0,train/loss_flow,1050,0.08813977241516113,1788159165.2124436
events.out.tfevents.1788149260.VCM15.612366.0,train/loss_flow,1060,0.1264372169971466,1788159264.2756274
events.out.tfevents.1788149260.VCM15.612366.0,train/loss_flow,1070,0.04618852585554123,1788159349.5588253
events.out.tfevents.1788149260.VCM15.612366.0,train/loss_flow,1080,0.05440978705883026,1788159432.0775263
events.out.tfevents.1788149260.VCM15.612366.0,train/loss_flow,1090,0.2712897062301636,1788159534.4604332
events.out.tfevents.1788149260.VCM15.612366.0,train/loss_flow,1100,0.034941159188747406,1788159626.4271846
events.out.tfevents.1788149260.VCM15.612366.0,train/loss_flow,1110,0.035071007907390594,1788159720.2173505
events.out.tfevents.1788149260.VCM15.612366.0,train/loss_flow,1120,0.04176412150263786,1788159822.9999325
events.out.tfevents.1788149260.VCM15.612366.0,train/loss_flow,1130,0.05351126566529274,1788159894.3233027
events.out.tfevents.1788149260.VCM15.612366.0,train/loss_flow,1140,0.06501917541027069,1788159980.2211404
events.out.tfevents.1788149260.VCM15.612366.0,train/loss_flow,1150,0.09339255094528198,1788160072.7616286
events.out.tfevents.1788149260.VCM15.612366.0,train/loss_flow,1160,0.19009831547737122,1788160180.747488
events.out.tfevents.1788149260.VCM15.612366.0,train/loss_flow,1170,0.2744513154029846,1788160274.5527294
events.out.tfevents.1788149260.VCM15.612366.0,train/loss_flow,1180,0.0435887947678566,1788160383.9050112
events.out.tfevents.1788149260.VCM15.612366.0,train/loss_flow,1190,0.07954451441764832,1788160478.8587673
events.out.tfevents.1788149260.VCM15.612366.0,train/loss_flow,1200,0.19396287202835083,1788160563.2487688
events.out.tfevents.1788149260.VCM15.612366.0,train/loss_flow,1210,0.03457234427332878,1788160667.4308784
events.out.tfevents.1788149260.VCM15.612366.0,train/loss_flow,1220,0.060935571789741516,1788160772.5315323
events.out.tfevents.1788149260.VCM15.612366.0,train/loss_flow,1230,0.034911803901195526,1788160868.2127476
events.out.tfevents.1788149260.VCM15.612366.0,train/loss_flow,1240,0.0809602364897728,1788160964.564738
events.out.tfevents.1788149260.VCM15.612366.0,train/loss_flow,1250,0.02912210300564766,1788161060.3044398
events.out.tfevents.1788149260.VCM15.612366.0,train/loss_flow,1260,0.023310285061597824,1788161152.5131655
events.out.tfevents.1788149260.VCM15.612366.0,train/loss_flow,1270,0.12013895809650421,1788161248.368079
events.out.tfevents.1788149260.VCM15.612366.0,train/loss_flow,1280,0.21993333101272583,1788161338.4160082
events.out.tfevents.1788149260.VCM15.612366.0,train/loss_flow,1290,0.13153700530529022,1788161439.286194
events.out.tfevents.1788149260.VCM15.612366.0,train/loss_flow,1300,0.12758436799049377,1788161525.2862217
events.out.tfevents.1788149260.VCM15.612366.0,train/loss_flow,1310,0.16122421622276306,1788161631.81258
events.out.tfevents.1788149260.VCM15.612366.0,train/loss_flow,1320,0.18148089945316315,1788161729.7927592
events.out.tfevents.1788149260.VCM15.612366.0,train/loss_flow,1330,0.03253196179866791,1788161816.9990785
events.out.tfevents.1788149260.VCM15.612366.0,train/loss_flow,1340,0.14771591126918793,1788161901.6002057
events.out.tfevents.1788149260.VCM15.612366.0,train/loss_flow,1350,0.0535539910197258,1788161995.341493
events.out.tfevents.1788149260.VCM15.612366.0,train/loss_flow,1360,0.057316429913043976,1788162100.3385923
events.out.tfevents.1788149260.VCM15.612366.0,train/loss_flow,1370,0.04692767187952995,1788162185.9323115
events.out.tfevents.1788149260.VCM15.612366.0,train/loss_flow,1380,0.2567390501499176,1788162278.269843
events.out.tfevents.1788149260.VCM15.612366.0,train/loss_flow,1390,0.11762748658657074,1788162368.7617886
events.out.tfevents.1788149260.VCM15.612366.0,train/loss_flow,1400,0.25159645080566406,1788162454.5660496
events.out.tfevents.1788149260.VCM15.612366.0,train/loss_flow,1410,0.12092730402946472,1788162570.9495227
events.out.tfevents.1788149260.VCM15.612366.0,train/loss_flow,1420,0.041064366698265076,1788162670.9666827
events.out.tfevents.1788149260.VCM15.612366.0,train/loss_flow,1430,0.029341012239456177,1788162749.5836742
events.out.tfevents.1788149260.VCM15.612366.0,train/loss_flow,1440,0.032099608331918716,1788162861.4176588
events.out.tfevents.1788149260.VCM15.612366.0,train/loss_flow,1450,0.10190322250127792,1788162946.0767376
events.out.tfevents.1788149260.VCM15.612366.0,train/loss_flow,1460,0.20148323476314545,1788163040.5908663
events.out.tfevents.1788149260.VCM15.612366.0,train/loss_flow,1470,0.1555342972278595,1788163142.9648662
events.out.tfevents.1788149260.VCM15.612366.0,train/loss_flow,1480,0.16010400652885437,1788163230.4395897
events.out.tfevents.1788149260.VCM15.612366.0,train/loss_flow,1490,0.07260654866695404,1788163333.2725976
events.out.tfevents.1788149260.VCM15.612366.0,train/loss_flow,1500,0.271127849817276,1788163424.1487887
events.out.tfevents.1788149260.VCM15.612366.0,train/loss_flow,1510,0.03802359476685524,1788163534.5284913
events.out.tfevents.1788149260.VCM15.612366.0,train/loss_flow,1520,0.04296223074197769,1788163640.3757362
events.out.tfevents.1788149260.VCM15.612366.0,train/loss_flow,1530,0.03578178584575653,1788163720.7669735
events.out.tfevents.1788149260.VCM15.612366.0,train/loss_flow,1540,0.08121434599161148,1788163795.6383173
events.out.tfevents.1788149260.VCM15.612366.0,train/loss_flow,1550,0.04294588044285774,1788163879.262326
events.out.tfevents.1788149260.VCM15.612366.0,train/loss_flow,1560,0.11284979432821274,1788163980.6098304
events.out.tfevents.1788149260.VCM15.612366.0,train/loss_flow,1570,0.03773561492562294,1788164085.5859728
events.out.tfevents.1788149260.VCM15.612366.0,train/loss_flow,1580,0.12962064146995544,1788164169.4597437
events.out.tfevents.1788149260.VCM15.612366.0,train/loss_flow,1590,0.023215871304273605,1788164279.9978318
events.out.tfevents.1788149260.VCM15.612366.0,train/loss_flow,1600,0.031653787940740585,1788164386.8191023
events.out.tfevents.1788149260.VCM15.612366.0,train/loss_flow,1610,0.08587096631526947,1788164466.1015675
events.out.tfevents.1788149260.VCM15.612366.0,train/loss_flow,1620,0.1291663497686386,1788164551.8555062
events.out.tfevents.1788149260.VCM15.612366.0,train/loss_flow,1630,0.1612674593925476,1788164654.050072
events.out.tfevents.1788149260.VCM15.612366.0,train/loss_flow,1640,0.08636120706796646,1788164742.779345
events.out.tfevents.1788149260.VCM15.612366.0,train/loss_flow,1650,0.15388037264347076,1788164849.3312705
events.out.tfevents.1788149260.VCM15.612366.0,train/loss_flow,1660,0.03340766578912735,1788164941.067284
events.out.tfevents.1788149260.VCM15.612366.0,train/loss_flow,1670,0.07891032844781876,1788165018.4755535
events.out.tfevents.1788149260.VCM15.612366.0,train/loss_flow,1680,0.23298393189907074,1788165099.3119695
events.out.tfevents.1788149260.VCM15.612366.0,train/loss_flow,1690,0.26762935519218445,1788165192.4285798
events.out.tfevents.1788149260.VCM15.612366.0,train/loss_flow,1700,0.09640011191368103,1788165285.2508802
events.out.tfevents.1788149260.VCM15.612366.0,train/loss_flow,1710,0.09746027737855911,1788165382.2792587
events.out.tfevents.1788149260.VCM15.612366.0,train/loss_flow,1720,0.056945960968732834,1788165484.1832063
events.out.tfevents.1788149260.VCM15.612366.0,train/loss_flow_weighted,10,0.009502017870545387,1788149359.6544874
events.out.tfevents.1788149260.VCM15.612366.0,train/loss_flow_weighted,20,0.002264889422804117,1788149444.6232698
events.out.tfevents.1788149260.VCM15.612366.0,train/loss_flow_weighted,30,0.00336791155859828,1788149546.7178006
events.out.tfevents.1788149260.VCM15.612366.0,train/loss_flow_weighted,40,0.0015066261403262615,1788149643.3559866
events.out.tfevents.1788149260.VCM15.612366.0,train/loss_flow_weighted,50,0.0014780595665797591,1788149736.0068173
events.out.tfevents.1788149260.VCM15.612366.0,train/loss_flow_weighted,60,0.008180738426744938,1788149822.5871274
events.out.tfevents.1788149260.VCM15.612366.0,train/loss_flow_weighted,70,0.007342696189880371,1788149930.1044195
events.out.tfevents.1788149260.VCM15.612366.0,train/loss_flow_weighted,80,0.006674302276223898,1788150017.0755482
events.out.tfevents.1788149260.VCM15.612366.0,train/loss_flow_weighted,90,0.0022385744377970695,1788150107.869788
events.out.tfevents.1788149260.VCM15.612366.0,train/loss_flow_weighted,100,0.008712326176464558,1788150199.8090706
events.out.tfevents.1788149260.VCM15.612366.0,train/loss_flow_weighted,110,0.00800652988255024,1788150301.2553961
events.out.tfevents.1788149260.VCM15.612366.0,train/loss_flow_weighted,120,0.0032679163850843906,1788150402.7785668
events.out.tfevents.1788149260.VCM15.612366.0,train/loss_flow_weighted,130,0.0021287768613547087,1788150482.736469
events.out.tfevents.1788149260.VCM15.612366.0,train/loss_flow_weighted,140,0.007814147509634495,1788150583.6504948
events.out.tfevents.1788149260.VCM15.612366.0,train/loss_flow_weighted,150,0.013785728253424168,1788150680.0665123
events.out.tfevents.1788149260.VCM15.612366.0,train/loss_flow_weighted,160,0.003979983739554882,1788150781.7828383
events.out.tfevents.1788149260.VCM15.612366.0,train/loss_flow_weighted,170,0.002211956772953272,1788150892.8219411
events.out.tfevents.1788149260.VCM15.612366.0,train/loss_flow_weighted,180,0.007361247669905424,1788150975.098697
events.out.tfevents.1788149260.VCM15.612366.0,train/loss_flow_weighted,190,0.014055855572223663,1788151052.9849799
events.out.tfevents.1788149260.VCM15.612366.0,train/loss_flow_weighted,200,0.00182552810292691,1788151137.4027677
events.out.tfevents.1788149260.VCM15.612366.0,train/loss_flow_weighted,210,0.005970478057861328,1788151229.0732286
events.out.tfevents.1788149260.VCM15.612366.0,train/loss_flow_weighted,220,0.004045117646455765,1788151323.4877837
events.out.tfevents.1788149260.VCM15.612366.0,train/loss_flow_weighted,230,0.02420683577656746,1788151427.5914695
events.out.tfevents.1788149260.VCM15.612366.0,train/loss_flow_weighted,240,0.0057416073977947235,1788151527.0745084
events.out.tfevents.1788149260.VCM15.612366.0,train/loss_flow_weighted,250,0.004706561099737883,1788151611.4744394
events.out.tfevents.1788149260.VCM15.612366.0,train/loss_flow_weighted,260,0.006656724493950605,1788151684.8240423
events.out.tfevents.1788149260.VCM15.612366.0,train/loss_flow_weighted,270,0.009158847853541374,1788151780.1576335
events.out.tfevents.1788149260.VCM15.612366.0,train/loss_flow_weighted,280,0.002890913048759103,1788151878.7059872
events.out.tfevents.1788149260.VCM15.612366.0,train/loss_flow_weighted,290,0.007768312469124794,1788151965.4568427
events.out.tfevents.1788149260.VCM15.612366.0,train/loss_flow_weighted,300,0.007399076595902443,1788152044.4983923
events.out.tfevents.1788149260.VCM15.612366.0,train/loss_flow_weighted,310,0.012391036376357079,1788152141.2958236
events.out.tfevents.1788149260.VCM15.612366.0,train/loss_flow_weighted,320,0.008948050439357758,1788152233.9165792
events.out.tfevents.1788149260.VCM15.612366.0,train/loss_flow_weighted,330,0.002569114323705435,1788152340.9121811
events.out.tfevents.1788149260.VCM15.612366.0,train/loss_flow_weighted,340,0.01180635578930378,1788152434.6993957
events.out.tfevents.1788149260.VCM15.612366.0,train/loss_flow_weighted,350,0.0023715451825410128,1788152531.8688622
events.out.tfevents.1788149260.VCM15.612366.0,train/loss_flow_weighted,360,0.008601248264312744,1788152617.272685
events.out.tfevents.1788149260.VCM15.612366.0,train/loss_flow_weighted,370,0.006134433671832085,1788152709.0021713
events.out.tfevents.1788149260.VCM15.612366.0,train/loss_flow_weighted,380,0.007134114392101765,1788152807.973254
events.out.tfevents.1788149260.VCM15.612366.0,train/loss_flow_weighted,390,0.0022590358275920153,1788152886.093221
events.out.tfevents.1788149260.VCM15.612366.0,train/loss_flow_weighted,400,0.008587352931499481,1788153004.042359
events.out.tfevents.1788149260.VCM15.612366.0,train/loss_flow_weighted,410,0.002573307603597641,1788153096.6860113
events.out.tfevents.1788149260.VCM15.612366.0,train/loss_flow_weighted,420,0.003388366661965847,1788153200.269261
events.out.tfevents.1788149260.VCM15.612366.0,train/loss_flow_weighted,430,0.002011282369494438,1788153279.653187
events.out.tfevents.1788149260.VCM15.612366.0,train/loss_flow_weighted,440,0.002677614102140069,1788153358.786023
events.out.tfevents.1788149260.VCM15.612366.0,train/loss_flow_weighted,450,0.004252775572240353,1788153452.896308
events.out.tfevents.1788149260.VCM15.612366.0,train/loss_flow_weighted,460,0.0019650766626000404,1788153546.5957258
events.out.tfevents.1788149260.VCM15.612366.0,train/loss_flow_weighted,470,0.0018481945153325796,1788153635.5183337
events.out.tfevents.1788149260.VCM15.612366.0,train/loss_flow_weighted,480,0.0019342717714607716,1788153721.5902882
events.out.tfevents.1788149260.VCM15.612366.0,train/loss_flow_weighted,490,0.011548615992069244,1788153812.6309948
events.out.tfevents.1788149260.VCM15.612366.0,train/loss_flow_weighted,500,0.007753419689834118,1788153910.6144667
events.out.tfevents.1788149260.VCM15.612366.0,train/loss_flow_weighted,510,0.008353631012141705,1788154000.3604848
events.out.tfevents.1788149260.VCM15.612366.0,train/loss_flow_weighted,520,0.0019365345360711217,1788154091.8269253
events.out.tfevents.1788149260.VCM15.612366.0,train/loss_flow_weighted,530,0.010617107152938843,1788154197.0285535
events.out.tfevents.1788149260.VCM15.612366.0,train/loss_flow_weighted,540,0.006208076607435942,1788154293.8757937
events.out.tfevents.1788149260.VCM15.612366.0,train/loss_flow_weighted,550,0.0031456653960049152,1788154391.9014807
events.out.tfevents.1788149260.VCM15.612366.0,train/loss_flow_weighted,560,0.003033165354281664,1788154471.795451
events.out.tfevents.1788149260.VCM15.612366.0,train/loss_flow_weighted,570,0.0038903462700545788,1788154559.8200576
events.out.tfevents.1788149260.VCM15.612366.0,train/loss_flow_weighted,580,0.0033319599460810423,1788154652.9134321
events.out.tfevents.1788149260.VCM15.612366.0,train/loss_flow_weighted,590,0.0018885494209825993,1788154759.8377004
events.out.tfevents.1788149260.VCM15.612366.0,train/loss_flow_weighted,600,0.018527638167142868,1788154850.2212496
events.out.tfevents.1788149260.VCM15.612366.0,train/loss_flow_weighted,610,0.007771008647978306,1788154936.1692758
events.out.tfevents.1788149260.VCM15.612366.0,train/loss_flow_weighted,620,0.0028510489501059055,1788155017.3792465
events.out.tfevents.1788149260.VCM15.612366.0,train/loss_flow_weighted,630,0.006678187288343906,1788155103.970472
events.out.tfevents.1788149260.VCM15.612366.0,train/loss_flow_weighted,640,0.004152578767389059,1788155203.6972783
events.out.tfevents.1788149260.VCM15.612366.0,train/loss_flow_weighted,650,0.01543348003178835,1788155284.950626
events.out.tfevents.1788149260.VCM15.612366.0,train/loss_flow_weighted,660,0.0018319552764296532,1788155406.1277246
events.out.tfevents.1788149260.VCM15.612366.0,train/loss_flow_weighted,670,0.002832084661349654,1788155500.003552
events.out.tfevents.1788149260.VCM15.612366.0,train/loss_flow_weighted,680,0.0033285398967564106,1788155596.428589
events.out.tfevents.1788149260.VCM15.612366.0,train/loss_flow_weighted,690,0.0025403457693755627,1788155682.6867404
events.out.tfevents.1788149260.VCM15.612366.0,train/loss_flow_weighted,700,0.0025783798191696405,1788155773.273279
events.out.tfevents.1788149260.VCM15.612366.0,train/loss_flow_weighted,710,0.009685313329100609,1788155870.8546603
events.out.tfevents.1788149260.VCM15.612366.0,train/loss_flow_weighted,720,0.007833117619156837,1788155970.2138774
events.out.tfevents.1788149260.VCM15.612366.0,train/loss_flow_weighted,730,0.0015151710249483585,1788156072.5768602
events.out.tfevents.1788149260.VCM15.612366.0,train/loss_flow_weighted,740,0.015227650292217731,1788156155.2372885
events.out.tfevents.1788149260.VCM15.612366.0,train/loss_flow_weighted,750,0.00346733583137393,1788156249.555549
events.out.tfevents.1788149260.VCM15.612366.0,train/loss_flow_weighted,760,0.0038000561762601137,1788156351.0740547
events.out.tfevents.1788149260.VCM15.612366.0,train/loss_flow_weighted,770,0.0008607133058831096,1788156448.5674014
events.out.tfevents.1788149260.VCM15.612366.0,train/loss_flow_weighted,780,0.004640473518520594,1788156535.9726872
events.out.tfevents.1788149260.VCM15.612366.0,train/loss_flow_weighted,790,0.007788435555994511,1788156639.7447624
events.out.tfevents.1788149260.VCM15.612366.0,train/loss_flow_weighted,800,0.001593204913660884,1788156748.4569664
events.out.tfevents.1788149260.VCM15.612366.0,train/loss_flow_weighted,810,0.0022002195473760366,1788156844.5295634
events.out.tfevents.1788149260.VCM15.612366.0,train/loss_flow_weighted,820,0.006411998067051172,1788156948.2595918
events.out.tfevents.1788149260.VCM15.612366.0,train/loss_flow_weighted,830,0.0038157072849571705,1788157040.3829882
events.out.tfevents.1788149260.VCM15.612366.0,train/loss_flow_weighted,840,0.01269032433629036,1788157134.4890172
events.out.tfevents.1788149260.VCM15.612366.0,train/loss_flow_weighted,850,0.002991847926750779,1788157241.5536761
events.out.tfevents.1788149260.VCM15.612366.0,train/loss_flow_weighted,860,0.005931855645030737,1788157332.5161822
events.out.tfevents.1788149260.VCM15.612366.0,train/loss_flow_weighted,870,0.010102658532559872,1788157437.3412197
events.out.tfevents.1788149260.VCM15.612366.0,train/loss_flow_weighted,880,0.0024969582445919514,1788157517.973044
events.out.tfevents.1788149260.VCM15.612366.0,train/loss_flow_weighted,890,0.01452962402254343,1788157629.6265414
events.out.tfevents.1788149260.VCM15.612366.0,train/loss_flow_weighted,900,0.00850346777588129,1788157725.4162586
events.out.tfevents.1788149260.VCM15.612366.0,train/loss_flow_weighted,910,0.008519120514392853,1788157821.8958292
events.out.tfevents.1788149260.VCM15.612366.0,train/loss_flow_weighted,920,0.0015216930769383907,1788157920.7338333
events.out.tfevents.1788149260.VCM15.612366.0,train/loss_flow_weighted,930,0.014306304976344109,1788158024.3804624
events.out.tfevents.1788149260.VCM15.612366.0,train/loss_flow_weighted,940,0.005649008322507143,1788158122.6382127
events.out.tfevents.1788149260.VCM15.612366.0,train/loss_flow_weighted,950,0.006170496344566345,1788158212.0776494
events.out.tfevents.1788149260.VCM15.612366.0,train/loss_flow_weighted,960,0.009252714924514294,1788158306.645124
events.out.tfevents.1788149260.VCM15.612366.0,train/loss_flow_weighted,970,0.0025485455989837646,1788158406.311695
events.out.tfevents.1788149260.VCM15.612366.0,train/loss_flow_weighted,980,0.0020028322469443083,1788158511.4205766
events.out.tfevents.1788149260.VCM15.612366.0,train/loss_flow_weighted,990,0.013347919099032879,1788158600.756788
events.out.tfevents.1788149260.VCM15.612366.0,train/loss_flow_weighted,1000,0.0060388920828700066,1788158694.9780715
events.out.tfevents.1788149260.VCM15.612366.0,train/loss_flow_weighted,1010,0.007921883836388588,1788158800.5595543
events.out.tfevents.1788149260.VCM15.612366.0,train/loss_flow_weighted,1020,0.0019896114245057106,1788158882.8920476
events.out.tfevents.1788149260.VCM15.612366.0,train/loss_flow_weighted,1030,0.003405813593417406,1788158962.98952
events.out.tfevents.1788149260.VCM15.612366.0,train/loss_flow_weighted,1040,0.0034096187446266413,1788159050.8152514
events.out.tfevents.1788149260.VCM15.612366.0,train/loss_flow_weighted,1050,0.004406988620758057,1788159165.2124944
events.out.tfevents.1788149260.VCM15.612366.0,train/loss_flow_weighted,1060,0.0063218604773283005,1788159264.2756774
events.out.tfevents.1788149260.VCM15.612366.0,train/loss_flow_weighted,1070,0.0023094264324754477,1788159349.55886
events.out.tfevents.1788149260.VCM15.612366.0,train/loss_flow_weighted,1080,0.002720489399507642,1788159432.0775583
events.out.tfevents.1788149260.VCM15.612366.0,train/loss_flow_weighted,1090,0.013564486056566238,1788159534.4604652
events.out.tfevents.1788149260.VCM15.612366.0,train/loss_flow_weighted,1100,0.001747058006003499,1788159626.4272358
events.out.tfevents.1788149260.VCM15.612366.0,train/loss_flow_weighted,1110,0.0017535504885017872,1788159720.217401
events.out.tfevents.1788149260.VCM15.612366.0,train/loss_flow_weighted,1120,0.002088206121698022,1788159822.9999645
events.out.tfevents.1788149260.VCM15.612366.0,train/loss_flow_weighted,1130,0.0026755633298307657,1788159894.3233194
events.out.tfevents.1788149260.VCM15.612366.0,train/loss_flow_weighted,1140,0.003250958863645792,1788159980.2211785
events.out.tfevents.1788149260.VCM15.612366.0,train/loss_flow_weighted,1150,0.004669627640396357,1788160072.7616796
events.out.tfevents.1788149260.VCM15.612366.0,train/loss_flow_weighted,1160,0.00950491614639759,1788160180.7475052
events.out.tfevents.1788149260.VCM15.612366.0,train/loss_flow_weighted,1170,0.013722565025091171,1788160274.5527601
events.out.tfevents.1788149260.VCM15.612366.0,train/loss_flow_weighted,1180,0.0021794396452605724,1788160383.9050627
events.out.tfevents.1788149260.VCM15.612366.0,train/loss_flow_weighted,1190,0.003977226093411446,1788160478.8588195
events.out.tfevents.1788149260.VCM15.612366.0,train/loss_flow_weighted,1200,0.009698144160211086,1788160563.2488098
events.out.tfevents.1788149260.VCM15.612366.0,train/loss_flow_weighted,1210,0.0017286172369495034,1788160667.4309125
events.out.tfevents.1788149260.VCM15.612366.0,train/loss_flow_weighted,1220,0.0030467784963548183,1788160772.5315788
events.out.tfevents.1788149260.VCM15.612366.0,train/loss_flow_weighted,1230,0.001745590241625905,1788160868.2127974
events.out.tfevents.1788149260.VCM15.612366.0,train/loss_flow_weighted,1240,0.004048011731356382,1788160964.5647702
events.out.tfevents.1788149260.VCM15.612366.0,train/loss_flow_weighted,1250,0.001456105150282383,1788161060.304491
events.out.tfevents.1788149260.VCM15.612366.0,train/loss_flow_weighted,1260,0.0011655142297968268,1788161152.5132065
events.out.tfevents.1788149260.VCM15.612366.0,train/loss_flow_weighted,1270,0.006006948184221983,1788161248.3681333
events.out.tfevents.1788149260.VCM15.612366.0,train/loss_flow_weighted,1280,0.010996667668223381,1788161338.41606
events.out.tfevents.1788149260.VCM15.612366.0,train/loss_flow_weighted,1290,0.006576850078999996,1788161439.286246
events.out.tfevents.1788149260.VCM15.612366.0,train/loss_flow_weighted,1300,0.006379218772053719,1788161525.2863243
events.out.tfevents.1788149260.VCM15.612366.0,train/loss_flow_weighted,1310,0.008061210624873638,1788161631.8125968
events.out.tfevents.1788149260.VCM15.612366.0,train/loss_flow_weighted,1320,0.009074045345187187,1788161729.7928095
events.out.tfevents.1788149260.VCM15.612366.0,train/loss_flow_weighted,1330,0.001626598066650331,1788161816.9991298
events.out.tfevents.1788149260.VCM15.612366.0,train/loss_flow_weighted,1340,0.007385795470327139,1788161901.6002495
events.out.tfevents.1788149260.VCM15.612366.0,train/loss_flow_weighted,1350,0.0026776997838169336,1788161995.3415437
events.out.tfevents.1788149260.VCM15.612366.0,train/loss_flow_weighted,1360,0.0028658215887844563,1788162100.3386266
events.out.tfevents.1788149260.VCM15.612366.0,train/loss_flow_weighted,1370,0.0023463836405426264,1788162185.9323454
events.out.tfevents.1788149260.VCM15.612366.0,train/loss_flow_weighted,1380,0.012836952693760395,1788162278.2698936
events.out.tfevents.1788149260.VCM15.612366.0,train/loss_flow_weighted,1390,0.005881374701857567,1788162368.761839
events.out.tfevents.1788149260.VCM15.612366.0,train/loss_flow_weighted,1400,0.012579822912812233,1788162454.5660837
events.out.tfevents.1788149260.VCM15.612366.0,train/loss_flow_weighted,1410,0.0060463654808700085,1788162570.949557
events.out.tfevents.1788149260.VCM15.612366.0,train/loss_flow_weighted,1420,0.0020532184280455112,1788162670.966732
events.out.tfevents.1788149260.VCM15.612366.0,train/loss_flow_weighted,1430,0.0014670506352558732,1788162749.5837243
events.out.tfevents.1788149260.VCM15.612366.0,train/loss_flow_weighted,1440,0.0016049804398790002,1788162861.4177094
events.out.tfevents.1788149260.VCM15.612366.0,train/loss_flow_weighted,1450,0.005095161031931639,1788162946.076789
events.out.tfevents.1788149260.VCM15.612366.0,train/loss_flow_weighted,1460,0.010074161924421787,1788163040.590917
events.out.tfevents.1788149260.VCM15.612366.0,train/loss_flow_weighted,1470,0.007776714861392975,1788163142.9649065
events.out.tfevents.1788149260.VCM15.612366.0,train/loss_flow_weighted,1480,0.008005200885236263,1788163230.4396324
events.out.tfevents.1788149260.VCM15.612366.0,train/loss_flow_weighted,1490,0.0036303275264799595,1788163333.272648
events.out.tfevents.1788149260.VCM15.612366.0,train/loss_flow_weighted,1500,0.01355639286339283,1788163424.1488197
events.out.tfevents.1788149260.VCM15.612366.0,train/loss_flow_weighted,1510,0.0019011797849088907,1788163534.5285227
events.out.tfevents.1788149260.VCM15.612366.0,train/loss_flow_weighted,1520,0.0021481113508343697,1788163640.3757865
events.out.tfevents.1788149260.VCM15.612366.0,train/loss_flow_weighted,1530,0.0017890892922878265,1788163720.767014
events.out.tfevents.1788149260.VCM15.612366.0,train/loss_flow_weighted,1540,0.004060717299580574,1788163795.638355
events.out.tfevents.1788149260.VCM15.612366.0,train/loss_flow_weighted,1550,0.0021472941152751446,1788163879.2623694
events.out.tfevents.1788149260.VCM15.612366.0,train/loss_flow_weighted,1560,0.005642489995807409,1788163980.6098707
events.out.tfevents.1788149260.VCM15.612366.0,train/loss_flow_weighted,1570,0.0018867808394134045,1788164085.5860074
events.out.tfevents.1788149260.VCM15.612366.0,train/loss_flow_weighted,1580,0.006481032352894545,1788164169.4597943
events.out.tfevents.1788149260.VCM15.612366.0,train/loss_flow_weighted,1590,0.0011607937049120665,1788164279.9978838
events.out.tfevents.1788149260.VCM15.612366.0,train/loss_flow_weighted,1600,0.0015826894668862224,1788164386.8191445
events.out.tfevents.1788149260.VCM15.612366.0,train/loss_flow_weighted,1610,0.004293548874557018,1788164466.1016176
events.out.tfevents.1788149260.VCM15.612366.0,train/loss_flow_weighted,1620,0.00645831786096096,1788164551.8555562
events.out.tfevents.1788149260.VCM15.612366.0,train/loss_flow_weighted,1630,0.008063373155891895,1788164654.0501232
events.out.tfevents.1788149260.VCM15.612366.0,train/loss_flow_weighted,1640,0.004318060353398323,1788164742.7793775
events.out.tfevents.1788149260.VCM15.612366.0,train/loss_flow_weighted,1650,0.007694019004702568,1788164849.3313074
events.out.tfevents.1788149260.VCM15.612366.0,train/loss_flow_weighted,1660,0.001670383382588625,1788164941.067343
events.out.tfevents.1788149260.VCM15.612366.0,train/loss_flow_weighted,1670,0.003945516422390938,1788165018.4756045
events.out.tfevents.1788149260.VCM15.612366.0,train/loss_flow_weighted,1680,0.011649196967482567,1788165099.3120205
events.out.tfevents.1788149260.VCM15.612366.0,train/loss_flow_weighted,1690,0.013381468132138252,1788165192.428641
events.out.tfevents.1788149260.VCM15.612366.0,train/loss_flow_weighted,1700,0.004820005502551794,1788165285.2509313
events.out.tfevents.1788149260.VCM15.612366.0,train/loss_flow_weighted,1710,0.0048730140551924706,1788165382.279309
events.out.tfevents.1788149260.VCM15.612366.0,train/loss_flow_weighted,1720,0.0028472980484366417,1788165484.1832385
events.out.tfevents.1788149260.VCM15.612366.0,train/loss_total,10,0.011191190220415592,1788149359.6540105
events.out.tfevents.1788149260.VCM15.612366.0,train/loss_total,20,0.00430509727448225,1788149444.6230772
events.out.tfevents.1788149260.VCM15.612366.0,train/loss_total,30,0.011557521298527718,1788149546.7174802
events.out.tfevents.1788149260.VCM15.612366.0,train/loss_total,40,0.052435800433158875,1788149643.3557348
events.out.tfevents.1788149260.VCM15.612366.0,train/loss_total,50,0.016300905495882034,1788149736.0066211
events.out.tfevents.1788149260.VCM15.612366.0,train/loss_total,60,0.023002078756690025,1788149822.586847
events.out.tfevents.1788149260.VCM15.612366.0,train/loss_total,70,0.6510322093963623,1788149930.1041098
events.out.tfevents.1788149260.VCM15.612366.0,train/loss_total,80,0.11334291845560074,1788150017.0753138
events.out.tfevents.1788149260.VCM15.612366.0,train/loss_total,90,0.1811259686946869,1788150107.8695278
events.out.tfevents.1788149260.VCM15.612366.0,train/loss_total,100,0.10462182760238647,1788150199.8088088
events.out.tfevents.1788149260.VCM15.612366.0,train/loss_total,110,0.009805687703192234,1788150301.2551167
events.out.tfevents.1788149260.VCM15.612366.0,train/loss_total,120,0.019214309751987457,1788150402.7783043
events.out.tfevents.1788149260.VCM15.612366.0,train/loss_total,130,0.0033476375974714756,1788150482.7362435
events.out.tfevents.1788149260.VCM15.612366.0,train/loss_total,140,0.08252446353435516,1788150583.650167
events.out.tfevents.1788149260.VCM15.612366.0,train/loss_total,150,0.015282751992344856,1788150680.0662737
events.out.tfevents.1788149260.VCM15.612366.0,train/loss_total,160,0.014387404546141624,1788150781.7826376
events.out.tfevents.1788149260.VCM15.612366.0,train/loss_total,170,0.05255753919482231,1788150892.8216684
events.out.tfevents.1788149260.VCM15.612366.0,train/loss_total,180,0.2396785467863083,1788150975.0984414
events.out.tfevents.1788149260.VCM15.612366.0,train/loss_total,190,0.22700482606887817,1788151052.9847467
events.out.tfevents.1788149260.VCM15.612366.0,train/loss_total,200,0.058434948325157166,1788151137.4024613
events.out.tfevents.1788149260.VCM15.612366.0,train/loss_total,210,0.008266173303127289,1788151229.072923
events.out.tfevents.1788149260.VCM15.612366.0,train/loss_total,220,0.01892833039164543,1788151323.4875238
events.out.tfevents.1788149260.VCM15.612366.0,train/loss_total,230,0.04788250848650932,1788151427.591254
events.out.tfevents.1788149260.VCM15.612366.0,train/loss_total,240,0.02419903315603733,1788151527.0742304
events.out.tfevents.1788149260.VCM15.612366.0,train/loss_total,250,0.07419851422309875,1788151611.4742458
events.out.tfevents.1788149260.VCM15.612366.0,train/loss_total,260,0.15719453990459442,1788151684.8237913
events.out.tfevents.1788149260.VCM15.612366.0,train/loss_total,270,0.04627726599574089,1788151780.1573372
events.out.tfevents.1788149260.VCM15.612366.0,train/loss_total,280,0.009635040536522865,1788151878.705707
events.out.tfevents.1788149260.VCM15.612366.0,train/loss_total,290,0.09311824291944504,1788151965.456559
events.out.tfevents.1788149260.VCM15.612366.0,train/loss_total,300,0.0337974950671196,1788152044.4981103
events.out.tfevents.1788149260.VCM15.612366.0,train/loss_total,310,0.07329513877630234,1788152141.295541
events.out.tfevents.1788149260.VCM15.612366.0,train/loss_total,320,0.04169398546218872,1788152233.9163005
events.out.tfevents.1788149260.VCM15.612366.0,train/loss_total,330,0.03532576188445091,1788152340.9118953
events.out.tfevents.1788149260.VCM15.612366.0,train/loss_total,340,0.01858210191130638,1788152434.699181
events.out.tfevents.1788149260.VCM15.612366.0,train/loss_total,350,0.009260299615561962,1788152531.868673
events.out.tfevents.1788149260.VCM15.612366.0,train/loss_total,360,0.14081808924674988,1788152617.272453
events.out.tfevents.1788149260.VCM15.612366.0,train/loss_total,370,0.06654655188322067,1788152709.001893
events.out.tfevents.1788149260.VCM15.612366.0,train/loss_total,380,0.020158585160970688,1788152807.973063
events.out.tfevents.1788149260.VCM15.612366.0,train/loss_total,390,0.004955620504915714,1788152886.0929606
events.out.tfevents.1788149260.VCM15.612366.0,train/loss_total,400,0.05729083716869354,1788153004.0421076
events.out.tfevents.1788149260.VCM15.612366.0,train/loss_total,410,0.06231454759836197,1788153096.6857324
events.out.tfevents.1788149260.VCM15.612366.0,train/loss_total,420,0.05714968219399452,1788153200.2690165
events.out.tfevents.1788149260.VCM15.612366.0,train/loss_total,430,0.025703279301524162,1788153279.6529152
events.out.tfevents.1788149260.VCM15.612366.0,train/loss_total,440,0.017561055719852448,1788153358.785797
events.out.tfevents.1788149260.VCM15.612366.0,train/loss_total,450,0.03034762665629387,1788153452.8961215
events.out.tfevents.1788149260.VCM15.612366.0,train/loss_total,460,0.003689446486532688,1788153546.5954819
events.out.tfevents.1788149260.VCM15.612366.0,train/loss_total,470,0.016649063676595688,1788153635.518148
events.out.tfevents.1788149260.VCM15.612366.0,train/loss_total,480,0.0048258667811751366,1788153721.5900702
events.out.tfevents.1788149260.VCM15.612366.0,train/loss_total,490,0.042131006717681885,1788153812.6307485
events.out.tfevents.1788149260.VCM15.612366.0,train/loss_total,500,0.036325279623270035,1788153910.614178
events.out.tfevents.1788149260.VCM15.612366.0,train/loss_total,510,0.130925714969635,1788154000.3602445
events.out.tfevents.1788149260.VCM15.612366.0,train/loss_total,520,0.007520405109971762,1788154091.8266685
events.out.tfevents.1788149260.VCM15.612366.0,train/loss_total,530,0.023583225905895233,1788154197.0282686
events.out.tfevents.1788149260.VCM15.612366.0,train/loss_total,540,0.007846894674003124,1788154293.8755176
events.out.tfevents.1788149260.VCM15.612366.0,train/loss_total,550,0.013264980167150497,1788154391.9012794
events.out.tfevents.1788149260.VCM15.612366.0,train/loss_total,560,0.005812268704175949,1788154471.7951968
events.out.tfevents.1788149260.VCM15.612366.0,train/loss_total,570,0.008903520181775093,1788154559.8198397
events.out.tfevents.1788149260.VCM15.612366.0,train/loss_total,580,0.24875129759311676,1788154652.9131606
events.out.tfevents.1788149260.VCM15.612366.0,train/loss_total,590,0.021691832691431046,1788154759.8374336
events.out.tfevents.1788149260.VCM15.612366.0,train/loss_total,600,0.13320690393447876,1788154850.220945
events.out.tfevents.1788149260.VCM15.612366.0,train/loss_total,610,0.07778921723365784,1788154936.169033
events.out.tfevents.1788149260.VCM15.612366.0,train/loss_total,620,0.11495404690504074,1788155017.378993
events.out.tfevents.1788149260.VCM15.612366.0,train/loss_total,630,0.013139819726347923,1788155103.9702008
events.out.tfevents.1788149260.VCM15.612366.0,train/loss_total,640,0.06197718158364296,1788155203.6970012
events.out.tfevents.1788149260.VCM15.612366.0,train/loss_total,650,0.146913081407547,1788155284.950378
events.out.tfevents.1788149260.VCM15.612366.0,train/loss_total,660,0.026451773941516876,1788155406.1275384
events.out.tfevents.1788149260.VCM15.612366.0,train/loss_total,670,0.07435149699449539,1788155500.0032842
events.out.tfevents.1788149260.VCM15.612366.0,train/loss_total,680,0.035435259342193604,1788155596.4283159
events.out.tfevents.1788149260.VCM15.612366.0,train/loss_total,690,0.009767473675310612,1788155682.6864686
events.out.tfevents.1788149260.VCM15.612366.0,train/loss_total,700,0.05181238055229187,1788155773.2729752
events.out.tfevents.1788149260.VCM15.612366.0,train/loss_total,710,0.3852006494998932,1788155870.854417
events.out.tfevents.1788149260.VCM15.612366.0,train/loss_total,720,0.24628163874149323,1788155970.2136536
events.out.tfevents.1788149260.VCM15.612366.0,train/loss_total,730,0.11307802051305771,1788156072.5766687
events.out.tfevents.1788149260.VCM15.612366.0,train/loss_total,740,0.2110370695590973,1788156155.2370222
events.out.tfevents.1788149260.VCM15.612366.0,train/loss_total,750,0.12726899981498718,1788156249.555372
events.out.tfevents.1788149260.VCM15.612366.0,train/loss_total,760,0.01630900427699089,1788156351.0737753
events.out.tfevents.1788149260.VCM15.612366.0,train/loss_total,770,0.02395651489496231,1788156448.567159
events.out.tfevents.1788149260.VCM15.612366.0,train/loss_total,780,0.11713247001171112,1788156535.9723864
events.out.tfevents.1788149260.VCM15.612366.0,train/loss_total,790,0.011624395847320557,1788156639.7444656
events.out.tfevents.1788149260.VCM15.612366.0,train/loss_total,800,0.24999675154685974,1788156748.456714
events.out.tfevents.1788149260.VCM15.612366.0,train/loss_total,810,0.015576014295220375,1788156844.5293415
events.out.tfevents.1788149260.VCM15.612366.0,train/loss_total,820,0.00794228259474039,1788156948.2593396
events.out.tfevents.1788149260.VCM15.612366.0,train/loss_total,830,0.0323755219578743,1788157040.3827069
events.out.tfevents.1788149260.VCM15.612366.0,train/loss_total,840,0.03577272221446037,1788157134.4887195
events.out.tfevents.1788149260.VCM15.612366.0,train/loss_total,850,0.041826002299785614,1788157241.5533857
events.out.tfevents.1788149260.VCM15.612366.0,train/loss_total,860,0.040857575833797455,1788157332.5159068
events.out.tfevents.1788149260.VCM15.612366.0,train/loss_total,870,0.023140117526054382,1788157437.3409286
events.out.tfevents.1788149260.VCM15.612366.0,train/loss_total,880,0.03244933485984802,1788157517.9727404
events.out.tfevents.1788149260.VCM15.612366.0,train/loss_total,890,0.049586959183216095,1788157629.6262667
events.out.tfevents.1788149260.VCM15.612366.0,train/loss_total,900,0.14695093035697937,1788157725.4159858
events.out.tfevents.1788149260.VCM15.612366.0,train/loss_total,910,0.03935211896896362,1788157821.895581
events.out.tfevents.1788149260.VCM15.612366.0,train/loss_total,920,0.05535616725683212,1788157920.7335753
events.out.tfevents.1788149260.VCM15.612366.0,train/loss_total,930,0.0553126223385334,1788158024.3802598
events.out.tfevents.1788149260.VCM15.612366.0,train/loss_total,940,0.10292752087116241,1788158122.6379602
events.out.tfevents.1788149260.VCM15.612366.0,train/loss_total,950,0.3876567780971527,1788158212.077448
events.out.tfevents.1788149260.VCM15.612366.0,train/loss_total,960,0.013511039316654205,1788158306.6448236
events.out.tfevents.1788149260.VCM15.612366.0,train/loss_total,970,0.10944030433893204,1788158406.3113587
events.out.tfevents.1788149260.VCM15.612366.0,train/loss_total,980,0.012865987606346607,1788158511.4204016
events.out.tfevents.1788149260.VCM15.612366.0,train/loss_total,990,0.16173961758613586,1788158600.7565973
events.out.tfevents.1788149260.VCM15.612366.0,train/loss_total,1000,0.05819493532180786,1788158694.977784
events.out.tfevents.1788149260.VCM15.612366.0,train/loss_total,1010,0.08679217845201492,1788158800.5592744
events.out.tfevents.1788149260.VCM15.612366.0,train/loss_total,1020,0.03433144465088844,1788158882.8917677
events.out.tfevents.1788149260.VCM15.612366.0,train/loss_total,1030,0.018915608525276184,1788158962.9892397
events.out.tfevents.1788149260.VCM15.612366.0,train/loss_total,1040,0.05202889069914818,1788159050.814982
events.out.tfevents.1788149260.VCM15.612366.0,train/loss_total,1050,0.006162455305457115,1788159165.2121525
events.out.tfevents.1788149260.VCM15.612366.0,train/loss_total,1060,0.16496556997299194,1788159264.2754335
events.out.tfevents.1788149260.VCM15.612366.0,train/loss_total,1070,0.027792342007160187,1788159349.5586605
events.out.tfevents.1788149260.VCM15.612366.0,train/loss_total,1080,0.12213077396154404,1788159432.0773618
events.out.tfevents.1788149260.VCM15.612366.0,train/loss_total,1090,0.05121687427163124,1788159534.4602494
events.out.tfevents.1788149260.VCM15.612366.0,train/loss_total,1100,0.008726250380277634,1788159626.4269576
events.out.tfevents.1788149260.VCM15.612366.0,train/loss_total,1110,0.003176258411258459,1788159720.2170897
events.out.tfevents.1788149260.VCM15.612366.0,train/loss_total,1120,0.005146404728293419,1788159822.9997685
events.out.tfevents.1788149260.VCM15.612366.0,train/loss_total,1130,0.07536541670560837,1788159894.3231995
events.out.tfevents.1788149260.VCM15.612366.0,train/loss_total,1140,0.056948211044073105,1788159980.2209733
events.out.tfevents.1788149260.VCM15.612366.0,train/loss_total,1150,0.08891116082668304,1788160072.7614222
events.out.tfevents.1788149260.VCM15.612366.0,train/loss_total,1160,0.07982733845710754,1788160180.747384
events.out.tfevents.1788149260.VCM15.612366.0,train/loss_total,1170,0.11411181837320328,1788160274.552587
events.out.tfevents.1788149260.VCM15.612366.0,train/loss_total,1180,0.17445887625217438,1788160383.9047463
events.out.tfevents.1788149260.VCM15.612366.0,train/loss_total,1190,0.06672357022762299,1788160478.858554
events.out.tfevents.1788149260.VCM15.612366.0,train/loss_total,1200,0.050868045538663864,1788160563.248607
events.out.tfevents.1788149260.VCM15.612366.0,train/loss_total,1210,0.003702580463141203,1788160667.4307263
events.out.tfevents.1788149260.VCM15.612366.0,train/loss_total,1220,0.14429454505443573,1788160772.5311701
events.out.tfevents.1788149260.VCM15.612366.0,train/loss_total,1230,0.042706284672021866,1788160868.2125232
events.out.tfevents.1788149260.VCM15.612366.0,train/loss_total,1240,0.03229784965515137,1788160964.5645287
events.out.tfevents.1788149260.VCM15.612366.0,train/loss_total,1250,0.009817177429795265,1788161060.304215
events.out.tfevents.1788149260.VCM15.612366.0,train/loss_total,1260,0.004353970289230347,1788161152.5129478
events.out.tfevents.1788149260.VCM15.612366.0,train/loss_total,1270,0.03047068789601326,1788161248.3677464
events.out.tfevents.1788149260.VCM15.612366.0,train/loss_total,1280,0.09304101020097733,1788161338.415722
events.out.tfevents.1788149260.VCM15.612366.0,train/loss_total,1290,0.011176430620253086,1788161439.2859674
events.out.tfevents.1788149260.VCM15.612366.0,train/loss_total,1300,0.10558932274580002,1788161525.2858353
events.out.tfevents.1788149260.VCM15.612366.0,train/loss_total,1310,0.011004161089658737,1788161631.8124583
events.out.tfevents.1788149260.VCM15.612366.0,train/loss_total,1320,0.09868369996547699,1788161729.7925394
events.out.tfevents.1788149260.VCM15.612366.0,train/loss_total,1330,0.004482060670852661,1788161816.9988577
events.out.tfevents.1788149260.VCM15.612366.0,train/loss_total,1340,0.008741369470953941,1788161901.5999131
events.out.tfevents.1788149260.VCM15.612366.0,train/loss_total,1350,0.029679324477910995,1788161995.3412497
events.out.tfevents.1788149260.VCM15.612366.0,train/loss_total,1360,0.043773435056209564,1788162100.3383942
events.out.tfevents.1788149260.VCM15.612366.0,train/loss_total,1370,0.03750920295715332,1788162185.9321172
events.out.tfevents.1788149260.VCM15.612366.0,train/loss_total,1380,0.026049071922898293,1788162278.2696176
events.out.tfevents.1788149260.VCM15.612366.0,train/loss_total,1390,0.011015241965651512,1788162368.7615693
events.out.tfevents.1788149260.VCM15.612366.0,train/loss_total,1400,0.01522214338183403,1788162454.5658875
events.out.tfevents.1788149260.VCM15.612366.0,train/loss_total,1410,0.11415277421474457,1788162570.9493563
events.out.tfevents.1788149260.VCM15.612366.0,train/loss_total,1420,0.0034275823272764683,1788162670.9664884
events.out.tfevents.1788149260.VCM15.612366.0,train/loss_total,1430,0.009707547724246979,1788162749.5834541
events.out.tfevents.1788149260.VCM15.612366.0,train/loss_total,1440,0.012508818879723549,1788162861.4174092
events.out.tfevents.1788149260.VCM15.612366.0,train/loss_total,1450,0.02505655027925968,1788162946.0765252
events.out.tfevents.1788149260.VCM15.612366.0,train/loss_total,1460,0.03721826896071434,1788163040.590659
events.out.tfevents.1788149260.VCM15.612366.0,train/loss_total,1470,0.06895558536052704,1788163142.9646833
events.out.tfevents.1788149260.VCM15.612366.0,train/loss_total,1480,0.2501053512096405,1788163230.4393945
events.out.tfevents.1788149260.VCM15.612366.0,train/loss_total,1490,0.06280495226383209,1788163333.2723238
events.out.tfevents.1788149260.VCM15.612366.0,train/loss_total,1500,0.160281702876091,1788163424.1486268
events.out.tfevents.1788149260.VCM15.612366.0,train/loss_total,1510,0.02175150066614151,1788163534.528332
events.out.tfevents.1788149260.VCM15.612366.0,train/loss_total,1520,0.03145182877779007,1788163640.3755133
events.out.tfevents.1788149260.VCM15.612366.0,train/loss_total,1530,0.005396855063736439,1788163720.7667887
events.out.tfevents.1788149260.VCM15.612366.0,train/loss_total,1540,0.009151436388492584,1788163795.6381385
events.out.tfevents.1788149260.VCM15.612366.0,train/loss_total,1550,0.03983743488788605,1788163879.2621317
events.out.tfevents.1788149260.VCM15.612366.0,train/loss_total,1560,0.11767399311065674,1788163980.6095831
events.out.tfevents.1788149260.VCM15.612366.0,train/loss_total,1570,0.026012776419520378,1788164085.5858033
events.out.tfevents.1788149260.VCM15.612366.0,train/loss_total,1580,0.021330416202545166,1788164169.4595442
events.out.tfevents.1788149260.VCM15.612366.0,train/loss_total,1590,0.18957549333572388,1788164279.9976308
events.out.tfevents.1788149260.VCM15.612366.0,train/loss_total,1600,0.004115470219403505,1788164386.8189218
events.out.tfevents.1788149260.VCM15.612366.0,train/loss_total,1610,0.005910460837185383,1788164466.1013818
events.out.tfevents.1788149260.VCM15.612366.0,train/loss_total,1620,0.05121207982301712,1788164551.8552856
events.out.tfevents.1788149260.VCM15.612366.0,train/loss_total,1630,0.15132591128349304,1788164654.049836
events.out.tfevents.1788149260.VCM15.612366.0,train/loss_total,1640,0.181391179561615,1788164742.779207
events.out.tfevents.1788149260.VCM15.612366.0,train/loss_total,1650,0.07515363395214081,1788164849.3311186
events.out.tfevents.1788149260.VCM15.612366.0,train/loss_total,1660,0.030631529167294502,1788164941.067051
events.out.tfevents.1788149260.VCM15.612366.0,train/loss_total,1670,0.005048667546361685,1788165018.4753637
events.out.tfevents.1788149260.VCM15.612366.0,train/loss_total,1680,0.016773996874690056,1788165099.3117409
events.out.tfevents.1788149260.VCM15.612366.0,train/loss_total,1690,0.11340703070163727,1788165192.4282823
events.out.tfevents.1788149260.VCM15.612366.0,train/loss_total,1700,0.14677810668945312,1788165285.2506049
events.out.tfevents.1788149260.VCM15.612366.0,train/loss_total,1710,0.03803712874650955,1788165382.2790353
events.out.tfevents.1788149260.VCM15.612366.0,train/loss_total,1720,0.06212707981467247,1788165484.1830523
events.out.tfevents.1788149260.VCM15.612366.0,train/lr,10,9.999999974752427e-07,1788149359.6572807
events.out.tfevents.1788149260.VCM15.612366.0,train/lr,20,1.9999999949504854e-06,1788149444.6249561
events.out.tfevents.1788149260.VCM15.612366.0,train/lr,30,3.000000106112566e-06,1788149546.719326
events.out.tfevents.1788149260.VCM15.612366.0,train/lr,40,3.999999989900971e-06,1788149643.3578148
events.out.tfevents.1788149260.VCM15.612366.0,train/lr,50,4.999999873689376e-06,1788149736.0085042
events.out.tfevents.1788149260.VCM15.612366.0,train/lr,60,6.000000212225132e-06,1788149822.588944
events.out.tfevents.1788149260.VCM15.612366.0,train/lr,70,7.000000096013537e-06,1788149930.1065524
events.out.tfevents.1788149260.VCM15.612366.0,train/lr,80,7.999999979801942e-06,1788150017.0773325
events.out.tfevents.1788149260.VCM15.612366.0,train/lr,90,9.000000318337698e-06,1788150107.8715901
events.out.tfevents.1788149260.VCM15.612366.0,train/lr,100,9.999999747378752e-06,1788150199.8105752
events.out.tfevents.1788149260.VCM15.612366.0,train/lr,110,9.999896974477451e-06,1788150301.2573822
events.out.tfevents.1788149260.VCM15.612366.0,train/lr,120,9.99958865577355e-06,1788150402.7803967
events.out.tfevents.1788149260.VCM15.612366.0,train/lr,130,9.999074791267049e-06,1788150482.7383184
events.out.tfevents.1788149260.VCM15.612366.0,train/lr,140,9.998356290452648e-06,1788150583.6525557
events.out.tfevents.1788149260.VCM15.612366.0,train/lr,150,9.997431334340945e-06,1788150680.0680969
events.out.tfevents.1788149260.VCM15.612366.0,train/lr,160,9.996300832426641e-06,1788150781.784486
events.out.tfevents.1788149260.VCM15.612366.0,train/lr,170,9.994965694204438e-06,1788150892.8238971
events.out.tfevents.1788149260.VCM15.612366.0,train/lr,180,9.993424100684933e-06,1788150975.100529
events.out.tfevents.1788149260.VCM15.612366.0,train/lr,190,9.99167787085753e-06,1788151052.9867382
events.out.tfevents.1788149260.VCM15.612366.0,train/lr,200,9.989727004722226e-06,1788151137.405115
events.out.tfevents.1788149260.VCM15.612366.0,train/lr,210,9.987570592784323e-06,1788151229.0747375
events.out.tfevents.1788149260.VCM15.612366.0,train/lr,220,9.985208635043819e-06,1788151323.4933617
events.out.tfevents.1788149260.VCM15.612366.0,train/lr,230,9.982642950490117e-06,1788151427.5931485
events.out.tfevents.1788149260.VCM15.612366.0,train/lr,240,9.979871720133815e-06,1788151527.0763142
events.out.tfevents.1788149260.VCM15.612366.0,train/lr,250,9.976895853469614e-06,1788151611.476061
events.out.tfevents.1788149260.VCM15.612366.0,train/lr,260,9.973715350497514e-06,1788151684.82595
events.out.tfevents.1788149260.VCM15.612366.0,train/lr,270,9.970330211217515e-06,1788151780.1592784
events.out.tfevents.1788149260.VCM15.612366.0,train/lr,280,9.96674134512432e-06,1788151878.7079623
events.out.tfevents.1788149260.VCM15.612366.0,train/lr,290,9.962947842723224e-06,1788151965.4587123
events.out.tfevents.1788149260.VCM15.612366.0,train/lr,300,9.95894970401423e-06,1788152044.5001714
events.out.tfevents.1788149260.VCM15.612366.0,train/lr,310,9.954748747986741e-06,1788152141.298096
events.out.tfevents.1788149260.VCM15.612366.0,train/lr,320,9.950344065146055e-06,1788152233.9185612
events.out.tfevents.1788149260.VCM15.612366.0,train/lr,330,9.945735655492172e-06,1788152340.9142187
events.out.tfevents.1788149260.VCM15.612366.0,train/lr,340,9.940923519025091e-06,1788152434.70115
events.out.tfevents.1788149260.VCM15.612366.0,train/lr,350,9.935908565239515e-06,1788152531.8705397
events.out.tfevents.1788149260.VCM15.612366.0,train/lr,360,9.930690794135444e-06,1788152617.2744868
events.out.tfevents.1788149260.VCM15.612366.0,train/lr,370,9.925271115207579e-06,1788152709.0040743
events.out.tfevents.1788149260.VCM15.612366.0,train/lr,380,9.919647709466517e-06,1788152807.9749188
events.out.tfevents.1788149260.VCM15.612366.0,train/lr,390,9.913823305396363e-06,1788152886.0951533
events.out.tfevents.1788149260.VCM15.612366.0,train/lr,400,9.907796084007714e-06,1788153004.0440502
events.out.tfevents.1788149260.VCM15.612366.0,train/lr,410,9.901566954795271e-06,1788153096.6880162
events.out.tfevents.1788149260.VCM15.612366.0,train/lr,420,9.895136827253737e-06,1788153200.2711442
events.out.tfevents.1788149260.VCM15.612366.0,train/lr,430,9.888504791888408e-06,1788153279.6552184
events.out.tfevents.1788149260.VCM15.612366.0,train/lr,440,9.88167266768869e-06,1788153358.7878537
events.out.tfevents.1788149260.VCM15.612366.0,train/lr,450,9.87463954515988e-06,1788153452.897471
events.out.tfevents.1788149260.VCM15.612366.0,train/lr,460,9.86740633379668e-06,1788153546.598259
events.out.tfevents.1788149260.VCM15.612366.0,train/lr,470,9.859972124104388e-06,1788153635.5204096
events.out.tfevents.1788149260.VCM15.612366.0,train/lr,480,9.852338735072408e-06,1788153721.5921054
events.out.tfevents.1788149260.VCM15.612366.0,train/lr,490,9.84450616670074e-06,1788153812.6329138
events.out.tfevents.1788149260.VCM15.612366.0,train/lr,500,9.836474418989383e-06,1788153910.6162753
events.out.tfevents.1788149260.VCM15.612366.0,train/lr,510,9.828243491938338e-06,1788154000.3623328
events.out.tfevents.1788149260.VCM15.612366.0,train/lr,520,9.819814295042306e-06,1788154091.8288953
events.out.tfevents.1788149260.VCM15.612366.0,train/lr,530,9.811186828301288e-06,1788154197.0301633
events.out.tfevents.1788149260.VCM15.612366.0,train/lr,540,9.802362001209985e-06,1788154293.877775
events.out.tfevents.1788149260.VCM15.612366.0,train/lr,550,9.793338904273696e-06,1788154391.9032164
events.out.tfevents.1788149260.VCM15.612366.0,train/lr,560,9.784119356481824e-06,1788154471.797323
events.out.tfevents.1788149260.VCM15.612366.0,train/lr,570,9.774703357834369e-06,1788154559.8217325
events.out.tfevents.1788149260.VCM15.612366.0,train/lr,580,9.765090908331331e-06,1788154652.915421
events.out.tfevents.1788149260.VCM15.612366.0,train/lr,590,9.755282917467412e-06,1788154759.8396573
events.out.tfevents.1788149260.VCM15.612366.0,train/lr,600,9.74527847574791e-06,1788154850.2234788
events.out.tfevents.1788149260.VCM15.612366.0,train/lr,610,9.735079402162228e-06,1788154936.1706834
events.out.tfevents.1788149260.VCM15.612366.0,train/lr,620,9.724686606205069e-06,1788155017.3808634
events.out.tfevents.1788149260.VCM15.612366.0,train/lr,630,9.714098268887028e-06,1788155103.9723585
events.out.tfevents.1788149260.VCM15.612366.0,train/lr,640,9.703317118692212e-06,1788155203.6990404
events.out.tfevents.1788149260.VCM15.612366.0,train/lr,650,9.692342246125918e-06,1788155284.952688
events.out.tfevents.1788149260.VCM15.612366.0,train/lr,660,9.681174560682848e-06,1788155406.129443
events.out.tfevents.1788149260.VCM15.612366.0,train/lr,670,9.669814062363002e-06,1788155500.005362
events.out.tfevents.1788149260.VCM15.612366.0,train/lr,680,9.658261660661083e-06,1788155596.4304342
events.out.tfevents.1788149260.VCM15.612366.0,train/lr,690,9.64651826507179e-06,1788155682.688416
events.out.tfevents.1788149260.VCM15.612366.0,train/lr,700,9.634583875595126e-06,1788155773.2752922
events.out.tfevents.1788149260.VCM15.612366.0,train/lr,710,9.62245849223109e-06,1788155870.8564582
events.out.tfevents.1788149260.VCM15.612366.0,train/lr,720,9.610143933969084e-06,1788155970.215659
events.out.tfevents.1788149260.VCM15.612366.0,train/lr,730,9.597639291314408e-06,1788156072.5785851
events.out.tfevents.1788149260.VCM15.612366.0,train/lr,740,9.584945473761763e-06,1788156155.2389102
events.out.tfevents.1788149260.VCM15.612366.0,train/lr,750,9.572063390805852e-06,1788156249.5564973
events.out.tfevents.1788149260.VCM15.612366.0,train/lr,760,9.558993042446673e-06,1788156351.0760286
events.out.tfevents.1788149260.VCM15.612366.0,train/lr,770,9.545735338178929e-06,1788156448.5694432
events.out.tfevents.1788149260.VCM15.612366.0,train/lr,780,9.532291187497322e-06,1788156535.9746227
events.out.tfevents.1788149260.VCM15.612366.0,train/lr,790,9.51866059040185e-06,1788156639.7468967
events.out.tfevents.1788149260.VCM15.612366.0,train/lr,800,9.504844456387218e-06,1788156748.4586654
events.out.tfevents.1788149260.VCM15.612366.0,train/lr,810,9.490842785453424e-06,1788156844.5318441
events.out.tfevents.1788149260.VCM15.612366.0,train/lr,820,9.47665648709517e-06,1788156948.2620199
events.out.tfevents.1788149260.VCM15.612366.0,train/lr,830,9.462286470807157e-06,1788157040.3848941
events.out.tfevents.1788149260.VCM15.612366.0,train/lr,840,9.447732736589387e-06,1788157134.4910648
events.out.tfevents.1788149260.VCM15.612366.0,train/lr,850,9.43299619393656e-06,1788157241.5558076
events.out.tfevents.1788149260.VCM15.612366.0,train/lr,860,9.418077752343379e-06,1788157332.5181732
events.out.tfevents.1788149260.VCM15.612366.0,train/lr,870,9.402977411809843e-06,1788157437.3432996
events.out.tfevents.1788149260.VCM15.612366.0,train/lr,880,9.387696081830654e-06,1788157517.9747293
events.out.tfevents.1788149260.VCM15.612366.0,train/lr,890,9.372234671900515e-06,1788157629.6285517
events.out.tfevents.1788149260.VCM15.612366.0,train/lr,900,9.356593182019424e-06,1788157725.4182863
events.out.tfevents.1788149260.VCM15.612366.0,train/lr,910,9.340773431176785e-06,1788157821.8977659
events.out.tfevents.1788149260.VCM15.612366.0,train/lr,920,9.324774509877898e-06,1788157920.7351894
events.out.tfevents.1788149260.VCM15.612366.0,train/lr,930,9.308597327617463e-06,1788158024.3822472
events.out.tfevents.1788149260.VCM15.612366.0,train/lr,940,9.292243703384884e-06,1788158122.6401384
events.out.tfevents.1788149260.VCM15.612366.0,train/lr,950,9.27571363718016e-06,1788158212.0793865
events.out.tfevents.1788149260.VCM15.612366.0,train/lr,960,9.259008038497996e-06,1788158306.6473706
events.out.tfevents.1788149260.VCM15.612366.0,train/lr,970,9.242126907338388e-06,1788158406.3142502
events.out.tfevents.1788149260.VCM15.612366.0,train/lr,980,9.22507115319604e-06,1788158511.4223924
events.out.tfevents.1788149260.VCM15.612366.0,train/lr,990,9.207842595060356e-06,1788158600.7584894
events.out.tfevents.1788149260.VCM15.612366.0,train/lr,1000,9.190440323436633e-06,1788158694.9803872
events.out.tfevents.1788149260.VCM15.612366.0,train/lr,1010,9.172866157314274e-06,1788158800.5616086
events.out.tfevents.1788149260.VCM15.612366.0,train/lr,1020,9.155120096693281e-06,1788158882.8940966
events.out.tfevents.1788149260.VCM15.612366.0,train/lr,1030,9.137203960563056e-06,1788158962.991503
events.out.tfevents.1788149260.VCM15.612366.0,train/lr,1040,9.119116839428898e-06,1788159050.8207235
events.out.tfevents.1788149260.VCM15.612366.0,train/lr,1050,9.100861461774912e-06,1788159165.2146058
events.out.tfevents.1788149260.VCM15.612366.0,train/lr,1060,9.082436918106396e-06,1788159264.2775338
events.out.tfevents.1788149260.VCM15.612366.0,train/lr,1070,9.063844117918052e-06,1788159349.5605652
events.out.tfevents.1788149260.VCM15.612366.0,train/lr,1080,9.045084880199283e-06,1788159432.0796754
events.out.tfevents.1788149260.VCM15.612366.0,train/lr,1090,9.02615920495009e-06,1788159534.4621875
events.out.tfevents.1788149260.VCM15.612366.0,train/lr,1100,9.007068001665175e-06,1788159626.429346
events.out.tfevents.1788149260.VCM15.612366.0,train/lr,1110,8.987812179839239e-06,1788159720.2190492
events.out.tfevents.1788149260.VCM15.612366.0,train/lr,1120,8.968392648966983e-06,1788159823.0016937
events.out.tfevents.1788149260.VCM15.612366.0,train/lr,1130,8.948809409048408e-06,1788159894.3242931
events.out.tfevents.1788149260.VCM15.612366.0,train/lr,1140,8.929064279072918e-06,1788159980.2229269
events.out.tfevents.1788149260.VCM15.612366.0,train/lr,1150,8.909157259040512e-06,1788160072.7634933
events.out.tfevents.1788149260.VCM15.612366.0,train/lr,1160,8.889090167940594e-06,1788160180.7489524
events.out.tfevents.1788149260.VCM15.612366.0,train/lr,1170,8.868863005773164e-06,1788160274.5544112
events.out.tfevents.1788149260.VCM15.612366.0,train/lr,1180,8.848476682032924e-06,1788160383.9064617
events.out.tfevents.1788149260.VCM15.612366.0,train/lr,1190,8.827932106214575e-06,1788160478.8603165
events.out.tfevents.1788149260.VCM15.612366.0,train/lr,1200,8.80723018781282e-06,1788160563.2505014
events.out.tfevents.1788149260.VCM15.612366.0,train/lr,1210,8.78637183632236e-06,1788160667.4330432
events.out.tfevents.1788149260.VCM15.612366.0,train/lr,1220,8.765357051743194e-06,1788160772.5351179
events.out.tfevents.1788149260.VCM15.612366.0,train/lr,1230,8.74418856255943e-06,1788160868.2148223
events.out.tfevents.1788149260.VCM15.612366.0,train/lr,1240,8.722865459276363e-06,1788160964.5665677
events.out.tfevents.1788149260.VCM15.612366.0,train/lr,1250,8.701389560883399e-06,1788161060.3063226
events.out.tfevents.1788149260.VCM15.612366.0,train/lr,1260,8.679761776875239e-06,1788161152.5147336
events.out.tfevents.1788149260.VCM15.612366.0,train/lr,1270,8.657983016746584e-06,1788161248.3695047
events.out.tfevents.1788149260.VCM15.612366.0,train/lr,1280,8.636053280497435e-06,1788161338.4174712
events.out.tfevents.1788149260.VCM15.612366.0,train/lr,1290,8.613974387117196e-06,1788161439.28867
events.out.tfevents.1788149260.VCM15.612366.0,train/lr,1300,8.591746336605866e-06,1788161525.2880564
events.out.tfevents.1788149260.VCM15.612366.0,train/lr,1310,8.56937185744755e-06,1788161631.8142006
events.out.tfevents.1788149260.VCM15.612366.0,train/lr,1320,8.546850040147547e-06,1788161729.7946746
events.out.tfevents.1788149260.VCM15.612366.0,train/lr,1330,8.524181794200558e-06,1788161817.00123
events.out.tfevents.1788149260.VCM15.612366.0,train/lr,1340,8.501368938595988e-06,1788161901.602778
events.out.tfevents.1788149260.VCM15.612366.0,train/lr,1350,8.478412382828537e-06,1788161995.3435411
events.out.tfevents.1788149260.VCM15.612366.0,train/lr,1360,8.455313036392909e-06,1788162100.3405008
events.out.tfevents.1788149260.VCM15.612366.0,train/lr,1370,8.432071808783803e-06,1788162185.9342287
events.out.tfevents.1788149260.VCM15.612366.0,train/lr,1380,8.408688700001221e-06,1788162278.271547
events.out.tfevents.1788149260.VCM15.612366.0,train/lr,1390,8.385166438529268e-06,1788162368.763362
events.out.tfevents.1788149260.VCM15.612366.0,train/lr,1400,8.361504114873242e-06,1788162454.5677302
events.out.tfevents.1788149260.VCM15.612366.0,train/lr,1410,8.337704457517248e-06,1788162570.9512622
events.out.tfevents.1788149260.VCM15.612366.0,train/lr,1420,8.313767466461286e-06,1788162670.9681773
events.out.tfevents.1788149260.VCM15.612366.0,train/lr,1430,8.289694051200058e-06,1788162749.5853996
events.out.tfevents.1788149260.VCM15.612366.0,train/lr,1440,8.265485121228267e-06,1788162861.4189885
events.out.tfevents.1788149260.VCM15.612366.0,train/lr,1450,8.241141586040612e-06,1788162946.0780866
events.out.tfevents.1788149260.VCM15.612366.0,train/lr,1460,8.216666174121201e-06,1788163040.5922697
events.out.tfevents.1788149260.VCM15.612366.0,train/lr,1470,8.192057066480629e-06,1788163142.9662216
events.out.tfevents.1788149260.VCM15.612366.0,train/lr,1480,8.167317901097704e-06,1788163230.4409924
events.out.tfevents.1788149260.VCM15.612366.0,train/lr,1490,8.142447768477723e-06,1788163333.2739131
events.out.tfevents.1788149260.VCM15.612366.0,train/lr,1500,8.117449397104792e-06,1788163424.150032
events.out.tfevents.1788149260.VCM15.612366.0,train/lr,1510,8.09232187748421e-06,1788163534.5297673
events.out.tfevents.1788149260.VCM15.612366.0,train/lr,1520,8.067067938100081e-06,1788163640.3771684
events.out.tfevents.1788149260.VCM15.612366.0,train/lr,1530,8.041687578952406e-06,1788163720.7688172
events.out.tfevents.1788149260.VCM15.612366.0,train/lr,1540,8.016181709535886e-06,1788163795.6401246
events.out.tfevents.1788149260.VCM15.612366.0,train/lr,1550,7.990553058334626e-06,1788163879.2641613
events.out.tfevents.1788149260.VCM15.612366.0,train/lr,1560,7.964800715853926e-06,1788163980.611798
events.out.tfevents.1788149260.VCM15.612366.0,train/lr,1570,7.938926501083188e-06,1788164085.5881188
events.out.tfevents.1788149260.VCM15.612366.0,train/lr,1580,7.912931323517114e-06,1788164169.4613671
events.out.tfevents.1788149260.VCM15.612366.0,train/lr,1590,7.886817002145108e-06,1788164279.999223
events.out.tfevents.1788149260.VCM15.612366.0,train/lr,1600,7.86058353696717e-06,1788164386.820959
events.out.tfevents.1788149260.VCM15.612366.0,train/lr,1610,7.834232746972702e-06,1788164466.1034532
events.out.tfevents.1788149260.VCM15.612366.0,train/lr,1620,7.807764632161707e-06,1788164551.8575404
events.out.tfevents.1788149260.VCM15.612366.0,train/lr,1630,7.781181921018288e-06,1788164654.0518832
events.out.tfevents.1788149260.VCM15.612366.0,train/lr,1640,7.754484613542445e-06,1788164742.7809925
events.out.tfevents.1788149260.VCM15.612366.0,train/lr,1650,7.727674528723583e-06,1788164849.3330023
events.out.tfevents.1788149260.VCM15.612366.0,train/lr,1660,7.7007516665617e-06,1788164941.0694063
events.out.tfevents.1788149260.VCM15.612366.0,train/lr,1670,7.673718755540904e-06,1788165018.4772334
events.out.tfevents.1788149260.VCM15.612366.0,train/lr,1680,7.64657488616649e-06,1788165099.3142388
events.out.tfevents.1788149260.VCM15.612366.0,train/lr,1690,7.619322786922567e-06,1788165192.430753
events.out.tfevents.1788149260.VCM15.612366.0,train/lr,1700,7.5919629125564825e-06,1788165285.2530057
events.out.tfevents.1788149260.VCM15.612366.0,train/lr,1710,7.56449617256294e-06,1788165382.2812364
events.out.tfevents.1788149260.VCM15.612366.0,train/lr,1720,7.536924385931343e-06,1788165484.1848483
events.out.tfevents.1788149260.VCM15.612366.0,train/memory_overlap_mean,10,4.0,1788149359.6578803
events.out.tfevents.1788149260.VCM15.612366.0,train/memory_overlap_mean,20,4.0,1788149444.625237
events.out.tfevents.1788149260.VCM15.612366.0,train/memory_overlap_mean,30,4.0,1788149546.719549
events.out.tfevents.1788149260.VCM15.612366.0,train/memory_overlap_mean,40,2.0,1788149643.3580956
events.out.tfevents.1788149260.VCM15.612366.0,train/memory_overlap_mean,50,4.0,1788149736.0087817
events.out.tfevents.1788149260.VCM15.612366.0,train/memory_overlap_mean,60,4.0,1788149822.5892334
events.out.tfevents.1788149260.VCM15.612366.0,train/memory_overlap_mean,70,4.0,1788149930.1068666
events.out.tfevents.1788149260.VCM15.612366.0,train/memory_overlap_mean,80,4.0,1788150017.0776258
events.out.tfevents.1788149260.VCM15.612366.0,train/memory_overlap_mean,90,4.0,1788150107.8718657
events.out.tfevents.1788149260.VCM15.612366.0,train/memory_overlap_mean,100,4.0,1788150199.810825
events.out.tfevents.1788149260.VCM15.612366.0,train/memory_overlap_mean,110,4.0,1788150301.2577078
events.out.tfevents.1788149260.VCM15.612366.0,train/memory_overlap_mean,120,4.0,1788150402.7807162
events.out.tfevents.1788149260.VCM15.612366.0,train/memory_overlap_mean,130,4.0,1788150482.7386248
events.out.tfevents.1788149260.VCM15.612366.0,train/memory_overlap_mean,140,4.0,1788150583.6528804
events.out.tfevents.1788149260.VCM15.612366.0,train/memory_overlap_mean,150,4.0,1788150680.0683768
events.out.tfevents.1788149260.VCM15.612366.0,train/memory_overlap_mean,160,4.0,1788150781.7847629
events.out.tfevents.1788149260.VCM15.612366.0,train/memory_overlap_mean,170,4.0,1788150892.8242393
events.out.tfevents.1788149260.VCM15.612366.0,train/memory_overlap_mean,180,4.0,1788150975.1009996
events.out.tfevents.1788149260.VCM15.612366.0,train/memory_overlap_mean,190,4.0,1788151052.9870288
events.out.tfevents.1788149260.VCM15.612366.0,train/memory_overlap_mean,200,4.0,1788151137.4055574
events.out.tfevents.1788149260.VCM15.612366.0,train/memory_overlap_mean,210,2.0,1788151229.0749052
events.out.tfevents.1788149260.VCM15.612366.0,train/memory_overlap_mean,220,4.0,1788151323.4936745
events.out.tfevents.1788149260.VCM15.612366.0,train/memory_overlap_mean,230,4.0,1788151427.5934203
events.out.tfevents.1788149260.VCM15.612366.0,train/memory_overlap_mean,240,4.0,1788151527.0766115
events.out.tfevents.1788149260.VCM15.612366.0,train/memory_overlap_mean,250,2.0,1788151611.4763563
events.out.tfevents.1788149260.VCM15.612366.0,train/memory_overlap_mean,260,4.0,1788151684.8262737
events.out.tfevents.1788149260.VCM15.612366.0,train/memory_overlap_mean,270,4.0,1788151780.159527
events.out.tfevents.1788149260.VCM15.612366.0,train/memory_overlap_mean,280,4.0,1788151878.7082894
events.out.tfevents.1788149260.VCM15.612366.0,train/memory_overlap_mean,290,4.0,1788151965.4589937
events.out.tfevents.1788149260.VCM15.612366.0,train/memory_overlap_mean,300,4.0,1788152044.5005805
events.out.tfevents.1788149260.VCM15.612366.0,train/memory_overlap_mean,310,4.0,1788152141.298451
events.out.tfevents.1788149260.VCM15.612366.0,train/memory_overlap_mean,320,4.0,1788152233.918887
events.out.tfevents.1788149260.VCM15.612366.0,train/memory_overlap_mean,330,4.0,1788152340.9145234
events.out.tfevents.1788149260.VCM15.612366.0,train/memory_overlap_mean,340,4.0,1788152434.7014384
events.out.tfevents.1788149260.VCM15.612366.0,train/memory_overlap_mean,350,4.0,1788152531.8708189
events.out.tfevents.1788149260.VCM15.612366.0,train/memory_overlap_mean,360,4.0,1788152617.2747822
events.out.tfevents.1788149260.VCM15.612366.0,train/memory_overlap_mean,370,4.0,1788152709.0043526
events.out.tfevents.1788149260.VCM15.612366.0,train/memory_overlap_mean,380,4.0,1788152807.9751961
events.out.tfevents.1788149260.VCM15.612366.0,train/memory_overlap_mean,390,4.0,1788152886.0954726
events.out.tfevents.1788149260.VCM15.612366.0,train/memory_overlap_mean,400,4.0,1788153004.044334
events.out.tfevents.1788149260.VCM15.612366.0,train/memory_overlap_mean,410,4.0,1788153096.6883476
events.out.tfevents.1788149260.VCM15.612366.0,train/memory_overlap_mean,420,4.0,1788153200.271458
events.out.tfevents.1788149260.VCM15.612366.0,train/memory_overlap_mean,430,4.0,1788153279.6555495
events.out.tfevents.1788149260.VCM15.612366.0,train/memory_overlap_mean,440,4.0,1788153358.788161
events.out.tfevents.1788149260.VCM15.612366.0,train/memory_overlap_mean,450,2.0,1788153452.8976545
events.out.tfevents.1788149260.VCM15.612366.0,train/memory_overlap_mean,460,0.0,1788153546.5986607
events.out.tfevents.1788149260.VCM15.612366.0,train/memory_overlap_mean,470,4.0,1788153635.5208156
events.out.tfevents.1788149260.VCM15.612366.0,train/memory_overlap_mean,480,4.0,1788153721.5924466
events.out.tfevents.1788149260.VCM15.612366.0,train/memory_overlap_mean,490,4.0,1788153812.6332989
events.out.tfevents.1788149260.VCM15.612366.0,train/memory_overlap_mean,500,4.0,1788153910.616563
events.out.tfevents.1788149260.VCM15.612366.0,train/memory_overlap_mean,510,4.0,1788154000.3626697
events.out.tfevents.1788149260.VCM15.612366.0,train/memory_overlap_mean,520,4.0,1788154091.8292944
events.out.tfevents.1788149260.VCM15.612366.0,train/memory_overlap_mean,530,4.0,1788154197.0303895
events.out.tfevents.1788149260.VCM15.612366.0,train/memory_overlap_mean,540,4.0,1788154293.8781312
events.out.tfevents.1788149260.VCM15.612366.0,train/memory_overlap_mean,550,4.0,1788154391.9035146
events.out.tfevents.1788149260.VCM15.612366.0,train/memory_overlap_mean,560,4.0,1788154471.797614
events.out.tfevents.1788149260.VCM15.612366.0,train/memory_overlap_mean,570,4.0,1788154559.8220098
events.out.tfevents.1788149260.VCM15.612366.0,train/memory_overlap_mean,580,4.0,1788154652.9157498
events.out.tfevents.1788149260.VCM15.612366.0,train/memory_overlap_mean,590,4.0,1788154759.8399568
events.out.tfevents.1788149260.VCM15.612366.0,train/memory_overlap_mean,600,4.0,1788154850.22388
events.out.tfevents.1788149260.VCM15.612366.0,train/memory_overlap_mean,610,4.0,1788154936.1708837
events.out.tfevents.1788149260.VCM15.612366.0,train/memory_overlap_mean,620,2.0,1788155017.3811748
events.out.tfevents.1788149260.VCM15.612366.0,train/memory_overlap_mean,630,4.0,1788155103.972636
events.out.tfevents.1788149260.VCM15.612366.0,train/memory_overlap_mean,640,4.0,1788155203.6993222
events.out.tfevents.1788149260.VCM15.612366.0,train/memory_overlap_mean,650,4.0,1788155284.953063
events.out.tfevents.1788149260.VCM15.612366.0,train/memory_overlap_mean,660,4.0,1788155406.12972
events.out.tfevents.1788149260.VCM15.612366.0,train/memory_overlap_mean,670,4.0,1788155500.0056412
events.out.tfevents.1788149260.VCM15.612366.0,train/memory_overlap_mean,680,4.0,1788155596.4307337
events.out.tfevents.1788149260.VCM15.612366.0,train/memory_overlap_mean,690,4.0,1788155682.6886961
events.out.tfevents.1788149260.VCM15.612366.0,train/memory_overlap_mean,700,4.0,1788155773.2756412
events.out.tfevents.1788149260.VCM15.612366.0,train/memory_overlap_mean,710,4.0,1788155870.85675
events.out.tfevents.1788149260.VCM15.612366.0,train/memory_overlap_mean,720,4.0,1788155970.2158496
events.out.tfevents.1788149260.VCM15.612366.0,train/memory_overlap_mean,730,4.0,1788156072.578884
events.out.tfevents.1788149260.VCM15.612366.0,train/memory_overlap_mean,740,4.0,1788156155.2391813
events.out.tfevents.1788149260.VCM15.612366.0,train/memory_overlap_mean,750,4.0,1788156249.556534
events.out.tfevents.1788149260.VCM15.612366.0,train/memory_overlap_mean,760,4.0,1788156351.0763848
events.out.tfevents.1788149260.VCM15.612366.0,train/memory_overlap_mean,770,4.0,1788156448.5698228
events.out.tfevents.1788149260.VCM15.612366.0,train/memory_overlap_mean,780,4.0,1788156535.974908
events.out.tfevents.1788149260.VCM15.612366.0,train/memory_overlap_mean,790,4.0,1788156639.7472255
events.out.tfevents.1788149260.VCM15.612366.0,train/memory_overlap_mean,800,4.0,1788156748.4589436
events.out.tfevents.1788149260.VCM15.612366.0,train/memory_overlap_mean,810,4.0,1788156844.5322697
events.out.tfevents.1788149260.VCM15.612366.0,train/memory_overlap_mean,820,2.0,1788156948.2624776
events.out.tfevents.1788149260.VCM15.612366.0,train/memory_overlap_mean,830,2.0,1788157040.385225
events.out.tfevents.1788149260.VCM15.612366.0,train/memory_overlap_mean,840,4.0,1788157134.491404
events.out.tfevents.1788149260.VCM15.612366.0,train/memory_overlap_mean,850,4.0,1788157241.5561366
events.out.tfevents.1788149260.VCM15.612366.0,train/memory_overlap_mean,860,4.0,1788157332.5185106
events.out.tfevents.1788149260.VCM15.612366.0,train/memory_overlap_mean,870,4.0,1788157437.3436356
events.out.tfevents.1788149260.VCM15.612366.0,train/memory_overlap_mean,880,4.0,1788157517.975015
events.out.tfevents.1788149260.VCM15.612366.0,train/memory_overlap_mean,890,4.0,1788157629.628893
events.out.tfevents.1788149260.VCM15.612366.0,train/memory_overlap_mean,900,4.0,1788157725.4186256
events.out.tfevents.1788149260.VCM15.612366.0,train/memory_overlap_mean,910,4.0,1788157821.8981097
events.out.tfevents.1788149260.VCM15.612366.0,train/memory_overlap_mean,920,4.0,1788157920.7353895
events.out.tfevents.1788149260.VCM15.612366.0,train/memory_overlap_mean,930,4.0,1788158024.3825576
events.out.tfevents.1788149260.VCM15.612366.0,train/memory_overlap_mean,940,4.0,1788158122.640459
events.out.tfevents.1788149260.VCM15.612366.0,train/memory_overlap_mean,950,2.0,1788158212.0796967
events.out.tfevents.1788149260.VCM15.612366.0,train/memory_overlap_mean,960,4.0,1788158306.647784
events.out.tfevents.1788149260.VCM15.612366.0,train/memory_overlap_mean,970,4.0,1788158406.3145661
events.out.tfevents.1788149260.VCM15.612366.0,train/memory_overlap_mean,980,4.0,1788158511.422658
events.out.tfevents.1788149260.VCM15.612366.0,train/memory_overlap_mean,990,4.0,1788158600.7587886
events.out.tfevents.1788149260.VCM15.612366.0,train/memory_overlap_mean,1000,4.0,1788158694.9807482
events.out.tfevents.1788149260.VCM15.612366.0,train/memory_overlap_mean,1010,4.0,1788158800.5619397
events.out.tfevents.1788149260.VCM15.612366.0,train/memory_overlap_mean,1020,4.0,1788158882.8944232
events.out.tfevents.1788149260.VCM15.612366.0,train/memory_overlap_mean,1030,4.0,1788158962.9918334
events.out.tfevents.1788149260.VCM15.612366.0,train/memory_overlap_mean,1040,4.0,1788159050.8210578
events.out.tfevents.1788149260.VCM15.612366.0,train/memory_overlap_mean,1050,4.0,1788159165.214935
events.out.tfevents.1788149260.VCM15.612366.0,train/memory_overlap_mean,1060,4.0,1788159264.277865
events.out.tfevents.1788149260.VCM15.612366.0,train/memory_overlap_mean,1070,4.0,1788159349.5607996
events.out.tfevents.1788149260.VCM15.612366.0,train/memory_overlap_mean,1080,2.0,1788159432.0800476
events.out.tfevents.1788149260.VCM15.612366.0,train/memory_overlap_mean,1090,4.0,1788159534.4624734
events.out.tfevents.1788149260.VCM15.612366.0,train/memory_overlap_mean,1100,4.0,1788159626.4296796
events.out.tfevents.1788149260.VCM15.612366.0,train/memory_overlap_mean,1110,2.0,1788159720.2193363
events.out.tfevents.1788149260.VCM15.612366.0,train/memory_overlap_mean,1120,4.0,1788159823.0019763
events.out.tfevents.1788149260.VCM15.612366.0,train/memory_overlap_mean,1130,4.0,1788159894.3244603
events.out.tfevents.1788149260.VCM15.612366.0,train/memory_overlap_mean,1140,4.0,1788159980.223222
events.out.tfevents.1788149260.VCM15.612366.0,train/memory_overlap_mean,1150,4.0,1788160072.7637987
events.out.tfevents.1788149260.VCM15.612366.0,train/memory_overlap_mean,1160,4.0,1788160180.7491977
events.out.tfevents.1788149260.VCM15.612366.0,train/memory_overlap_mean,1170,4.0,1788160274.554695
events.out.tfevents.1788149260.VCM15.612366.0,train/memory_overlap_mean,1180,4.0,1788160383.9066777
events.out.tfevents.1788149260.VCM15.612366.0,train/memory_overlap_mean,1190,4.0,1788160478.8605375
events.out.tfevents.1788149260.VCM15.612366.0,train/memory_overlap_mean,1200,4.0,1788160563.2508
events.out.tfevents.1788149260.VCM15.612366.0,train/memory_overlap_mean,1210,4.0,1788160667.4335191
events.out.tfevents.1788149260.VCM15.612366.0,train/memory_overlap_mean,1220,4.0,1788160772.5357585
events.out.tfevents.1788149260.VCM15.612366.0,train/memory_overlap_mean,1230,4.0,1788160868.2151494
events.out.tfevents.1788149260.VCM15.612366.0,train/memory_overlap_mean,1240,4.0,1788160964.5668387
events.out.tfevents.1788149260.VCM15.612366.0,train/memory_overlap_mean,1250,2.0,1788161060.306606
events.out.tfevents.1788149260.VCM15.612366.0,train/memory_overlap_mean,1260,4.0,1788161152.5149772
events.out.tfevents.1788149260.VCM15.612366.0,train/memory_overlap_mean,1270,2.0,1788161248.369723
events.out.tfevents.1788149260.VCM15.612366.0,train/memory_overlap_mean,1280,4.0,1788161338.4176552
events.out.tfevents.1788149260.VCM15.612366.0,train/memory_overlap_mean,1290,4.0,1788161439.2891536
events.out.tfevents.1788149260.VCM15.612366.0,train/memory_overlap_mean,1300,4.0,1788161525.288475
events.out.tfevents.1788149260.VCM15.612366.0,train/memory_overlap_mean,1310,4.0,1788161631.8144474
events.out.tfevents.1788149260.VCM15.612366.0,train/memory_overlap_mean,1320,4.0,1788161729.7949524
events.out.tfevents.1788149260.VCM15.612366.0,train/memory_overlap_mean,1330,4.0,1788161817.0015566
events.out.tfevents.1788149260.VCM15.612366.0,train/memory_overlap_mean,1340,4.0,1788161901.603188
events.out.tfevents.1788149260.VCM15.612366.0,train/memory_overlap_mean,1350,4.0,1788161995.3438725
events.out.tfevents.1788149260.VCM15.612366.0,train/memory_overlap_mean,1360,4.0,1788162100.3407838
events.out.tfevents.1788149260.VCM15.612366.0,train/memory_overlap_mean,1370,2.0,1788162185.934504
events.out.tfevents.1788149260.VCM15.612366.0,train/memory_overlap_mean,1380,4.0,1788162278.271833
events.out.tfevents.1788149260.VCM15.612366.0,train/memory_overlap_mean,1390,4.0,1788162368.76362
events.out.tfevents.1788149260.VCM15.612366.0,train/memory_overlap_mean,1400,4.0,1788162454.5680156
events.out.tfevents.1788149260.VCM15.612366.0,train/memory_overlap_mean,1410,4.0,1788162570.9515498
events.out.tfevents.1788149260.VCM15.612366.0,train/memory_overlap_mean,1420,4.0,1788162670.9683883
events.out.tfevents.1788149260.VCM15.612366.0,train/memory_overlap_mean,1430,4.0,1788162749.5856502
events.out.tfevents.1788149260.VCM15.612366.0,train/memory_overlap_mean,1440,4.0,1788162861.419169
events.out.tfevents.1788149260.VCM15.612366.0,train/memory_overlap_mean,1450,4.0,1788162946.0782723
events.out.tfevents.1788149260.VCM15.612366.0,train/memory_overlap_mean,1460,4.0,1788163040.59248
events.out.tfevents.1788149260.VCM15.612366.0,train/memory_overlap_mean,1470,4.0,1788163142.966433
events.out.tfevents.1788149260.VCM15.612366.0,train/memory_overlap_mean,1480,4.0,1788163230.4412067
events.out.tfevents.1788149260.VCM15.612366.0,train/memory_overlap_mean,1490,2.0,1788163333.2741048
events.out.tfevents.1788149260.VCM15.612366.0,train/memory_overlap_mean,1500,4.0,1788163424.15021
events.out.tfevents.1788149260.VCM15.612366.0,train/memory_overlap_mean,1510,4.0,1788163534.5299702
events.out.tfevents.1788149260.VCM15.612366.0,train/memory_overlap_mean,1520,4.0,1788163640.377396
events.out.tfevents.1788149260.VCM15.612366.0,train/memory_overlap_mean,1530,4.0,1788163720.7691367
events.out.tfevents.1788149260.VCM15.612366.0,train/memory_overlap_mean,1540,2.0,1788163795.640421
events.out.tfevents.1788149260.VCM15.612366.0,train/memory_overlap_mean,1550,2.0,1788163879.2644746
events.out.tfevents.1788149260.VCM15.612366.0,train/memory_overlap_mean,1560,4.0,1788163980.6121018
events.out.tfevents.1788149260.VCM15.612366.0,train/memory_overlap_mean,1570,4.0,1788164085.5884516
events.out.tfevents.1788149260.VCM15.612366.0,train/memory_overlap_mean,1580,4.0,1788164169.4616058
events.out.tfevents.1788149260.VCM15.612366.0,train/memory_overlap_mean,1590,4.0,1788164279.999432
events.out.tfevents.1788149260.VCM15.612366.0,train/memory_overlap_mean,1600,4.0,1788164386.8212774
events.out.tfevents.1788149260.VCM15.612366.0,train/memory_overlap_mean,1610,4.0,1788164466.1037834
events.out.tfevents.1788149260.VCM15.612366.0,train/memory_overlap_mean,1620,4.0,1788164551.857822
events.out.tfevents.1788149260.VCM15.612366.0,train/memory_overlap_mean,1630,4.0,1788164654.0521674
events.out.tfevents.1788149260.VCM15.612366.0,train/memory_overlap_mean,1640,2.0,1788164742.7812777
events.out.tfevents.1788149260.VCM15.612366.0,train/memory_overlap_mean,1650,4.0,1788164849.333306
events.out.tfevents.1788149260.VCM15.612366.0,train/memory_overlap_mean,1660,4.0,1788164941.0696604
events.out.tfevents.1788149260.VCM15.612366.0,train/memory_overlap_mean,1670,4.0,1788165018.477536
events.out.tfevents.1788149260.VCM15.612366.0,train/memory_overlap_mean,1680,4.0,1788165099.3145738
events.out.tfevents.1788149260.VCM15.612366.0,train/memory_overlap_mean,1690,4.0,1788165192.4310553
events.out.tfevents.1788149260.VCM15.612366.0,train/memory_overlap_mean,1700,4.0,1788165285.2533276
events.out.tfevents.1788149260.VCM15.612366.0,train/memory_overlap_mean,1710,4.0,1788165382.281584
events.out.tfevents.1788149260.VCM15.612366.0,train/memory_overlap_mean,1720,4.0,1788165484.1851602
events.out.tfevents.1788149260.VCM15.612366.0,train/memory_overlap_ratio,10,1.0,1788149359.6580951
events.out.tfevents.1788149260.VCM15.612366.0,train/memory_overlap_ratio,20,1.0,1788149444.625377
events.out.tfevents.1788149260.VCM15.612366.0,train/memory_overlap_ratio,30,1.0,1788149546.7196577
events.out.tfevents.1788149260.VCM15.612366.0,train/memory_overlap_ratio,40,0.5,1788149643.3582382
events.out.tfevents.1788149260.VCM15.612366.0,train/memory_overlap_ratio,50,1.0,1788149736.008922
events.out.tfevents.1788149260.VCM15.612366.0,train/memory_overlap_ratio,60,1.0,1788149822.5893764
events.out.tfevents.1788149260.VCM15.612366.0,train/memory_overlap_ratio,70,1.0,1788149930.107025
events.out.tfevents.1788149260.VCM15.612366.0,train/memory_overlap_ratio,80,1.0,1788150017.077776
events.out.tfevents.1788149260.VCM15.612366.0,train/memory_overlap_ratio,90,1.0,1788150107.8720052
events.out.tfevents.1788149260.VCM15.612366.0,train/memory_overlap_ratio,100,1.0,1788150199.8109498
events.out.tfevents.1788149260.VCM15.612366.0,train/memory_overlap_ratio,110,1.0,1788150301.2578712
events.out.tfevents.1788149260.VCM15.612366.0,train/memory_overlap_ratio,120,1.0,1788150402.780878
events.out.tfevents.1788149260.VCM15.612366.0,train/memory_overlap_ratio,130,1.0,1788150482.7387793
events.out.tfevents.1788149260.VCM15.612366.0,train/memory_overlap_ratio,140,1.0,1788150583.6530714
events.out.tfevents.1788149260.VCM15.612366.0,train/memory_overlap_ratio,150,1.0,1788150680.0685172
events.out.tfevents.1788149260.VCM15.612366.0,train/memory_overlap_ratio,160,1.0,1788150781.7849026
events.out.tfevents.1788149260.VCM15.612366.0,train/memory_overlap_ratio,170,1.0,1788150892.824402
events.out.tfevents.1788149260.VCM15.612366.0,train/memory_overlap_ratio,180,1.0,1788150975.101155
events.out.tfevents.1788149260.VCM15.612366.0,train/memory_overlap_ratio,190,1.0,1788151052.9871752
events.out.tfevents.1788149260.VCM15.612366.0,train/memory_overlap_ratio,200,1.0,1788151137.405779
events.out.tfevents.1788149260.VCM15.612366.0,train/memory_overlap_ratio,210,0.5,1788151229.0750232
events.out.tfevents.1788149260.VCM15.612366.0,train/memory_overlap_ratio,220,1.0,1788151323.493832
events.out.tfevents.1788149260.VCM15.612366.0,train/memory_overlap_ratio,230,1.0,1788151427.593558
events.out.tfevents.1788149260.VCM15.612366.0,train/memory_overlap_ratio,240,1.0,1788151527.0767493
events.out.tfevents.1788149260.VCM15.612366.0,train/memory_overlap_ratio,250,0.5,1788151611.4764967
events.out.tfevents.1788149260.VCM15.612366.0,train/memory_overlap_ratio,260,1.0,1788151684.8264217
events.out.tfevents.1788149260.VCM15.612366.0,train/memory_overlap_ratio,270,1.0,1788151780.15967
events.out.tfevents.1788149260.VCM15.612366.0,train/memory_overlap_ratio,280,1.0,1788151878.70845
events.out.tfevents.1788149260.VCM15.612366.0,train/memory_overlap_ratio,290,1.0,1788151965.4591334
events.out.tfevents.1788149260.VCM15.612366.0,train/memory_overlap_ratio,300,1.0,1788152044.5007598
events.out.tfevents.1788149260.VCM15.612366.0,train/memory_overlap_ratio,310,1.0,1788152141.2986307
events.out.tfevents.1788149260.VCM15.612366.0,train/memory_overlap_ratio,320,1.0,1788152233.9190514
events.out.tfevents.1788149260.VCM15.612366.0,train/memory_overlap_ratio,330,1.0,1788152340.9146922
events.out.tfevents.1788149260.VCM15.612366.0,train/memory_overlap_ratio,340,1.0,1788152434.7015836
events.out.tfevents.1788149260.VCM15.612366.0,train/memory_overlap_ratio,350,1.0,1788152531.8709583
events.out.tfevents.1788149260.VCM15.612366.0,train/memory_overlap_ratio,360,1.0,1788152617.2749302
events.out.tfevents.1788149260.VCM15.612366.0,train/memory_overlap_ratio,370,1.0,1788152709.0044935
events.out.tfevents.1788149260.VCM15.612366.0,train/memory_overlap_ratio,380,1.0,1788152807.975336
events.out.tfevents.1788149260.VCM15.612366.0,train/memory_overlap_ratio,390,1.0,1788152886.0956335
events.out.tfevents.1788149260.VCM15.612366.0,train/memory_overlap_ratio,400,1.0,1788153004.0444784
events.out.tfevents.1788149260.VCM15.612366.0,train/memory_overlap_ratio,410,1.0,1788153096.6885152
events.out.tfevents.1788149260.VCM15.612366.0,train/memory_overlap_ratio,420,1.0,1788153200.271615
events.out.tfevents.1788149260.VCM15.612366.0,train/memory_overlap_ratio,430,1.0,1788153279.6557276
events.out.tfevents.1788149260.VCM15.612366.0,train/memory_overlap_ratio,440,1.0,1788153358.7883167
events.out.tfevents.1788149260.VCM15.612366.0,train/memory_overlap_ratio,450,0.5,1788153452.8977456
events.out.tfevents.1788149260.VCM15.612366.0,train/memory_overlap_ratio,460,0.0,1788153546.598872
events.out.tfevents.1788149260.VCM15.612366.0,train/memory_overlap_ratio,470,1.0,1788153635.5210443
events.out.tfevents.1788149260.VCM15.612366.0,train/memory_overlap_ratio,480,1.0,1788153721.592617
events.out.tfevents.1788149260.VCM15.612366.0,train/memory_overlap_ratio,490,1.0,1788153812.6334813
events.out.tfevents.1788149260.VCM15.612366.0,train/memory_overlap_ratio,500,1.0,1788153910.6167076
events.out.tfevents.1788149260.VCM15.612366.0,train/memory_overlap_ratio,510,1.0,1788154000.362841
events.out.tfevents.1788149260.VCM15.612366.0,train/memory_overlap_ratio,520,1.0,1788154091.829478
events.out.tfevents.1788149260.VCM15.612366.0,train/memory_overlap_ratio,530,1.0,1788154197.0305042
events.out.tfevents.1788149260.VCM15.612366.0,train/memory_overlap_ratio,540,1.0,1788154293.878298
events.out.tfevents.1788149260.VCM15.612366.0,train/memory_overlap_ratio,550,1.0,1788154391.903664
events.out.tfevents.1788149260.VCM15.612366.0,train/memory_overlap_ratio,560,1.0,1788154471.7977798
events.out.tfevents.1788149260.VCM15.612366.0,train/memory_overlap_ratio,570,1.0,1788154559.8221505
events.out.tfevents.1788149260.VCM15.612366.0,train/memory_overlap_ratio,580,1.0,1788154652.9159002
events.out.tfevents.1788149260.VCM15.612366.0,train/memory_overlap_ratio,590,1.0,1788154759.8401074
events.out.tfevents.1788149260.VCM15.612366.0,train/memory_overlap_ratio,600,1.0,1788154850.2240798
events.out.tfevents.1788149260.VCM15.612366.0,train/memory_overlap_ratio,610,1.0,1788154936.1709843
events.out.tfevents.1788149260.VCM15.612366.0,train/memory_overlap_ratio,620,0.5,1788155017.3813105
events.out.tfevents.1788149260.VCM15.612366.0,train/memory_overlap_ratio,630,1.0,1788155103.9727783
events.out.tfevents.1788149260.VCM15.612366.0,train/memory_overlap_ratio,640,1.0,1788155203.6994638
events.out.tfevents.1788149260.VCM15.612366.0,train/memory_overlap_ratio,650,1.0,1788155284.9532204
events.out.tfevents.1788149260.VCM15.612366.0,train/memory_overlap_ratio,660,1.0,1788155406.1298602
events.out.tfevents.1788149260.VCM15.612366.0,train/memory_overlap_ratio,670,1.0,1788155500.0057821
events.out.tfevents.1788149260.VCM15.612366.0,train/memory_overlap_ratio,680,1.0,1788155596.4309237
events.out.tfevents.1788149260.VCM15.612366.0,train/memory_overlap_ratio,690,1.0,1788155682.6888363
events.out.tfevents.1788149260.VCM15.612366.0,train/memory_overlap_ratio,700,1.0,1788155773.2757862
events.out.tfevents.1788149260.VCM15.612366.0,train/memory_overlap_ratio,710,1.0,1788155870.8568983
events.out.tfevents.1788149260.VCM15.612366.0,train/memory_overlap_ratio,720,1.0,1788155970.215945
events.out.tfevents.1788149260.VCM15.612366.0,train/memory_overlap_ratio,730,1.0,1788156072.5790343
events.out.tfevents.1788149260.VCM15.612366.0,train/memory_overlap_ratio,740,1.0,1788156155.2393186
events.out.tfevents.1788149260.VCM15.612366.0,train/memory_overlap_ratio,750,1.0,1788156249.5570083
events.out.tfevents.1788149260.VCM15.612366.0,train/memory_overlap_ratio,760,1.0,1788156351.0765476
events.out.tfevents.1788149260.VCM15.612366.0,train/memory_overlap_ratio,770,1.0,1788156448.5700111
events.out.tfevents.1788149260.VCM15.612366.0,train/memory_overlap_ratio,780,1.0,1788156535.9750535
events.out.tfevents.1788149260.VCM15.612366.0,train/memory_overlap_ratio,790,1.0,1788156639.7473924
events.out.tfevents.1788149260.VCM15.612366.0,train/memory_overlap_ratio,800,1.0,1788156748.459084
events.out.tfevents.1788149260.VCM15.612366.0,train/memory_overlap_ratio,810,1.0,1788156844.5325036
events.out.tfevents.1788149260.VCM15.612366.0,train/memory_overlap_ratio,820,0.5,1788156948.262708
events.out.tfevents.1788149260.VCM15.612366.0,train/memory_overlap_ratio,830,0.5,1788157040.3853767
events.out.tfevents.1788149260.VCM15.612366.0,train/memory_overlap_ratio,840,1.0,1788157134.491592
events.out.tfevents.1788149260.VCM15.612366.0,train/memory_overlap_ratio,850,1.0,1788157241.5562985
events.out.tfevents.1788149260.VCM15.612366.0,train/memory_overlap_ratio,860,1.0,1788157332.5186806
events.out.tfevents.1788149260.VCM15.612366.0,train/memory_overlap_ratio,870,1.0,1788157437.3438034
events.out.tfevents.1788149260.VCM15.612366.0,train/memory_overlap_ratio,880,1.0,1788157517.9751844
events.out.tfevents.1788149260.VCM15.612366.0,train/memory_overlap_ratio,890,1.0,1788157629.6290934
events.out.tfevents.1788149260.VCM15.612366.0,train/memory_overlap_ratio,900,1.0,1788157725.4187958
events.out.tfevents.1788149260.VCM15.612366.0,train/memory_overlap_ratio,910,1.0,1788157821.898281
events.out.tfevents.1788149260.VCM15.612366.0,train/memory_overlap_ratio,920,1.0,1788157920.7354925
events.out.tfevents.1788149260.VCM15.612366.0,train/memory_overlap_ratio,930,1.0,1788158024.3827145
events.out.tfevents.1788149260.VCM15.612366.0,train/memory_overlap_ratio,940,1.0,1788158122.6406243
events.out.tfevents.1788149260.VCM15.612366.0,train/memory_overlap_ratio,950,0.5,1788158212.0798533
events.out.tfevents.1788149260.VCM15.612366.0,train/memory_overlap_ratio,960,1.0,1788158306.6479936
events.out.tfevents.1788149260.VCM15.612366.0,train/memory_overlap_ratio,970,1.0,1788158406.3147237
events.out.tfevents.1788149260.VCM15.612366.0,train/memory_overlap_ratio,980,1.0,1788158511.4227948
events.out.tfevents.1788149260.VCM15.612366.0,train/memory_overlap_ratio,990,1.0,1788158600.7589319
events.out.tfevents.1788149260.VCM15.612366.0,train/memory_overlap_ratio,1000,1.0,1788158694.9809413
events.out.tfevents.1788149260.VCM15.612366.0,train/memory_overlap_ratio,1010,1.0,1788158800.562105
events.out.tfevents.1788149260.VCM15.612366.0,train/memory_overlap_ratio,1020,1.0,1788158882.8945887
events.out.tfevents.1788149260.VCM15.612366.0,train/memory_overlap_ratio,1030,1.0,1788158962.9919982
events.out.tfevents.1788149260.VCM15.612366.0,train/memory_overlap_ratio,1040,1.0,1788159050.8212223
events.out.tfevents.1788149260.VCM15.612366.0,train/memory_overlap_ratio,1050,1.0,1788159165.2150986
events.out.tfevents.1788149260.VCM15.612366.0,train/memory_overlap_ratio,1060,1.0,1788159264.2780323
events.out.tfevents.1788149260.VCM15.612366.0,train/memory_overlap_ratio,1070,1.0,1788159349.5609047
events.out.tfevents.1788149260.VCM15.612366.0,train/memory_overlap_ratio,1080,0.5,1788159432.080199
events.out.tfevents.1788149260.VCM15.612366.0,train/memory_overlap_ratio,1090,1.0,1788159534.4626153
events.out.tfevents.1788149260.VCM15.612366.0,train/memory_overlap_ratio,1100,1.0,1788159626.4298458
events.out.tfevents.1788149260.VCM15.612366.0,train/memory_overlap_ratio,1110,0.5,1788159720.2194834
events.out.tfevents.1788149260.VCM15.612366.0,train/memory_overlap_ratio,1120,1.0,1788159823.0021212
events.out.tfevents.1788149260.VCM15.612366.0,train/memory_overlap_ratio,1130,1.0,1788159894.3245466
events.out.tfevents.1788149260.VCM15.612366.0,train/memory_overlap_ratio,1140,1.0,1788159980.223502
events.out.tfevents.1788149260.VCM15.612366.0,train/memory_overlap_ratio,1150,1.0,1788160072.7639513
events.out.tfevents.1788149260.VCM15.612366.0,train/memory_overlap_ratio,1160,1.0,1788160180.7493203
events.out.tfevents.1788149260.VCM15.612366.0,train/memory_overlap_ratio,1170,1.0,1788160274.5548346
events.out.tfevents.1788149260.VCM15.612366.0,train/memory_overlap_ratio,1180,1.0,1788160383.9067814
events.out.tfevents.1788149260.VCM15.612366.0,train/memory_overlap_ratio,1190,1.0,1788160478.8606796
events.out.tfevents.1788149260.VCM15.612366.0,train/memory_overlap_ratio,1200,1.0,1788160563.25095
events.out.tfevents.1788149260.VCM15.612366.0,train/memory_overlap_ratio,1210,1.0,1788160667.4337325
events.out.tfevents.1788149260.VCM15.612366.0,train/memory_overlap_ratio,1220,1.0,1788160772.5360405
events.out.tfevents.1788149260.VCM15.612366.0,train/memory_overlap_ratio,1230,1.0,1788160868.215315
events.out.tfevents.1788149260.VCM15.612366.0,train/memory_overlap_ratio,1240,1.0,1788160964.566972
events.out.tfevents.1788149260.VCM15.612366.0,train/memory_overlap_ratio,1250,0.5,1788161060.3067508
events.out.tfevents.1788149260.VCM15.612366.0,train/memory_overlap_ratio,1260,1.0,1788161152.5150938
events.out.tfevents.1788149260.VCM15.612366.0,train/memory_overlap_ratio,1270,0.5,1788161248.3698268
events.out.tfevents.1788149260.VCM15.612366.0,train/memory_overlap_ratio,1280,1.0,1788161338.4177465
events.out.tfevents.1788149260.VCM15.612366.0,train/memory_overlap_ratio,1290,1.0,1788161439.2893913
events.out.tfevents.1788149260.VCM15.612366.0,train/memory_overlap_ratio,1300,1.0,1788161525.288606
events.out.tfevents.1788149260.VCM15.612366.0,train/memory_overlap_ratio,1310,1.0,1788161631.8145742
events.out.tfevents.1788149260.VCM15.612366.0,train/memory_overlap_ratio,1320,1.0,1788161729.795093
events.out.tfevents.1788149260.VCM15.612366.0,train/memory_overlap_ratio,1330,1.0,1788161817.0017219
events.out.tfevents.1788149260.VCM15.612366.0,train/memory_overlap_ratio,1340,1.0,1788161901.603422
events.out.tfevents.1788149260.VCM15.612366.0,train/memory_overlap_ratio,1350,1.0,1788161995.3440533
events.out.tfevents.1788149260.VCM15.612366.0,train/memory_overlap_ratio,1360,1.0,1788162100.3409288
events.out.tfevents.1788149260.VCM15.612366.0,train/memory_overlap_ratio,1370,0.5,1788162185.9346435
events.out.tfevents.1788149260.VCM15.612366.0,train/memory_overlap_ratio,1380,1.0,1788162278.2719643
events.out.tfevents.1788149260.VCM15.612366.0,train/memory_overlap_ratio,1390,1.0,1788162368.7637515
events.out.tfevents.1788149260.VCM15.612366.0,train/memory_overlap_ratio,1400,1.0,1788162454.56816
events.out.tfevents.1788149260.VCM15.612366.0,train/memory_overlap_ratio,1410,1.0,1788162570.9516945
events.out.tfevents.1788149260.VCM15.612366.0,train/memory_overlap_ratio,1420,1.0,1788162670.9684951
events.out.tfevents.1788149260.VCM15.612366.0,train/memory_overlap_ratio,1430,1.0,1788162749.5857763
events.out.tfevents.1788149260.VCM15.612366.0,train/memory_overlap_ratio,1440,1.0,1788162861.419259
events.out.tfevents.1788149260.VCM15.612366.0,train/memory_overlap_ratio,1450,1.0,1788162946.0783641
events.out.tfevents.1788149260.VCM15.612366.0,train/memory_overlap_ratio,1460,1.0,1788163040.5926287
events.out.tfevents.1788149260.VCM15.612366.0,train/memory_overlap_ratio,1470,1.0,1788163142.966537
events.out.tfevents.1788149260.VCM15.612366.0,train/memory_overlap_ratio,1480,1.0,1788163230.4413111
events.out.tfevents.1788149260.VCM15.612366.0,train/memory_overlap_ratio,1490,0.5,1788163333.2742016
events.out.tfevents.1788149260.VCM15.612366.0,train/memory_overlap_ratio,1500,1.0,1788163424.1503007
events.out.tfevents.1788149260.VCM15.612366.0,train/memory_overlap_ratio,1510,1.0,1788163534.5300732
events.out.tfevents.1788149260.VCM15.612366.0,train/memory_overlap_ratio,1520,1.0,1788163640.3775513
events.out.tfevents.1788149260.VCM15.612366.0,train/memory_overlap_ratio,1530,1.0,1788163720.7692888
events.out.tfevents.1788149260.VCM15.612366.0,train/memory_overlap_ratio,1540,0.5,1788163795.6405706
events.out.tfevents.1788149260.VCM15.612366.0,train/memory_overlap_ratio,1550,0.5,1788163879.2646341
events.out.tfevents.1788149260.VCM15.612366.0,train/memory_overlap_ratio,1560,1.0,1788163980.6122537
events.out.tfevents.1788149260.VCM15.612366.0,train/memory_overlap_ratio,1570,1.0,1788164085.5886188
events.out.tfevents.1788149260.VCM15.612366.0,train/memory_overlap_ratio,1580,1.0,1788164169.4617255
events.out.tfevents.1788149260.VCM15.612366.0,train/memory_overlap_ratio,1590,1.0,1788164279.9995363
events.out.tfevents.1788149260.VCM15.612366.0,train/memory_overlap_ratio,1600,1.0,1788164386.8214343
events.out.tfevents.1788149260.VCM15.612366.0,train/memory_overlap_ratio,1610,1.0,1788164466.103947
events.out.tfevents.1788149260.VCM15.612366.0,train/memory_overlap_ratio,1620,1.0,1788164551.857964
events.out.tfevents.1788149260.VCM15.612366.0,train/memory_overlap_ratio,1630,1.0,1788164654.05231
events.out.tfevents.1788149260.VCM15.612366.0,train/memory_overlap_ratio,1640,0.5,1788164742.7814178
events.out.tfevents.1788149260.VCM15.612366.0,train/memory_overlap_ratio,1650,1.0,1788164849.3334563
events.out.tfevents.1788149260.VCM15.612366.0,train/memory_overlap_ratio,1660,1.0,1788164941.0697923
events.out.tfevents.1788149260.VCM15.612366.0,train/memory_overlap_ratio,1670,1.0,1788165018.4776723
events.out.tfevents.1788149260.VCM15.612366.0,train/memory_overlap_ratio,1680,1.0,1788165099.3147314
events.out.tfevents.1788149260.VCM15.612366.0,train/memory_overlap_ratio,1690,1.0,1788165192.4312088
events.out.tfevents.1788149260.VCM15.612366.0,train/memory_overlap_ratio,1700,1.0,1788165285.2534838
events.out.tfevents.1788149260.VCM15.612366.0,train/memory_overlap_ratio,1710,1.0,1788165382.2817605
events.out.tfevents.1788149260.VCM15.612366.0,train/memory_overlap_ratio,1720,1.0,1788165484.185309
events.out.tfevents.1788149260.VCM15.612366.0,train/predecessor_sample_ratio,10,1.0,1788149359.6583169
events.out.tfevents.1788149260.VCM15.612366.0,train/predecessor_sample_ratio,20,1.0,1788149444.6255212
events.out.tfevents.1788149260.VCM15.612366.0,train/predecessor_sample_ratio,30,1.0,1788149546.719768
events.out.tfevents.1788149260.VCM15.612366.0,train/predecessor_sample_ratio,40,0.5,1788149643.3583846
events.out.tfevents.1788149260.VCM15.612366.0,train/predecessor_sample_ratio,50,1.0,1788149736.009088
events.out.tfevents.1788149260.VCM15.612366.0,train/predecessor_sample_ratio,60,1.0,1788149822.5895483
events.out.tfevents.1788149260.VCM15.612366.0,train/predecessor_sample_ratio,70,1.0,1788149930.1071877
events.out.tfevents.1788149260.VCM15.612366.0,train/predecessor_sample_ratio,80,1.0,1788150017.077932
events.out.tfevents.1788149260.VCM15.612366.0,train/predecessor_sample_ratio,90,1.0,1788150107.872149
events.out.tfevents.1788149260.VCM15.612366.0,train/predecessor_sample_ratio,100,1.0,1788150199.8110769
events.out.tfevents.1788149260.VCM15.612366.0,train/predecessor_sample_ratio,110,1.0,1788150301.2580383
events.out.tfevents.1788149260.VCM15.612366.0,train/predecessor_sample_ratio,120,1.0,1788150402.7810638
events.out.tfevents.1788149260.VCM15.612366.0,train/predecessor_sample_ratio,130,1.0,1788150482.7389379
events.out.tfevents.1788149260.VCM15.612366.0,train/predecessor_sample_ratio,140,1.0,1788150583.6532488
events.out.tfevents.1788149260.VCM15.612366.0,train/predecessor_sample_ratio,150,1.0,1788150680.0686865
events.out.tfevents.1788149260.VCM15.612366.0,train/predecessor_sample_ratio,160,1.0,1788150781.7850661
events.out.tfevents.1788149260.VCM15.612366.0,train/predecessor_sample_ratio,170,1.0,1788150892.8245711
events.out.tfevents.1788149260.VCM15.612366.0,train/predecessor_sample_ratio,180,1.0,1788150975.101304
events.out.tfevents.1788149260.VCM15.612366.0,train/predecessor_sample_ratio,190,1.0,1788151052.9873273
events.out.tfevents.1788149260.VCM15.612366.0,train/predecessor_sample_ratio,200,1.0,1788151137.406003
events.out.tfevents.1788149260.VCM15.612366.0,train/predecessor_sample_ratio,210,0.5,1788151229.0750525
events.out.tfevents.1788149260.VCM15.612366.0,train/predecessor_sample_ratio,220,1.0,1788151323.4939935
events.out.tfevents.1788149260.VCM15.612366.0,train/predecessor_sample_ratio,230,1.0,1788151427.5937002
events.out.tfevents.1788149260.VCM15.612366.0,train/predecessor_sample_ratio,240,1.0,1788151527.0768933
events.out.tfevents.1788149260.VCM15.612366.0,train/predecessor_sample_ratio,250,0.5,1788151611.4766405
events.out.tfevents.1788149260.VCM15.612366.0,train/predecessor_sample_ratio,260,1.0,1788151684.8265734
events.out.tfevents.1788149260.VCM15.612366.0,train/predecessor_sample_ratio,270,1.0,1788151780.1598113
events.out.tfevents.1788149260.VCM15.612366.0,train/predecessor_sample_ratio,280,1.0,1788151878.7086146
events.out.tfevents.1788149260.VCM15.612366.0,train/predecessor_sample_ratio,290,1.0,1788151965.4592783
events.out.tfevents.1788149260.VCM15.612366.0,train/predecessor_sample_ratio,300,1.0,1788152044.500954
events.out.tfevents.1788149260.VCM15.612366.0,train/predecessor_sample_ratio,310,1.0,1788152141.298811
events.out.tfevents.1788149260.VCM15.612366.0,train/predecessor_sample_ratio,320,1.0,1788152233.9192202
events.out.tfevents.1788149260.VCM15.612366.0,train/predecessor_sample_ratio,330,1.0,1788152340.9148505
events.out.tfevents.1788149260.VCM15.612366.0,train/predecessor_sample_ratio,340,1.0,1788152434.7017336
events.out.tfevents.1788149260.VCM15.612366.0,train/predecessor_sample_ratio,350,1.0,1788152531.8711045
events.out.tfevents.1788149260.VCM15.612366.0,train/predecessor_sample_ratio,360,1.0,1788152617.2750819
events.out.tfevents.1788149260.VCM15.612366.0,train/predecessor_sample_ratio,370,1.0,1788152709.0046391
events.out.tfevents.1788149260.VCM15.612366.0,train/predecessor_sample_ratio,380,1.0,1788152807.9754798
events.out.tfevents.1788149260.VCM15.612366.0,train/predecessor_sample_ratio,390,1.0,1788152886.0957985
events.out.tfevents.1788149260.VCM15.612366.0,train/predecessor_sample_ratio,400,1.0,1788153004.044625
events.out.tfevents.1788149260.VCM15.612366.0,train/predecessor_sample_ratio,410,1.0,1788153096.6887043
events.out.tfevents.1788149260.VCM15.612366.0,train/predecessor_sample_ratio,420,1.0,1788153200.271778
events.out.tfevents.1788149260.VCM15.612366.0,train/predecessor_sample_ratio,430,1.0,1788153279.655908
events.out.tfevents.1788149260.VCM15.612366.0,train/predecessor_sample_ratio,440,1.0,1788153358.7884767
events.out.tfevents.1788149260.VCM15.612366.0,train/predecessor_sample_ratio,450,0.5,1788153452.8978398
events.out.tfevents.1788149260.VCM15.612366.0,train/predecessor_sample_ratio,460,0.0,1788153546.5990899
events.out.tfevents.1788149260.VCM15.612366.0,train/predecessor_sample_ratio,470,1.0,1788153635.521271
events.out.tfevents.1788149260.VCM15.612366.0,train/predecessor_sample_ratio,480,1.0,1788153721.5927906
events.out.tfevents.1788149260.VCM15.612366.0,train/predecessor_sample_ratio,490,1.0,1788153812.633669
events.out.tfevents.1788149260.VCM15.612366.0,train/predecessor_sample_ratio,500,1.0,1788153910.6168542
events.out.tfevents.1788149260.VCM15.612366.0,train/predecessor_sample_ratio,510,1.0,1788154000.363015
events.out.tfevents.1788149260.VCM15.612366.0,train/predecessor_sample_ratio,520,1.0,1788154091.8296635
events.out.tfevents.1788149260.VCM15.612366.0,train/predecessor_sample_ratio,530,1.0,1788154197.030635
events.out.tfevents.1788149260.VCM15.612366.0,train/predecessor_sample_ratio,540,1.0,1788154293.8784683
events.out.tfevents.1788149260.VCM15.612366.0,train/predecessor_sample_ratio,550,1.0,1788154391.9038181
events.out.tfevents.1788149260.VCM15.612366.0,train/predecessor_sample_ratio,560,1.0,1788154471.797936
events.out.tfevents.1788149260.VCM15.612366.0,train/predecessor_sample_ratio,570,1.0,1788154559.8222976
events.out.tfevents.1788149260.VCM15.612366.0,train/predecessor_sample_ratio,580,1.0,1788154652.9160535
events.out.tfevents.1788149260.VCM15.612366.0,train/predecessor_sample_ratio,590,1.0,1788154759.8402615
events.out.tfevents.1788149260.VCM15.612366.0,train/predecessor_sample_ratio,600,1.0,1788154850.2242866
events.out.tfevents.1788149260.VCM15.612366.0,train/predecessor_sample_ratio,610,1.0,1788154936.1710892
events.out.tfevents.1788149260.VCM15.612366.0,train/predecessor_sample_ratio,620,0.5,1788155017.3814318
events.out.tfevents.1788149260.VCM15.612366.0,train/predecessor_sample_ratio,630,1.0,1788155103.9729242
events.out.tfevents.1788149260.VCM15.612366.0,train/predecessor_sample_ratio,640,1.0,1788155203.699611
events.out.tfevents.1788149260.VCM15.612366.0,train/predecessor_sample_ratio,650,1.0,1788155284.9533813
events.out.tfevents.1788149260.VCM15.612366.0,train/predecessor_sample_ratio,660,1.0,1788155406.130005
events.out.tfevents.1788149260.VCM15.612366.0,train/predecessor_sample_ratio,670,1.0,1788155500.005928
events.out.tfevents.1788149260.VCM15.612366.0,train/predecessor_sample_ratio,680,1.0,1788155596.4311268
events.out.tfevents.1788149260.VCM15.612366.0,train/predecessor_sample_ratio,690,1.0,1788155682.6891234
events.out.tfevents.1788149260.VCM15.612366.0,train/predecessor_sample_ratio,700,1.0,1788155773.2759376
events.out.tfevents.1788149260.VCM15.612366.0,train/predecessor_sample_ratio,710,1.0,1788155870.8570704
events.out.tfevents.1788149260.VCM15.612366.0,train/predecessor_sample_ratio,720,1.0,1788155970.2160416
events.out.tfevents.1788149260.VCM15.612366.0,train/predecessor_sample_ratio,730,1.0,1788156072.579192
events.out.tfevents.1788149260.VCM15.612366.0,train/predecessor_sample_ratio,740,1.0,1788156155.239462
events.out.tfevents.1788149260.VCM15.612366.0,train/predecessor_sample_ratio,750,1.0,1788156249.5570326
events.out.tfevents.1788149260.VCM15.612366.0,train/predecessor_sample_ratio,760,1.0,1788156351.0766988
events.out.tfevents.1788149260.VCM15.612366.0,train/predecessor_sample_ratio,770,1.0,1788156448.5702024
events.out.tfevents.1788149260.VCM15.612366.0,train/predecessor_sample_ratio,780,1.0,1788156535.9752014
events.out.tfevents.1788149260.VCM15.612366.0,train/predecessor_sample_ratio,790,1.0,1788156639.7475638
events.out.tfevents.1788149260.VCM15.612366.0,train/predecessor_sample_ratio,800,1.0,1788156748.4592288
events.out.tfevents.1788149260.VCM15.612366.0,train/predecessor_sample_ratio,810,1.0,1788156844.5327368
events.out.tfevents.1788149260.VCM15.612366.0,train/predecessor_sample_ratio,820,0.5,1788156948.2629547
events.out.tfevents.1788149260.VCM15.612366.0,train/predecessor_sample_ratio,830,0.5,1788157040.3855612
events.out.tfevents.1788149260.VCM15.612366.0,train/predecessor_sample_ratio,840,1.0,1788157134.4917684
events.out.tfevents.1788149260.VCM15.612366.0,train/predecessor_sample_ratio,850,1.0,1788157241.5564678
events.out.tfevents.1788149260.VCM15.612366.0,train/predecessor_sample_ratio,860,1.0,1788157332.5190325
events.out.tfevents.1788149260.VCM15.612366.0,train/predecessor_sample_ratio,870,1.0,1788157437.3439772
events.out.tfevents.1788149260.VCM15.612366.0,train/predecessor_sample_ratio,880,1.0,1788157517.9753509
events.out.tfevents.1788149260.VCM15.612366.0,train/predecessor_sample_ratio,890,1.0,1788157629.629264
events.out.tfevents.1788149260.VCM15.612366.0,train/predecessor_sample_ratio,900,1.0,1788157725.4189725
events.out.tfevents.1788149260.VCM15.612366.0,train/predecessor_sample_ratio,910,1.0,1788157821.8984573
events.out.tfevents.1788149260.VCM15.612366.0,train/predecessor_sample_ratio,920,1.0,1788157920.7356107
events.out.tfevents.1788149260.VCM15.612366.0,train/predecessor_sample_ratio,930,1.0,1788158024.3828764
events.out.tfevents.1788149260.VCM15.612366.0,train/predecessor_sample_ratio,940,1.0,1788158122.6407905
events.out.tfevents.1788149260.VCM15.612366.0,train/predecessor_sample_ratio,950,0.5,1788158212.080012
events.out.tfevents.1788149260.VCM15.612366.0,train/predecessor_sample_ratio,960,1.0,1788158306.6482077
events.out.tfevents.1788149260.VCM15.612366.0,train/predecessor_sample_ratio,970,1.0,1788158406.3148816
events.out.tfevents.1788149260.VCM15.612366.0,train/predecessor_sample_ratio,980,1.0,1788158511.422936
events.out.tfevents.1788149260.VCM15.612366.0,train/predecessor_sample_ratio,990,1.0,1788158600.7590792
events.out.tfevents.1788149260.VCM15.612366.0,train/predecessor_sample_ratio,1000,1.0,1788158694.981136
events.out.tfevents.1788149260.VCM15.612366.0,train/predecessor_sample_ratio,1010,1.0,1788158800.562278
events.out.tfevents.1788149260.VCM15.612366.0,train/predecessor_sample_ratio,1020,1.0,1788158882.8947556
events.out.tfevents.1788149260.VCM15.612366.0,train/predecessor_sample_ratio,1030,1.0,1788158962.9921658
events.out.tfevents.1788149260.VCM15.612366.0,train/predecessor_sample_ratio,1040,1.0,1788159050.8213866
events.out.tfevents.1788149260.VCM15.612366.0,train/predecessor_sample_ratio,1050,1.0,1788159165.2152684
events.out.tfevents.1788149260.VCM15.612366.0,train/predecessor_sample_ratio,1060,1.0,1788159264.2782376
events.out.tfevents.1788149260.VCM15.612366.0,train/predecessor_sample_ratio,1070,1.0,1788159349.561024
events.out.tfevents.1788149260.VCM15.612366.0,train/predecessor_sample_ratio,1080,0.5,1788159432.080347
events.out.tfevents.1788149260.VCM15.612366.0,train/predecessor_sample_ratio,1090,1.0,1788159534.4627614
events.out.tfevents.1788149260.VCM15.612366.0,train/predecessor_sample_ratio,1100,1.0,1788159626.4300168
events.out.tfevents.1788149260.VCM15.612366.0,train/predecessor_sample_ratio,1110,0.5,1788159720.21963
events.out.tfevents.1788149260.VCM15.612366.0,train/predecessor_sample_ratio,1120,1.0,1788159823.0022695
events.out.tfevents.1788149260.VCM15.612366.0,train/predecessor_sample_ratio,1130,1.0,1788159894.3246338
events.out.tfevents.1788149260.VCM15.612366.0,train/predecessor_sample_ratio,1140,1.0,1788159980.2236881
events.out.tfevents.1788149260.VCM15.612366.0,train/predecessor_sample_ratio,1150,1.0,1788160072.7641098
events.out.tfevents.1788149260.VCM15.612366.0,train/predecessor_sample_ratio,1160,1.0,1788160180.7494473
events.out.tfevents.1788149260.VCM15.612366.0,train/predecessor_sample_ratio,1170,1.0,1788160274.554979
events.out.tfevents.1788149260.VCM15.612366.0,train/predecessor_sample_ratio,1180,1.0,1788160383.9068885
events.out.tfevents.1788149260.VCM15.612366.0,train/predecessor_sample_ratio,1190,1.0,1788160478.8608258
events.out.tfevents.1788149260.VCM15.612366.0,train/predecessor_sample_ratio,1200,1.0,1788160563.2511055
events.out.tfevents.1788149260.VCM15.612366.0,train/predecessor_sample_ratio,1210,1.0,1788160667.433953
events.out.tfevents.1788149260.VCM15.612366.0,train/predecessor_sample_ratio,1220,1.0,1788160772.536402
events.out.tfevents.1788149260.VCM15.612366.0,train/predecessor_sample_ratio,1230,1.0,1788160868.215487
events.out.tfevents.1788149260.VCM15.612366.0,train/predecessor_sample_ratio,1240,1.0,1788160964.5671103
events.out.tfevents.1788149260.VCM15.612366.0,train/predecessor_sample_ratio,1250,0.5,1788161060.3068995
events.out.tfevents.1788149260.VCM15.612366.0,train/predecessor_sample_ratio,1260,1.0,1788161152.5152173
events.out.tfevents.1788149260.VCM15.612366.0,train/predecessor_sample_ratio,1270,0.5,1788161248.3699317
events.out.tfevents.1788149260.VCM15.612366.0,train/predecessor_sample_ratio,1280,1.0,1788161338.4178402
events.out.tfevents.1788149260.VCM15.612366.0,train/predecessor_sample_ratio,1290,1.0,1788161439.2896347
events.out.tfevents.1788149260.VCM15.612366.0,train/predecessor_sample_ratio,1300,1.0,1788161525.2887297
events.out.tfevents.1788149260.VCM15.612366.0,train/predecessor_sample_ratio,1310,1.0,1788161631.8147051
events.out.tfevents.1788149260.VCM15.612366.0,train/predecessor_sample_ratio,1320,1.0,1788161729.7952375
events.out.tfevents.1788149260.VCM15.612366.0,train/predecessor_sample_ratio,1330,1.0,1788161817.0018919
events.out.tfevents.1788149260.VCM15.612366.0,train/predecessor_sample_ratio,1340,1.0,1788161901.603647
events.out.tfevents.1788149260.VCM15.612366.0,train/predecessor_sample_ratio,1350,1.0,1788161995.3442307
events.out.tfevents.1788149260.VCM15.612366.0,train/predecessor_sample_ratio,1360,1.0,1788162100.3410938
events.out.tfevents.1788149260.VCM15.612366.0,train/predecessor_sample_ratio,1370,0.5,1788162185.934789
events.out.tfevents.1788149260.VCM15.612366.0,train/predecessor_sample_ratio,1380,1.0,1788162278.2720985
events.out.tfevents.1788149260.VCM15.612366.0,train/predecessor_sample_ratio,1390,1.0,1788162368.7638838
events.out.tfevents.1788149260.VCM15.612366.0,train/predecessor_sample_ratio,1400,1.0,1788162454.5683103
events.out.tfevents.1788149260.VCM15.612366.0,train/predecessor_sample_ratio,1410,1.0,1788162570.951845
events.out.tfevents.1788149260.VCM15.612366.0,train/predecessor_sample_ratio,1420,1.0,1788162670.9686055
events.out.tfevents.1788149260.VCM15.612366.0,train/predecessor_sample_ratio,1430,1.0,1788162749.5859187
events.out.tfevents.1788149260.VCM15.612366.0,train/predecessor_sample_ratio,1440,1.0,1788162861.4193513
events.out.tfevents.1788149260.VCM15.612366.0,train/predecessor_sample_ratio,1450,1.0,1788162946.078458
events.out.tfevents.1788149260.VCM15.612366.0,train/predecessor_sample_ratio,1460,1.0,1788163040.5926757
events.out.tfevents.1788149260.VCM15.612366.0,train/predecessor_sample_ratio,1470,1.0,1788163142.9666421
events.out.tfevents.1788149260.VCM15.612366.0,train/predecessor_sample_ratio,1480,1.0,1788163230.4414208
events.out.tfevents.1788149260.VCM15.612366.0,train/predecessor_sample_ratio,1490,0.5,1788163333.2742991
events.out.tfevents.1788149260.VCM15.612366.0,train/predecessor_sample_ratio,1500,1.0,1788163424.150394
events.out.tfevents.1788149260.VCM15.612366.0,train/predecessor_sample_ratio,1510,1.0,1788163534.5301793
events.out.tfevents.1788149260.VCM15.612366.0,train/predecessor_sample_ratio,1520,1.0,1788163640.3776832
events.out.tfevents.1788149260.VCM15.612366.0,train/predecessor_sample_ratio,1530,1.0,1788163720.7694473
events.out.tfevents.1788149260.VCM15.612366.0,train/predecessor_sample_ratio,1540,0.5,1788163795.640725
events.out.tfevents.1788149260.VCM15.612366.0,train/predecessor_sample_ratio,1550,0.5,1788163879.2647977
events.out.tfevents.1788149260.VCM15.612366.0,train/predecessor_sample_ratio,1560,1.0,1788163980.6124122
events.out.tfevents.1788149260.VCM15.612366.0,train/predecessor_sample_ratio,1570,1.0,1788164085.58879
events.out.tfevents.1788149260.VCM15.612366.0,train/predecessor_sample_ratio,1580,1.0,1788164169.461845
events.out.tfevents.1788149260.VCM15.612366.0,train/predecessor_sample_ratio,1590,1.0,1788164279.9996426
events.out.tfevents.1788149260.VCM15.612366.0,train/predecessor_sample_ratio,1600,1.0,1788164386.821594
events.out.tfevents.1788149260.VCM15.612366.0,train/predecessor_sample_ratio,1610,1.0,1788164466.104116
events.out.tfevents.1788149260.VCM15.612366.0,train/predecessor_sample_ratio,1620,1.0,1788164551.8581107
events.out.tfevents.1788149260.VCM15.612366.0,train/predecessor_sample_ratio,1630,1.0,1788164654.052458
events.out.tfevents.1788149260.VCM15.612366.0,train/predecessor_sample_ratio,1640,0.5,1788164742.7815628
events.out.tfevents.1788149260.VCM15.612366.0,train/predecessor_sample_ratio,1650,1.0,1788164849.3336115
events.out.tfevents.1788149260.VCM15.612366.0,train/predecessor_sample_ratio,1660,1.0,1788164941.0699267
events.out.tfevents.1788149260.VCM15.612366.0,train/predecessor_sample_ratio,1670,1.0,1788165018.4778197
events.out.tfevents.1788149260.VCM15.612366.0,train/predecessor_sample_ratio,1680,1.0,1788165099.3148866
events.out.tfevents.1788149260.VCM15.612366.0,train/predecessor_sample_ratio,1690,1.0,1788165192.431366
events.out.tfevents.1788149260.VCM15.612366.0,train/predecessor_sample_ratio,1700,1.0,1788165285.2536457
events.out.tfevents.1788149260.VCM15.612366.0,train/predecessor_sample_ratio,1710,1.0,1788165382.2819452
events.out.tfevents.1788149260.VCM15.612366.0,train/predecessor_sample_ratio,1720,1.0,1788165484.1854587
events.out.tfevents.1788149260.VCM15.612366.0,train/relative_bias_abs_mean,10,2.1239461034383567e-07,1788149359.65855
events.out.tfevents.1788149260.VCM15.612366.0,train/relative_bias_abs_mean,20,5.902833208892844e-07,1788149444.6256583
events.out.tfevents.1788149260.VCM15.612366.0,train/relative_bias_abs_mean,30,1.5049339481265633e-06,1788149546.7198749
events.out.tfevents.1788149260.VCM15.612366.0,train/relative_bias_abs_mean,40,2.145913640561048e-06,1788149643.358537
events.out.tfevents.1788149260.VCM15.612366.0,train/relative_bias_abs_mean,50,3.1754077554069227e-06,1788149736.009228
events.out.tfevents.1788149260.VCM15.612366.0,train/relative_bias_abs_mean,60,4.467330654733814e-06,1788149822.589694
events.out.tfevents.1788149260.VCM15.612366.0,train/relative_bias_abs_mean,70,4.7283642743423115e-06,1788149930.1073432
events.out.tfevents.1788149260.VCM15.612366.0,train/relative_bias_abs_mean,80,8.92292973730946e-06,1788150017.0780833
events.out.tfevents.1788149260.VCM15.612366.0,train/relative_bias_abs_mean,90,1.221978891408071e-05,1788150107.8722856
events.out.tfevents.1788149260.VCM15.612366.0,train/relative_bias_abs_mean,100,1.3844591194356326e-05,1788150199.8112085
events.out.tfevents.1788149260.VCM15.612366.0,train/relative_bias_abs_mean,110,1.6868709280970506e-05,1788150301.258201
events.out.tfevents.1788149260.VCM15.612366.0,train/relative_bias_abs_mean,120,1.840813274611719e-05,1788150402.7812307
events.out.tfevents.1788149260.VCM15.612366.0,train/relative_bias_abs_mean,130,1.810409412428271e-05,1788150482.739091
events.out.tfevents.1788149260.VCM15.612366.0,train/relative_bias_abs_mean,140,1.7178708731080405e-05,1788150583.6534111
events.out.tfevents.1788149260.VCM15.612366.0,train/relative_bias_abs_mean,150,1.7000988009385765e-05,1788150680.0688424
events.out.tfevents.1788149260.VCM15.612366.0,train/relative_bias_abs_mean,160,2.193009822804015e-05,1788150781.785207
events.out.tfevents.1788149260.VCM15.612366.0,train/relative_bias_abs_mean,170,2.445311656629201e-05,1788150892.8247333
events.out.tfevents.1788149260.VCM15.612366.0,train/relative_bias_abs_mean,180,2.8001610189676285e-05,1788150975.1014452
events.out.tfevents.1788149260.VCM15.612366.0,train/relative_bias_abs_mean,190,3.0352095564012416e-05,1788151052.9875166
events.out.tfevents.1788149260.VCM15.612366.0,train/relative_bias_abs_mean,200,3.3777156204450876e-05,1788151137.4062395
events.out.tfevents.1788149260.VCM15.612366.0,train/relative_bias_abs_mean,210,3.5618857509689406e-05,1788151229.0751638
events.out.tfevents.1788149260.VCM15.612366.0,train/relative_bias_abs_mean,220,3.8931080780457705e-05,1788151323.4941497
events.out.tfevents.1788149260.VCM15.612366.0,train/relative_bias_abs_mean,230,4.364072810858488e-05,1788151427.5938358
events.out.tfevents.1788149260.VCM15.612366.0,train/relative_bias_abs_mean,240,4.672877548728138e-05,1788151527.0770483
events.out.tfevents.1788149260.VCM15.612366.0,train/relative_bias_abs_mean,250,4.94742052978836e-05,1788151611.476779
events.out.tfevents.1788149260.VCM15.612366.0,train/relative_bias_abs_mean,260,5.3097646741662174e-05,1788151684.8267152
events.out.tfevents.1788149260.VCM15.612366.0,train/relative_bias_abs_mean,270,5.466551738209091e-05,1788151780.1599345
events.out.tfevents.1788149260.VCM15.612366.0,train/relative_bias_abs_mean,280,5.809614231111482e-05,1788151878.708774
events.out.tfevents.1788149260.VCM15.612366.0,train/relative_bias_abs_mean,290,6.083892731112428e-05,1788151965.4594166
events.out.tfevents.1788149260.VCM15.612366.0,train/relative_bias_abs_mean,300,6.225847755558789e-05,1788152044.501138
events.out.tfevents.1788149260.VCM15.612366.0,train/relative_bias_abs_mean,310,6.474867404904217e-05,1788152141.298983
events.out.tfevents.1788149260.VCM15.612366.0,train/relative_bias_abs_mean,320,6.693620525766164e-05,1788152233.9193807
events.out.tfevents.1788149260.VCM15.612366.0,train/relative_bias_abs_mean,330,6.851062062196434e-05,1788152340.9150033
events.out.tfevents.1788149260.VCM15.612366.0,train/relative_bias_abs_mean,340,7.022218778729439e-05,1788152434.7018774
events.out.tfevents.1788149260.VCM15.612366.0,train/relative_bias_abs_mean,350,7.355663547059521e-05,1788152531.8712437
events.out.tfevents.1788149260.VCM15.612366.0,train/relative_bias_abs_mean,360,7.4242394475732e-05,1788152617.2752292
events.out.tfevents.1788149260.VCM15.612366.0,train/relative_bias_abs_mean,370,7.66990051488392e-05,1788152709.004778
events.out.tfevents.1788149260.VCM15.612366.0,train/relative_bias_abs_mean,380,8.026581053854898e-05,1788152807.9756176
events.out.tfevents.1788149260.VCM15.612366.0,train/relative_bias_abs_mean,390,8.27536714496091e-05,1788152886.095958
events.out.tfevents.1788149260.VCM15.612366.0,train/relative_bias_abs_mean,400,8.311022247653455e-05,1788153004.0447674
events.out.tfevents.1788149260.VCM15.612366.0,train/relative_bias_abs_mean,410,8.383851672988385e-05,1788153096.68887
events.out.tfevents.1788149260.VCM15.612366.0,train/relative_bias_abs_mean,420,8.326401439262554e-05,1788153200.2719343
events.out.tfevents.1788149260.VCM15.612366.0,train/relative_bias_abs_mean,430,8.310952398460358e-05,1788153279.6560712
events.out.tfevents.1788149260.VCM15.612366.0,train/relative_bias_abs_mean,440,8.612502278992906e-05,1788153358.7886302
events.out.tfevents.1788149260.VCM15.612366.0,train/relative_bias_abs_mean,450,8.79712970345281e-05,1788153452.89793
events.out.tfevents.1788149260.VCM15.612366.0,train/relative_bias_abs_mean,460,8.913034980650991e-05,1788153546.5992947
events.out.tfevents.1788149260.VCM15.612366.0,train/relative_bias_abs_mean,470,9.082670294446871e-05,1788153635.5214777
events.out.tfevents.1788149260.VCM15.612366.0,train/relative_bias_abs_mean,480,9.085771307582036e-05,1788153721.5929723
events.out.tfevents.1788149260.VCM15.612366.0,train/relative_bias_abs_mean,490,9.363759454572573e-05,1788153812.6338701
events.out.tfevents.1788149260.VCM15.612366.0,train/relative_bias_abs_mean,500,9.791866614250466e-05,1788153910.6170182
events.out.tfevents.1788149260.VCM15.612366.0,train/relative_bias_abs_mean,510,0.00010013349674409255,1788154000.3631833
events.out.tfevents.1788149260.VCM15.612366.0,train/relative_bias_abs_mean,520,0.00010187005682382733,1788154091.8298428
events.out.tfevents.1788149260.VCM15.612366.0,train/relative_bias_abs_mean,530,0.00010410069808131084,1788154197.0307775
events.out.tfevents.1788149260.VCM15.612366.0,train/relative_bias_abs_mean,540,0.00010665912850527093,1788154293.8786328
events.out.tfevents.1788149260.VCM15.612366.0,train/relative_bias_abs_mean,550,0.00010576840577414259,1788154391.9039655
events.out.tfevents.1788149260.VCM15.612366.0,train/relative_bias_abs_mean,560,0.00010584726987872273,1788154471.798082
events.out.tfevents.1788149260.VCM15.612366.0,train/relative_bias_abs_mean,570,0.0001065896067302674,1788154559.8224373
events.out.tfevents.1788149260.VCM15.612366.0,train/relative_bias_abs_mean,580,0.0001088434291887097,1788154652.9162018
events.out.tfevents.1788149260.VCM15.612366.0,train/relative_bias_abs_mean,590,0.00011119783448521048,1788154759.8404093
events.out.tfevents.1788149260.VCM15.612366.0,train/relative_bias_abs_mean,600,0.000112006782728713,1788154850.2244856
events.out.tfevents.1788149260.VCM15.612366.0,train/relative_bias_abs_mean,610,0.00011516039376147091,1788154936.1711888
events.out.tfevents.1788149260.VCM15.612366.0,train/relative_bias_abs_mean,620,0.00011622509191511199,1788155017.381549
events.out.tfevents.1788149260.VCM15.612366.0,train/relative_bias_abs_mean,630,0.00012129591050324962,1788155103.9730825
events.out.tfevents.1788149260.VCM15.612366.0,train/relative_bias_abs_mean,640,0.00012938152940478176,1788155203.6997519
events.out.tfevents.1788149260.VCM15.612366.0,train/relative_bias_abs_mean,650,0.0001383590279147029,1788155284.9535341
events.out.tfevents.1788149260.VCM15.612366.0,train/relative_bias_abs_mean,660,0.00014273573469836265,1788155406.1301444
events.out.tfevents.1788149260.VCM15.612366.0,train/relative_bias_abs_mean,670,0.0001465464592911303,1788155500.0060682
events.out.tfevents.1788149260.VCM15.612366.0,train/relative_bias_abs_mean,680,0.00015217751206364483,1788155596.4312792
events.out.tfevents.1788149260.VCM15.612366.0,train/relative_bias_abs_mean,690,0.00015608272224199027,1788155682.6892953
events.out.tfevents.1788149260.VCM15.612366.0,train/relative_bias_abs_mean,700,0.0001581097167218104,1788155773.276083
events.out.tfevents.1788149260.VCM15.612366.0,train/relative_bias_abs_mean,710,0.0001650723716011271,1788155870.857222
events.out.tfevents.1788149260.VCM15.612366.0,train/relative_bias_abs_mean,720,0.0001724541507428512,1788155970.2161343
events.out.tfevents.1788149260.VCM15.612366.0,train/relative_bias_abs_mean,730,0.0001759291480993852,1788156072.5793948
events.out.tfevents.1788149260.VCM15.612366.0,train/relative_bias_abs_mean,740,0.00017808076518122107,1788156155.2396016
events.out.tfevents.1788149260.VCM15.612366.0,train/relative_bias_abs_mean,750,0.00017742301861289889,1788156249.5570529
events.out.tfevents.1788149260.VCM15.612366.0,train/relative_bias_abs_mean,760,0.0001794783747754991,1788156351.0768442
events.out.tfevents.1788149260.VCM15.612366.0,train/relative_bias_abs_mean,770,0.00018518046999815851,1788156448.5703864
events.out.tfevents.1788149260.VCM15.612366.0,train/relative_bias_abs_mean,780,0.00019193769549019635,1788156535.9753504
events.out.tfevents.1788149260.VCM15.612366.0,train/relative_bias_abs_mean,790,0.000195448417798616,1788156639.7477305
events.out.tfevents.1788149260.VCM15.612366.0,train/relative_bias_abs_mean,800,0.0001974268234334886,1788156748.4593835
events.out.tfevents.1788149260.VCM15.612366.0,train/relative_bias_abs_mean,810,0.00019937184697482735,1788156844.5329735
events.out.tfevents.1788149260.VCM15.612366.0,train/relative_bias_abs_mean,820,0.0002026458823820576,1788156948.2631788
events.out.tfevents.1788149260.VCM15.612366.0,train/relative_bias_abs_mean,830,0.00020316086011007428,1788157040.3857205
events.out.tfevents.1788149260.VCM15.612366.0,train/relative_bias_abs_mean,840,0.00020743420463986695,1788157134.491938
events.out.tfevents.1788149260.VCM15.612366.0,train/relative_bias_abs_mean,850,0.0002105280291289091,1788157241.5566294
events.out.tfevents.1788149260.VCM15.612366.0,train/relative_bias_abs_mean,860,0.00021256976469885558,1788157332.5192316
events.out.tfevents.1788149260.VCM15.612366.0,train/relative_bias_abs_mean,870,0.00021451145585160702,1788157437.344143
events.out.tfevents.1788149260.VCM15.612366.0,train/relative_bias_abs_mean,880,0.00021917342382948846,1788157517.9754965
events.out.tfevents.1788149260.VCM15.612366.0,train/relative_bias_abs_mean,890,0.00022589521540794522,1788157629.6294186
events.out.tfevents.1788149260.VCM15.612366.0,train/relative_bias_abs_mean,900,0.0002304723602719605,1788157725.419144
events.out.tfevents.1788149260.VCM15.612366.0,train/relative_bias_abs_mean,910,0.0002348177513340488,1788157821.8986273
events.out.tfevents.1788149260.VCM15.612366.0,train/relative_bias_abs_mean,920,0.00024112852406688035,1788157920.7357106
events.out.tfevents.1788149260.VCM15.612366.0,train/relative_bias_abs_mean,930,0.00024554788251407444,1788158024.3830316
events.out.tfevents.1788149260.VCM15.612366.0,train/relative_bias_abs_mean,940,0.00025027451920323074,1788158122.6409671
events.out.tfevents.1788149260.VCM15.612366.0,train/relative_bias_abs_mean,950,0.0002537766413297504,1788158212.080166
events.out.tfevents.1788149260.VCM15.612366.0,train/relative_bias_abs_mean,960,0.00025712905335240066,1788158306.648417
events.out.tfevents.1788149260.VCM15.612366.0,train/relative_bias_abs_mean,970,0.0002603803004603833,1788158406.3150346
events.out.tfevents.1788149260.VCM15.612366.0,train/relative_bias_abs_mean,980,0.0002632994146551937,1788158511.4230695
events.out.tfevents.1788149260.VCM15.612366.0,train/relative_bias_abs_mean,990,0.00026452570455148816,1788158600.7592201
events.out.tfevents.1788149260.VCM15.612366.0,train/relative_bias_abs_mean,1000,0.0002672518603503704,1788158694.9813375
events.out.tfevents.1788149260.VCM15.612366.0,train/relative_bias_abs_mean,1010,0.00026729583623819053,1788158800.5624433
events.out.tfevents.1788149260.VCM15.612366.0,train/relative_bias_abs_mean,1020,0.0002676169970072806,1788158882.8949184
events.out.tfevents.1788149260.VCM15.612366.0,train/relative_bias_abs_mean,1030,0.00026923452969640493,1788158962.9923306
events.out.tfevents.1788149260.VCM15.612366.0,train/relative_bias_abs_mean,1040,0.000269078416749835,1788159050.8215444
events.out.tfevents.1788149260.VCM15.612366.0,train/relative_bias_abs_mean,1050,0.00026905801496468484,1788159165.2154324
events.out.tfevents.1788149260.VCM15.612366.0,train/relative_bias_abs_mean,1060,0.00026987859746441245,1788159264.2784433
events.out.tfevents.1788149260.VCM15.612366.0,train/relative_bias_abs_mean,1070,0.00027065654285252094,1788159349.5611346
events.out.tfevents.1788149260.VCM15.612366.0,train/relative_bias_abs_mean,1080,0.0002734763256739825,1788159432.0804894
events.out.tfevents.1788149260.VCM15.612366.0,train/relative_bias_abs_mean,1090,0.0002736113965511322,1788159534.4629023
events.out.tfevents.1788149260.VCM15.612366.0,train/relative_bias_abs_mean,1100,0.00027514644898474216,1788159626.4301836
events.out.tfevents.1788149260.VCM15.612366.0,train/relative_bias_abs_mean,1110,0.00027959648286923766,1788159720.2197785
events.out.tfevents.1788149260.VCM15.612366.0,train/relative_bias_abs_mean,1120,0.0002855031634680927,1788159823.0024102
events.out.tfevents.1788149260.VCM15.612366.0,train/relative_bias_abs_mean,1130,0.0002909417962655425,1788159894.3247175
events.out.tfevents.1788149260.VCM15.612366.0,train/relative_bias_abs_mean,1140,0.000294186087558046,1788159980.2238762
events.out.tfevents.1788149260.VCM15.612366.0,train/relative_bias_abs_mean,1150,0.00029573950450867414,1788160072.7642615
events.out.tfevents.1788149260.VCM15.612366.0,train/relative_bias_abs_mean,1160,0.00029644343885593116,1788160180.7495692
events.out.tfevents.1788149260.VCM15.612366.0,train/relative_bias_abs_mean,1170,0.0002989081258419901,1788160274.5551176
events.out.tfevents.1788149260.VCM15.612366.0,train/relative_bias_abs_mean,1180,0.00030166638316586614,1788160383.9069922
events.out.tfevents.1788149260.VCM15.612366.0,train/relative_bias_abs_mean,1190,0.0003037841815967113,1788160478.8609648
events.out.tfevents.1788149260.VCM15.612366.0,train/relative_bias_abs_mean,1200,0.00030511675868183374,1788160563.2512558
events.out.tfevents.1788149260.VCM15.612366.0,train/relative_bias_abs_mean,1210,0.000310043862555176,1788160667.4341629
events.out.tfevents.1788149260.VCM15.612366.0,train/relative_bias_abs_mean,1220,0.0003146406088490039,1788160772.536695
events.out.tfevents.1788149260.VCM15.612366.0,train/relative_bias_abs_mean,1230,0.00031957923783920705,1788160868.2156603
events.out.tfevents.1788149260.VCM15.612366.0,train/relative_bias_abs_mean,1240,0.0003237941418774426,1788160964.5672438
events.out.tfevents.1788149260.VCM15.612366.0,train/relative_bias_abs_mean,1250,0.0003251581802032888,1788161060.3070407
events.out.tfevents.1788149260.VCM15.612366.0,train/relative_bias_abs_mean,1260,0.00032633612863719463,1788161152.515335
events.out.tfevents.1788149260.VCM15.612366.0,train/relative_bias_abs_mean,1270,0.0003277154464740306,1788161248.3700345
events.out.tfevents.1788149260.VCM15.612366.0,train/relative_bias_abs_mean,1280,0.00033058319240808487,1788161338.4179292
events.out.tfevents.1788149260.VCM15.612366.0,train/relative_bias_abs_mean,1290,0.00033578361035324633,1788161439.2898648
events.out.tfevents.1788149260.VCM15.612366.0,train/relative_bias_abs_mean,1300,0.000339463003911078,1788161525.2888513
events.out.tfevents.1788149260.VCM15.612366.0,train/relative_bias_abs_mean,1310,0.0003427894553169608,1788161631.8148267
events.out.tfevents.1788149260.VCM15.612366.0,train/relative_bias_abs_mean,1320,0.000345653883414343,1788161729.7953787
events.out.tfevents.1788149260.VCM15.612366.0,train/relative_bias_abs_mean,1330,0.0003480739542283118,1788161817.0020447
events.out.tfevents.1788149260.VCM15.612366.0,train/relative_bias_abs_mean,1340,0.0003517011646181345,1788161901.6038544
events.out.tfevents.1788149260.VCM15.612366.0,train/relative_bias_abs_mean,1350,0.00035538128577172756,1788161995.3443792
events.out.tfevents.1788149260.VCM15.612366.0,train/relative_bias_abs_mean,1360,0.00035742504405789077,1788162100.3412373
events.out.tfevents.1788149260.VCM15.612366.0,train/relative_bias_abs_mean,1370,0.00036349540459923446,1788162185.9349275
events.out.tfevents.1788149260.VCM15.612366.0,train/relative_bias_abs_mean,1380,0.0003648957936093211,1788162278.2722294
events.out.tfevents.1788149260.VCM15.612366.0,train/relative_bias_abs_mean,1390,0.0003652707382570952,1788162368.7640119
events.out.tfevents.1788149260.VCM15.612366.0,train/relative_bias_abs_mean,1400,0.0003665936237666756,1788162454.5684552
events.out.tfevents.1788149260.VCM15.612366.0,train/relative_bias_abs_mean,1410,0.0003676695632748306,1788162570.951991
events.out.tfevents.1788149260.VCM15.612366.0,train/relative_bias_abs_mean,1420,0.000367886561434716,1788162670.9687111
events.out.tfevents.1788149260.VCM15.612366.0,train/relative_bias_abs_mean,1430,0.0003718047810252756,1788162749.5860436
events.out.tfevents.1788149260.VCM15.612366.0,train/relative_bias_abs_mean,1440,0.00037447354407049716,1788162861.4194415
events.out.tfevents.1788149260.VCM15.612366.0,train/relative_bias_abs_mean,1450,0.00037629061262123287,1788162946.07855
events.out.tfevents.1788149260.VCM15.612366.0,train/relative_bias_abs_mean,1460,0.0003778568934649229,1788163040.5927894
events.out.tfevents.1788149260.VCM15.612366.0,train/relative_bias_abs_mean,1470,0.00037955367588438094,1788163142.9667444
events.out.tfevents.1788149260.VCM15.612366.0,train/relative_bias_abs_mean,1480,0.00038143733399920166,1788163230.4415257
events.out.tfevents.1788149260.VCM15.612366.0,train/relative_bias_abs_mean,1490,0.00038454262539744377,1788163333.274394
events.out.tfevents.1788149260.VCM15.612366.0,train/relative_bias_abs_mean,1500,0.00038973361370153725,1788163424.1504831
events.out.tfevents.1788149260.VCM15.612366.0,train/relative_bias_abs_mean,1510,0.0003933763946406543,1788163534.5302951
events.out.tfevents.1788149260.VCM15.612366.0,train/relative_bias_abs_mean,1520,0.0003960428002756089,1788163640.3778212
events.out.tfevents.1788149260.VCM15.612366.0,train/relative_bias_abs_mean,1530,0.0004059844359289855,1788163720.7695994
events.out.tfevents.1788149260.VCM15.612366.0,train/relative_bias_abs_mean,1540,0.00041026316466741264,1788163795.6408737
events.out.tfevents.1788149260.VCM15.612366.0,train/relative_bias_abs_mean,1550,0.0004137292562518269,1788163879.2649622
events.out.tfevents.1788149260.VCM15.612366.0,train/relative_bias_abs_mean,1560,0.00041589653119444847,1788163980.6125634
events.out.tfevents.1788149260.VCM15.612366.0,train/relative_bias_abs_mean,1570,0.00041645977762527764,1788164085.5889769
events.out.tfevents.1788149260.VCM15.612366.0,train/relative_bias_abs_mean,1580,0.00041876573232002556,1788164169.4619606
events.out.tfevents.1788149260.VCM15.612366.0,train/relative_bias_abs_mean,1590,0.00042097727418877184,1788164279.9997458
events.out.tfevents.1788149260.VCM15.612366.0,train/relative_bias_abs_mean,1600,0.00042404767009429634,1788164386.821748
events.out.tfevents.1788149260.VCM15.612366.0,train/relative_bias_abs_mean,1610,0.00042711253627203405,1788164466.1042798
events.out.tfevents.1788149260.VCM15.612366.0,train/relative_bias_abs_mean,1620,0.0004283847229089588,1788164551.8582528
events.out.tfevents.1788149260.VCM15.612366.0,train/relative_bias_abs_mean,1630,0.00042985149775631726,1788164654.0525987
events.out.tfevents.1788149260.VCM15.612366.0,train/relative_bias_abs_mean,1640,0.0004320320440456271,1788164742.7817028
events.out.tfevents.1788149260.VCM15.612366.0,train/relative_bias_abs_mean,1650,0.00043374206870794296,1788164849.3337598
events.out.tfevents.1788149260.VCM15.612366.0,train/relative_bias_abs_mean,1660,0.0004349000519141555,1788164941.070051
events.out.tfevents.1788149260.VCM15.612366.0,train/relative_bias_abs_mean,1670,0.0004357577417977154,1788165018.4779665
events.out.tfevents.1788149260.VCM15.612366.0,train/relative_bias_abs_mean,1680,0.00043740312685258687,1788165099.3150344
events.out.tfevents.1788149260.VCM15.612366.0,train/relative_bias_abs_mean,1690,0.0004396591684781015,1788165192.4315193
events.out.tfevents.1788149260.VCM15.612366.0,train/relative_bias_abs_mean,1700,0.0004410157271195203,1788165285.2537997
events.out.tfevents.1788149260.VCM15.612366.0,train/relative_bias_abs_mean,1710,0.0004439936310518533,1788165382.2821183
events.out.tfevents.1788149260.VCM15.612366.0,train/relative_bias_abs_mean,1720,0.0004484228265937418,1788165484.1856027
