{
  "per_sequence": [
    {
      "sequence": ".",
      "method": "sharedNoise_v0_PGD_2",
      "frame_count": 150,
      "pair_count": 149,
      "warping_error_l1": 0.03255770555478615,
      "warping_error_l2": 0.003032656309144859,
      "frame_similarity_ssim": 0.760269015827435
    }
  ],
  "aggregate_by_method": {
    "sharedNoise_v0_PGD_2": {
      "sequence_count": 1.0,
      "frame_count": 150.0,
      "pair_count": 149.0,
      "warping_error_l1": 0.03255770555478615,
      "warping_error_l2": 0.003032656309144859,
      "frame_similarity_ssim": 0.760269015827435
    }
  }
}