{
  "per_sequence": [
    {
      "sequence": ".",
      "method": "sharedNoise_mean_32_guided_v0_PGD",
      "frame_count": 150,
      "pair_count": 149,
      "warping_error_l1": 0.02547809859150208,
      "warping_error_l2": 0.0018435345264151692,
      "frame_similarity_ssim": 0.8055182618049433
    }
  ],
  "aggregate_by_method": {
    "sharedNoise_mean_32_guided_v0_PGD": {
      "sequence_count": 1.0,
      "frame_count": 150.0,
      "pair_count": 149.0,
      "warping_error_l1": 0.02547809859150208,
      "warping_error_l2": 0.0018435345264151692,
      "frame_similarity_ssim": 0.8055182618049433
    }
  }
}