bg_current_fraction,clip_current,clip_previous,directional_coherence,energy_support90_fraction,energy_top10_fraction,flow_valid_fraction,frame_current,frame_previous,frequency_diagnosis,global_dc_l1,global_dc_rmse,local_frequency_share,local_rmse_share,motion_band,motion_mean_px,motion_p90_px,raw_temporal_l1,raw_temporal_mse,raw_temporal_rmse,raw_weight,sigma_16_coarse_l1,sigma_16_coarse_mse,sigma_16_coarse_rmse,sigma_16_local_l1,sigma_16_local_mse,sigma_16_local_rmse,sigma_16_weight,sigma_32_coarse_l1,sigma_32_coarse_mse,sigma_32_coarse_rmse,sigma_32_local_l1,sigma_32_local_mse,sigma_32_local_rmse,sigma_32_weight,sigma_8_coarse_l1,sigma_8_coarse_mse,sigma_8_coarse_rmse,sigma_8_local_l1,sigma_8_local_mse,sigma_8_local_rmse,sigma_8_weight,spatial_scope_diagnosis,status,teacher_flow,unit_id,valid_coverage,video,window_boundary
0.585479736328125,BasketballPass__000000-000007,BasketballPass__000000-000007,0.12987762689590454,0.29570202854697114,0.722448468208313,0.9688224792480469,1,0,local_high_frequency_dominant,0.0021049303468316793,0.0024158840533345938,0.8023759587999465,0.8023759587999465,static,0.03970610350370407,0.07125754654407501,0.017263347283005714,0.0008017434156499803,0.02831507400043271,150708.6875,0.004937602207064629,4.141825411352329e-05,0.006435701524583259,0.015646152198314667,0.0006827599718235433,0.026129676075748495,149486.6875,0.004344770219177008,3.1157196644926444e-05,0.005581863187585884,0.016055608168244362,0.0007055834284983575,0.026562820416860058,149468.6875,0.006097133737057447,7.019436452537775e-05,0.00837820771557842,0.014822207391262054,0.0006286832503974438,0.0250735567959044,149562.6875,distributed_or_mixed,ok,/home/cilab/ndquan/videoInpainting/code/BrushNet/examples/brushnet/dataset_test_stc/teacher_flows_512x512/test/Class_D/BasketballPass/000000_000001.npz,BasketballPass,0.5749080181121826,BasketballPass,0
0.6173095703125,BasketballPass__000000-000007,BasketballPass__000000-000007,0.1559220850467682,0.40490870521996,0.6099544167518616,0.97259521484375,2,1,local_high_frequency_dominant,0.002163912635296583,0.0028189453296363354,0.759799499394831,0.759799499394831,static,0.04146772623062134,0.07506255060434341,0.016587238758802414,0.000585820060223341,0.02420371996663614,151354.015625,0.005419054534286261,5.019123273086734e-05,0.0070845771031775315,0.014867463149130344,0.0005022015538997948,0.022409853946418187,150843.71875,0.004169650375843048,3.2043408282333985e-05,0.005660689735565268,0.01547381654381752,0.0005302588106133044,0.023027349187722507,150837.71875,0.0068063875660300255,8.060479012783617e-05,0.00897801704876061,0.013843976892530918,0.00045121932635083795,0.021241923791192687,150845.6875,distributed_or_mixed,ok,/home/cilab/ndquan/videoInpainting/code/BrushNet/examples/brushnet/dataset_test_stc/teacher_flows_512x512/test/Class_D/BasketballPass/000001_000002.npz,BasketballPass,0.577369749546051,BasketballPass,0
0.6440467834472656,BasketballPass__000000-000007,BasketballPass__000000-000007,0.08718005567789078,0.33971761055081456,0.6910415887832642,0.9765586853027344,3,2,local_high_frequency_dominant,0.0010641171829774976,0.0011949524050578475,0.8093263834085188,0.8093263834085188,static,0.03838097304105759,0.07021556049585342,0.012633124366402626,0.00040854583494365215,0.020212516788951647,161079.3125,0.003258307231590152,1.7151149222627282e-05,0.004141394598758646,0.011539671570062637,0.00030900066485628486,0.017578414742413062,160599.5,0.0024423880968242884,9.530550414638128e-06,0.003087158955194586,0.011903981678187847,0.00032492607715539634,0.018025706009901426,160593.78125,0.004376924596726894,3.3923563023563474e-05,0.005824393790220874,0.010887833312153816,0.00027794891502708197,0.016671799993614424,160603.265625,distributed_or_mixed,ok,/home/cilab/ndquan/videoInpainting/code/BrushNet/examples/brushnet/dataset_test_stc/teacher_flows_512x512/test/Class_D/BasketballPass/000002_000003.npz,BasketballPass,0.6144688129425049,BasketballPass,0
0.6558685302734375,BasketballPass__000000-000007,BasketballPass__000000-000007,0.12182627618312836,0.3810354334484081,0.6426639556884766,0.9739151000976562,4,3,local_high_frequency_dominant,0.0014933133497834206,0.0017200649017468095,0.769887269764302,0.769887269764302,static,0.03199922665953636,0.05802328884601593,0.013123019598424435,0.0003862827434204519,0.019654077017770433,166834.234375,0.0042800456285476685,2.9445929612847976e-05,0.005426410380062309,0.011815297417342663,0.00032960838871076703,0.01815512017891281,166579.109375,0.0036789909936487675,2.0237022908986546e-05,0.004498557869916374,0.012182029895484447,0.0003460138395894319,0.01860144724448697,166576.15625,0.005223262123763561,4.6203356760088354e-05,0.006797305110121831,0.011177951470017433,0.0003002867160830647,0.01732878287944842,166581.0625,distributed_or_mixed,ok,/home/cilab/ndquan/videoInpainting/code/BrushNet/examples/brushnet/dataset_test_stc/teacher_flows_512x512/test/Class_D/BasketballPass/000003_000004.npz,BasketballPass,0.6364220976829529,BasketballPass,0
0.6656112670898438,BasketballPass__000000-000007,BasketballPass__000000-000007,0.08697473257780075,0.31551828002269283,0.7144220471382141,0.966705322265625,5,4,local_high_frequency_dominant,0.0012029965873807669,0.0012486240593716502,0.7727702463467085,0.7727702463467085,static,0.05728520080447197,0.13541048765182495,0.013309042900800705,0.00045851065078750253,0.021412861807509582,170945.625,0.004500939045101404,3.530231333570555e-05,0.005941574987804627,0.012101046741008759,0.00040829452336765826,0.02020629910121243,170945.625,0.003997334279119968,2.7628988391370513e-05,0.005256328413576392,0.012436410412192345,0.0004235586675349623,0.02058054099228109,170939.828125,0.005340276751667261,5.34683458681684e-05,0.007312205267097498,0.01143656950443983,0.0003710755263455212,0.01926332075073042,170945.625,distributed_or_mixed,ok,/home/cilab/ndquan/videoInpainting/code/BrushNet/examples/brushnet/dataset_test_stc/teacher_flows_512x512/test/Class_D/BasketballPass/000004_000005.npz,BasketballPass,0.6521058082580566,BasketballPass,0
0.677703857421875,BasketballPass__000000-000007,BasketballPass__000000-000007,0.15833671391010284,0.3347363820892776,0.6786052584648132,0.9681282043457031,6,5,local_high_frequency_dominant,0.0020990946795791388,0.002194272121414542,0.7913435264209592,0.7913435264209592,static,0.04732907563447952,0.09863600134849548,0.012874188832938671,0.0003985273651778698,0.019963150181719062,173867.953125,0.0036517372354865074,2.4917544578784145e-05,0.004991747647746643,0.011992375366389751,0.00035840299096889794,0.01893153430044427,173867.953125,0.0029823596123605967,1.5594914657413028e-05,0.003949039713324371,0.012394963763654232,0.0003751251788344234,0.019368148564961583,173862.390625,0.004650836810469627,4.165827340329997e-05,0.006454322071550193,0.011338009499013424,0.00032891432056203485,0.018135995163266746,173867.953125,distributed_or_mixed,ok,/home/cilab/ndquan/videoInpainting/code/BrushNet/examples/brushnet/dataset_test_stc/teacher_flows_512x512/test/Class_D/BasketballPass/000005_000006.npz,BasketballPass,0.6632536053657532,BasketballPass,0
0.6893806457519531,BasketballPass__000000-000007,BasketballPass__000000-000007,0.13318262994289398,0.3431266341861824,0.6875770688056946,0.9694747924804688,7,6,local_high_frequency_dominant,0.0014613406965509057,0.0017024979460984468,0.7975147875523318,0.7975147875523318,static,0.043361883610486984,0.08361796289682388,0.011762017384171486,0.00034244073322042823,0.01850515423390003,176295.59375,0.0035221518483012915,1.9960463760071434e-05,0.004467713482316366,0.01088127214461565,0.0003096431610174477,0.01759668039766159,176295.59375,0.0029190280474722385,1.2845767741964664e-05,0.0035840992929834776,0.011232578195631504,0.00032281765015795827,0.017967126931091634,176283.96875,0.004464718047529459,3.463291432126425e-05,0.005884973604126382,0.010269093327224255,0.00028367096092551947,0.016842534278591195,176295.546875,distributed_or_mixed,ok,/home/cilab/ndquan/videoInpainting/code/BrushNet/examples/brushnet/dataset_test_stc/teacher_flows_512x512/test/Class_D/BasketballPass/000006_000007.npz,BasketballPass,0.6725143194198608,BasketballPass,0
0.6962127685546875,BasketballPass__000006-000013,BasketballPass__000000-000007,0.33377930521965027,0.3833872743652197,0.6391530632972717,0.9755592346191406,8,7,local_high_frequency_dominant,0.0033923631999641657,0.004398893099278212,0.7221931225586251,0.7221931225586251,static,0.0371880941092968,0.06795277446508408,0.011945529840886593,0.0003302849072497338,0.018173742246706752,179761.859375,0.004658810794353485,4.0841299778549e-05,0.006390719816933692,0.010545064695179462,0.0002760071074590087,0.016613461633838044,179761.859375,0.004102570004761219,3.154236765112728e-05,0.0056162592222160895,0.010904801078140736,0.0002891273470595479,0.017003745089231016,179743.421875,0.005386000499129295,5.589233842329122e-05,0.007476117871147513,0.009936578571796417,0.00025171885499730706,0.015865650159930637,179761.859375,distributed_or_mixed,ok,/home/cilab/ndquan/videoInpainting/code/BrushNet/examples/brushnet/dataset_test_stc/teacher_flows_512x512/test/Class_D/BasketballPass/000007_000008.npz,BasketballPass,0.6857370734214783,BasketballPass,1
0.6971893310546875,BasketballPass__000006-000013,BasketballPass__000006-000013,0.4672067165374756,0.5721149067293992,0.5218551754951477,0.9770126342773438,9,8,local_high_frequency_dominant,0.008258285000920296,0.009949208237230778,0.6523682541383731,0.6523682541383731,static,0.04946710169315338,0.09178902208805084,0.01883845590054989,0.000670694571454078,0.02589777155382443,181051.53125,0.009836800396442413,0.00014328499673865736,0.011970171124033998,0.014835295267403126,0.0005046002916060388,0.02246330989872238,181051.53125,0.009388234466314316,0.0001295180118177086,0.01138059804306033,0.015328606590628624,0.0005288184620440006,0.02299605318405749,181023.78125,0.010634418576955795,0.00017057092918548733,0.013060280593673604,0.01392789464443922,0.00045597448479384184,0.021353559066203502,181051.53125,distributed_or_mixed,ok,/home/cilab/ndquan/videoInpainting/code/BrushNet/examples/brushnet/dataset_test_stc/teacher_flows_512x512/test/Class_D/BasketballPass/000008_000009.npz,BasketballPass,0.6906567811965942,BasketballPass,0
0.7010879516601562,BasketballPass__000006-000013,BasketballPass__000006-000013,0.18691816926002502,0.35955617807805335,0.667939305305481,0.9787445068359375,10,9,local_high_frequency_dominant,0.0018566673388704658,0.0022312873043119907,0.7837928175947113,0.7837928175947113,static,0.04247692972421646,0.08475098758935928,0.010929870419204235,0.0002848230651579797,0.01687670184479123,182025.25,0.0031210212036967278,1.9320985302329063e-05,0.0043955642757590365,0.010142523795366287,0.0002539168926887214,0.015934769928954776,182025.25,0.0026301234029233456,1.2589355719683226e-05,0.003548148209937576,0.010450547561049461,0.0002658978628460318,0.016306374914309796,181993.03125,0.0039534009993076324,3.28190071741119e-05,0.0057287875832598215,0.009548275731503963,0.000228738397709094,0.01512409989748461,182025.25,distributed_or_mixed,ok,/home/cilab/ndquan/videoInpainting/code/BrushNet/examples/brushnet/dataset_test_stc/teacher_flows_512x512/test/Class_D/BasketballPass/000009_000010.npz,BasketballPass,0.694371223449707,BasketballPass,0
0.7066879272460938,BasketballPass__000006-000013,BasketballPass__000006-000013,0.33537277579307556,0.3967240664353216,0.6683412790298462,0.9821853637695312,11,10,local_high_frequency_dominant,0.004464224446564913,0.004973864182829857,0.747365153330959,0.747365153330959,static,0.0371708944439888,0.0695243552327156,0.013418452814221382,0.0004317187995184213,0.020777843957408604,183243.046875,0.005323509220033884,4.278453707229346e-05,0.006540988998025716,0.01182420365512371,0.0003744260175153613,0.019350090891656332,183181.671875,0.004820163827389479,3.4406384656904265e-05,0.00586569558167693,0.012137128040194511,0.0003878998977597803,0.019695174479038777,183159.578125,0.006045996211469173,5.902116754441522e-05,0.007682523514081504,0.011174921877682209,0.0003430440556257963,0.018521448529361745,183168.28125,distributed_or_mixed,ok,/home/cilab/ndquan/videoInpainting/code/BrushNet/examples/brushnet/dataset_test_stc/teacher_flows_512x512/test/Class_D/BasketballPass/000010_000011.npz,BasketballPass,0.6990167498588562,BasketballPass,0
0.712982177734375,BasketballPass__000006-000013,BasketballPass__000006-000013,0.3335271179676056,0.39279985259370054,0.6726164221763611,0.9787940979003906,12,11,local_high_frequency_dominant,0.004942935425788164,0.0055266013368964195,0.7151084840306648,0.7151084840306648,static,0.03882226720452309,0.07044149190187454,0.014997861348092556,0.0005525863380171359,0.023507155038777785,184476.078125,0.006271853111684322,6.987352389842272e-05,0.008359038455374081,0.012787537649273872,0.0004402480844873935,0.020982089612033246,184406.6875,0.005684877745807171,5.401476664701477e-05,0.007349473902737173,0.013193629682064056,0.0004644315631594509,0.021550674308695096,184300.953125,0.007075542584061623,9.861183207249269e-05,0.009930349040818891,0.012038460932672024,0.00039253252907656133,0.019812433698982095,184400.796875,distributed_or_mixed,ok,/home/cilab/ndquan/videoInpainting/code/BrushNet/examples/brushnet/dataset_test_stc/teacher_flows_512x512/test/Class_D/BasketballPass/000011_000012.npz,BasketballPass,0.7037203907966614,BasketballPass,0
0.7059364318847656,BasketballPass__000006-000013,BasketballPass__000006-000013,0.22552479803562164,0.3606252851587112,0.6728183031082153,0.98370361328125,13,12,local_high_frequency_dominant,0.002403769874945283,0.002654420677572489,0.758423634741065,0.758423634741065,static,0.06177080050110817,0.1314859241247177,0.010783401317894459,0.0002788082347251475,0.016697551758420977,184044.5,0.003522610990330577,2.4604885766166262e-05,0.004960331215369218,0.009809215553104877,0.00024251364811789244,0.015572849710887614,184033.28125,0.002928984584286809,1.5318473742809147e-05,0.00391388218305165,0.010032457299530506,0.0002464539429638535,0.01569885164474948,183236.265625,0.004244030453264713,3.5456014302326366e-05,0.005954495302066026,0.009294267743825912,0.0002232446422567591,0.01494137350636678,184039.265625,distributed_or_mixed,ok,/home/cilab/ndquan/videoInpainting/code/BrushNet/examples/brushnet/dataset_test_stc/teacher_flows_512x512/test/Class_D/BasketballPass/000012_000013.npz,BasketballPass,0.7020740509033203,BasketballPass,0
0.7115859985351562,BasketballPass__000012-000019,BasketballPass__000006-000013,0.2529344856739044,0.3843817858250747,0.6639599204063416,0.9843521118164062,14,13,local_high_frequency_dominant,0.002826087409630418,0.0028844354674220085,0.7468933981446664,0.7468933981446664,static,0.04052840918302536,0.06962429732084274,0.010338341817259789,0.0002530923520680517,0.015908876518096797,183719.828125,0.0038453193847090006,2.4996323190862313e-05,0.004999632305566311,0.009222523309290409,0.00021766391000710428,0.014753437226866974,183681.046875,0.003310015657916665,1.6491321730427444e-05,0.004060950840680966,0.009281475096940994,0.00020804732048418373,0.01442384555117614,182258.515625,0.00448219571262598,3.590949563658796e-05,0.005992453223562781,0.008737337775528431,0.00020033534383401275,0.014153986852968769,183716.828125,distributed_or_mixed,ok,/home/cilab/ndquan/videoInpainting/code/BrushNet/examples/brushnet/dataset_test_stc/teacher_flows_512x512/test/Class_D/BasketballPass/000013_000014.npz,BasketballPass,0.7008355259895325,BasketballPass,1
0.7123947143554688,BasketballPass__000012-000019,BasketballPass__000012-000019,0.12603458762168884,0.36723356746444674,0.6578720211982727,0.9815216064453125,15,14,local_high_frequency_dominant,0.0013144821859896183,0.0014094449579715729,0.7763134634004764,0.7763134634004764,static,0.04243310168385506,0.07902758568525314,0.010259768925607204,0.0002465618890710175,0.015702289293953845,184477.765625,0.002938308985903859,1.802143015083857e-05,0.004245165503350672,0.009436405263841152,0.00021706199913751334,0.01473302410021491,184076.390625,0.0023463303223252296,1.1461561371106654e-05,0.003385492781133443,0.00965319387614727,0.00022368200006894767,0.014956002141914384,183655.5625,0.0037294847425073385,2.8134367312304676e-05,0.0053041839440487615,0.009001528844237328,0.0002014099882217124,0.014191898682759555,184440.21875,distributed_or_mixed,ok,/home/cilab/ndquan/videoInpainting/code/BrushNet/examples/brushnet/dataset_test_stc/teacher_flows_512x512/test/Class_D/BasketballPass/000014_000015.npz,BasketballPass,0.7037268280982971,BasketballPass,0
0.7085800170898438,BasketballPass__000012-000019,BasketballPass__000012-000019,0.0634259283542633,0.3107937160094714,0.7220067381858826,0.9833221435546875,16,15,local_high_frequency_dominant,0.0006372721400111914,0.0006688967696391046,0.803834932799946,0.803834932799946,static,0.03742071986198425,0.06873280555009842,0.009708710946142673,0.00026070806779898703,0.016146456818726115,184944.234375,0.0027192088309675455,1.406431692885235e-05,0.0037502422493556798,0.009070318192243576,0.0002361614751862362,0.015367546166718883,184944.234375,0.002019750652834773,7.079341685312102e-06,0.002660703231349205,0.009379593655467033,0.0002470949839334935,0.015719255196525485,184944.234375,0.0035039614886045456,2.596354897832498e-05,0.005095443943203082,0.008602038957178593,0.00021549129451159388,0.014679621742796845,184944.234375,distributed_or_mixed,ok,/home/cilab/ndquan/videoInpainting/code/BrushNet/examples/brushnet/dataset_test_stc/teacher_flows_512x512/test/Class_D/BasketballPass/000015_000016.npz,BasketballPass,0.7055062651634216,BasketballPass,0
0.7143287658691406,BasketballPass__000012-000019,BasketballPass__000012-000019,0.1022082045674324,0.3293978301550044,0.7032987475395203,0.9809989929199219,17,16,local_high_frequency_dominant,0.0006449019419960678,0.0010808688821271062,0.8076062996812652,0.8076062996812652,static,0.04413178563117981,0.08422108739614487,0.00970842782407999,0.000245810195337981,0.015678335222145907,184850.1875,0.0026598642580211163,1.2665353096963372e-05,0.0035588415386138468,0.00905280839651823,0.0002231695834780112,0.014938861518804275,184850.1875,0.001908777398057282,6.104533440520754e-06,0.0024707354047976797,0.009354101493954659,0.00023410588619299233,0.015300519147826075,184850.1875,0.0035501201637089252,2.4392846171394922e-05,0.0049389114358727795,0.008569538593292236,0.00020352134015411139,0.014266090570093525,184850.1875,distributed_or_mixed,ok,/home/cilab/ndquan/videoInpainting/code/BrushNet/examples/brushnet/dataset_test_stc/teacher_flows_512x512/test/Class_D/BasketballPass/000016_000017.npz,BasketballPass,0.7051475048065186,BasketballPass,0
0.7105484008789062,BasketballPass__000012-000019,BasketballPass__000012-000019,0.16708457469940186,0.36015428728205845,0.6614812612533569,0.9824790954589844,18,17,local_high_frequency_dominant,0.0012729157460853457,0.0016620587557554245,0.7868601905410126,0.7868601905410126,static,0.038055527955293655,0.073552206158638,0.009137706831097603,0.0001966438430827111,0.01402297554311178,185859.015625,0.0026982203125953674,1.2932516256114468e-05,0.0035961807874625084,0.008522390387952328,0.0001762580795912072,0.01327622233887363,185859.015625,0.0021646199747920036,8.248448466474656e-06,0.002872011223250121,0.008770855143666267,0.00018376998195890337,0.013556178737347165,185859.015625,0.003435247577726841,2.1186428057262674e-05,0.0046028717185321024,0.008069605566561222,0.00016247748862951994,0.012746665784805059,185859.015625,distributed_or_mixed,ok,/home/cilab/ndquan/videoInpainting/code/BrushNet/examples/brushnet/dataset_test_stc/teacher_flows_512x512/test/Class_D/BasketballPass/000017_000018.npz,BasketballPass,0.7089958786964417,BasketballPass,0
0.7049484252929688,BasketballPass__000012-000019,BasketballPass__000012-000019,0.10805433988571167,0.37126090456196836,0.6561229228973389,0.9828720092773438,19,18,local_high_frequency_dominant,0.0009564092033542693,0.0010599293746054173,0.8064386859241327,0.8064386859241327,static,0.03647218272089958,0.06518429517745972,0.009024174883961678,0.00018887524493038654,0.013743189037861137,183815.0,0.002510940423235297,9.899691576720215e-06,0.003146377532452235,0.00845432560890913,0.0001718411804176867,0.013108820710410479,183815.0,0.0019317407859489322,5.656720077240607e-06,0.0023783860235968017,0.008726472035050392,0.0001795355201466009,0.013399086541499794,183815.0,0.003287240397185087,1.8229184206575155e-05,0.004269564873213096,0.007982978597283363,0.00015780513058416545,0.012562051209263774,183815.0,distributed_or_mixed,ok,/home/cilab/ndquan/videoInpainting/code/BrushNet/examples/brushnet/dataset_test_stc/teacher_flows_512x512/test/Class_D/BasketballPass/000018_000019.npz,BasketballPass,0.7011985778808594,BasketballPass,0
0.706268310546875,BasketballPass__000018-000025,BasketballPass__000012-000019,0.19537119567394257,0.37729712764345547,0.6517114639282227,0.9868011474609375,20,19,local_high_frequency_dominant,0.0015696637565270066,0.001848510466516018,0.7788467108004548,0.7788467108004548,static,0.03577616810798645,0.06232642009854317,0.008679687976837158,0.0001742278691381216,0.013199540489658025,184745.859375,0.002864152891561389,1.2547619917313568e-05,0.0035422619775100726,0.007890100590884686,0.00015562470071017742,0.012474962954260723,184745.859375,0.0024240403436124325,8.548347977921367e-06,0.0029237557999808,0.008151538670063019,0.0001621502888156101,0.012733824594975782,184745.859375,0.0034920501057058573,1.961901034519542e-05,0.00442933520352608,0.007461043074727058,0.0001429589610779658,0.01195654469643993,184745.859375,distributed_or_mixed,ok,/home/cilab/ndquan/videoInpainting/code/BrushNet/examples/brushnet/dataset_test_stc/teacher_flows_512x512/test/Class_D/BasketballPass/000019_000020.npz,BasketballPass,0.7047495245933533,BasketballPass,1
0.7078437805175781,BasketballPass__000018-000025,BasketballPass__000018-000025,0.24802696704864502,0.3769997781781392,0.6643373370170593,0.98541259765625,21,20,local_high_frequency_dominant,0.0019267663592472672,0.002569518517702818,0.7920597250079136,0.7920597250079136,static,0.035704709589481354,0.062102749943733215,0.009445637464523315,0.00021271865989547223,0.014584877781300474,184804.21875,0.0028835362754762173,1.3251632481114939e-05,0.0036402791762603784,0.00868949480354786,0.0001922684459714219,0.013866089786649367,184804.21875,0.0023826754186302423,9.287152352044359e-06,0.0030474829535281013,0.008981120772659779,0.00020019299699924886,0.014148957452733006,184804.21875,0.0036211833357810974,2.1743366232840344e-05,0.004662978257813384,0.00820868369191885,0.00017726981604937464,0.013314271142250884,184804.21875,distributed_or_mixed,ok,/home/cilab/ndquan/videoInpainting/code/BrushNet/examples/brushnet/dataset_test_stc/teacher_flows_512x512/test/Class_D/BasketballPass/000020_000021.npz,BasketballPass,0.7049721479415894,BasketballPass,0
0.7046661376953125,BasketballPass__000018-000025,BasketballPass__000018-000025,0.10934685170650482,0.3815454303513527,0.638846755027771,0.9912223815917969,22,21,local_high_frequency_dominant,0.0006890008226037025,0.0008534080698154867,0.8142734127524094,0.8142734127524094,static,0.0359496995806694,0.06374246627092361,0.00712361978366971,0.00011781702778534964,0.010854355245031814,184095.296875,0.0018544972408562899,5.602823875960894e-06,0.0023670284907370454,0.006773289293050766,0.00010769593791337684,0.010377665340209079,184095.296875,0.0013462979113683105,2.864982207029243e-06,0.0016926258319632378,0.006987485568970442,0.00011262637417530641,0.010612557381484748,184095.296875,0.0024950297083705664,1.0736720469139982e-05,0.003276693526886514,0.006399465724825859,9.890693036140874e-05,0.009945196346046101,184095.296875,distributed_or_mixed,ok,/home/cilab/ndquan/videoInpainting/code/BrushNet/examples/brushnet/dataset_test_stc/teacher_flows_512x512/test/Class_D/BasketballPass/000021_000022.npz,BasketballPass,0.7022678256034851,BasketballPass,0
0.7001876831054688,BasketballPass__000018-000025,BasketballPass__000018-000025,0.2789476811885834,0.37998361103523626,0.636974573135376,0.9881324768066406,23,22,local_high_frequency_dominant,0.002537628635764122,0.0028186836279928684,0.7612454007894075,0.7612454007894075,static,0.04045433923602104,0.0840151384472847,0.009299944154918194,0.00019457050075288862,0.013948853026427966,183014.75,0.0032809539698064327,1.688697375357151e-05,0.004109376321727119,0.008440685458481312,0.00017167130135931075,0.013102339537628795,183014.75,0.0029914043843746185,1.3245086847746279e-05,0.0036393800087028945,0.008683505468070507,0.00017798153567127883,0.013340972066205627,183014.75,0.00379967805929482,2.389314067841042e-05,0.004888061034644557,0.008023165166378021,0.00015927929780445993,0.01262059023201609,183014.75,distributed_or_mixed,ok,/home/cilab/ndquan/videoInpainting/code/BrushNet/examples/brushnet/dataset_test_stc/teacher_flows_512x512/test/Class_D/BasketballPass/000022_000023.npz,BasketballPass,0.698145866394043,BasketballPass,0
0.7033348083496094,BasketballPass__000018-000025,BasketballPass__000018-000025,0.1262313723564148,0.37036774720784527,0.6505658626556396,0.9912147521972656,24,23,local_high_frequency_dominant,0.0013190507888793945,0.0015528590884059668,0.7831428815789196,0.7831428815789196,static,0.03525130823254585,0.06408579647541046,0.011407551355659962,0.0002967407344840467,0.01722616424175872,183521.203125,0.0033564420882612467,2.0400613720994443e-05,0.004516703855799541,0.010454750619828701,0.0002660589525476098,0.016311313636479738,183521.203125,0.0026251196395605803,1.2926871022500563e-05,0.0035953958088784277,0.010780819691717625,0.0002768503036350012,0.016638819177904458,183521.203125,0.004292607307434082,3.219291829736903e-05,0.005673880356279028,0.009914330206811428,0.0002451667678542435,0.015657802139963435,183521.203125,distributed_or_mixed,ok,/home/cilab/ndquan/videoInpainting/code/BrushNet/examples/brushnet/dataset_test_stc/teacher_flows_512x512/test/Class_D/BasketballPass/000023_000024.npz,BasketballPass,0.7000778317451477,BasketballPass,0
0.7023277282714844,BasketballPass__000018-000025,BasketballPass__000018-000025,0.12223240733146667,0.3474808577890406,0.6853961944580078,0.9889373779296875,25,24,local_high_frequency_dominant,0.0009430961799807847,0.0011481635738164186,0.8132928699838701,0.8132928699838701,static,0.03385119140148163,0.06749295443296432,0.008627881295979023,0.00018425680173095316,0.013574122503165836,183463.046875,0.0023603125009685755,8.977457582659554e-06,0.0029962405748970747,0.008048356510698795,0.00017034346819855273,0.013051569568391104,183463.046875,0.0019159001531079412,5.733257694373606e-06,0.002394422204702756,0.008265429176390171,0.00017560453852638602,0.013251586264533995,183463.046875,0.002982106991112232,1.4716778423462529e-05,0.0038362453549613492,0.007669431157410145,0.00015987110964488238,0.012644014775571973,183463.046875,distributed_or_mixed,ok,/home/cilab/ndquan/videoInpainting/code/BrushNet/examples/brushnet/dataset_test_stc/teacher_flows_512x512/test/Class_D/BasketballPass/000024_000025.npz,BasketballPass,0.6998559832572937,BasketballPass,0
0.70623779296875,BasketballPass__000024-000031,BasketballPass__000018-000025,0.1254063993692398,0.3866678992071864,0.6342652440071106,0.9880180358886719,26,25,local_high_frequency_dominant,0.0011568538611754775,0.001181286876089871,0.7923976683521543,0.7923976683521543,static,0.03301100432872772,0.06143715977668762,0.008646105416119099,0.0001675549865467474,0.012944303246862977,183855.0625,0.002499824622645974,1.0349222975492012e-05,0.0032170208229807917,0.00802882481366396,0.00015077511488925666,0.012279051872569667,183855.0625,0.001982318237423897,6.306016530288616e-06,0.002511178315111975,0.008288550190627575,0.00015772134065628052,0.01255871572479768,183855.0625,0.0031974974554032087,1.7550381016917527e-05,0.004189317488197514,0.007609526626765728,0.00013853676500730217,0.011770164187780142,183855.0625,distributed_or_mixed,ok,/home/cilab/ndquan/videoInpainting/code/BrushNet/examples/brushnet/dataset_test_stc/teacher_flows_512x512/test/Class_D/BasketballPass/000025_000026.npz,BasketballPass,0.7013514041900635,BasketballPass,1
0.7069549560546875,BasketballPass__000024-000031,BasketballPass__000024-000031,0.08624476194381714,0.35016636778082666,0.6726365089416504,0.9919624328613281,27,26,local_high_frequency_dominant,0.0007669035694561899,0.0007936899201013148,0.8376881180510405,0.8376881180510405,static,0.05997312441468239,0.09813755005598068,0.00848396122455597,0.0001734256511554122,0.013169117326359128,185071.40625,0.0019203955307602882,6.100235168560175e-06,0.0024698654150702576,0.00811930000782013,0.00016248402243945748,0.01274692207709208,185071.40625,0.001411376753821969,3.3099254324042704e-06,0.0018193200467219257,0.008316763676702976,0.00016779877478256822,0.012953716639735803,185071.40625,0.0025996139738708735,1.1979265764239244e-05,0.0034611075921212337,0.007756640203297138,0.00015109748346731067,0.012292171633495469,185071.40625,distributed_or_mixed,ok,/home/cilab/ndquan/videoInpainting/code/BrushNet/examples/brushnet/dataset_test_stc/teacher_flows_512x512/test/Class_D/BasketballPass/000026_000027.npz,BasketballPass,0.7059913873672485,BasketballPass,0
0.7180747985839844,BasketballPass__000024-000031,BasketballPass__000024-000031,0.14018328487873077,0.36502929977586346,0.6456631422042847,0.98919677734375,28,27,local_high_frequency_dominant,0.0012789717875421047,0.0014948943862691522,0.8041283067684195,0.8041283067684195,static,0.04503512382507324,0.07425237447023392,0.00982443243265152,0.00022017740411683917,0.014838376060635448,185113.265625,0.002725224709138274,1.1912150512216613e-05,0.0034513983415735442,0.009183731861412525,0.00020076939836144447,0.014169311852078226,185113.265625,0.0021384775172919035,6.959964139241492e-06,0.0026381743951531126,0.009439622983336449,0.00020883417164441198,0.01445109586309675,185113.265625,0.0034834607504308224,2.0543109712889418e-05,0.004532450740260661,0.008721347898244858,0.00018524023471400142,0.01361029884734356,185113.265625,distributed_or_mixed,ok,/home/cilab/ndquan/videoInpainting/code/BrushNet/examples/brushnet/dataset_test_stc/teacher_flows_512x512/test/Class_D/BasketballPass/000027_000028.npz,BasketballPass,0.7061510682106018,BasketballPass,0
0.7125282287597656,BasketballPass__000024-000031,BasketballPass__000024-000031,0.2455672025680542,0.4009743823112134,0.6334145069122314,0.9908485412597656,29,28,local_high_frequency_dominant,0.002175590256229043,0.002598472638055682,0.7825989830892333,0.7825989830892333,static,0.04056834056973457,0.06707466393709183,0.009609690867364407,0.0002063199644908309,0.01436384226071948,186745.828125,0.0029359266627579927,1.4395933249033988e-05,0.003794197312875806,0.00885788258165121,0.0001865499943960458,0.013658330585984724,186745.828125,0.0025644160341471434,1.0644570465956349e-05,0.003262601793960818,0.009069056250154972,0.000192444960703142,0.013872453305134676,186745.828125,0.0034768248442560434,2.0934185158694163e-05,0.004575389071837953,0.00845931563526392,0.00017428143473807722,0.013201569404357847,186745.828125,distributed_or_mixed,ok,/home/cilab/ndquan/videoInpainting/code/BrushNet/examples/brushnet/dataset_test_stc/teacher_flows_512x512/test/Class_D/BasketballPass/000028_000029.npz,BasketballPass,0.7123787999153137,BasketballPass,0
0.7158050537109375,BasketballPass__000024-000031,BasketballPass__000024-000031,0.07160933315753937,0.3377168724191444,0.675100564956665,0.9911956787109375,30,29,local_high_frequency_dominant,0.000663982646074146,0.000762594398111105,0.8219887214170083,0.8219887214170083,static,0.051345184445381165,0.08714035898447037,0.009897725656628609,0.00023306476941797882,0.015266458967880496,186194.3125,0.002501388778910041,1.0092930097016506e-05,0.003176937219558565,0.009255850687623024,0.00021520578593481332,0.014669893862424954,186194.3125,0.0017516767838969827,4.8458882702107076e-06,0.002201337836455529,0.0095708342269063,0.0002238241577288136,0.014960753915789592,186194.3125,0.003399979555979371,1.9105375031358562e-05,0.00437096957566151,0.00880189798772335,0.00020007601415272802,0.014144822874561844,186194.3125,distributed_or_mixed,ok,/home/cilab/ndquan/videoInpainting/code/BrushNet/examples/brushnet/dataset_test_stc/teacher_flows_512x512/test/Class_D/BasketballPass/000029_000030.npz,BasketballPass,0.7102749347686768,BasketballPass,0
0.7180252075195312,BasketballPass__000024-000031,BasketballPass__000024-000031,0.1391654759645462,0.3917611767914147,0.6225609183311462,0.9828720092773438,31,30,local_high_frequency_dominant,0.0012481337180361152,0.0014860490337014198,0.7896250719221711,0.7896250719221711,static,0.052403781563043594,0.10076933354139328,0.009851519018411636,0.00021098041906952858,0.01452516502727348,186957.109375,0.0029196578543633223,1.3512680197891314e-05,0.00367595976554305,0.009106348268687725,0.0001903686352306977,0.013797414077670413,186957.109375,0.0023622470907866955,8.495126166963018e-06,0.002914639972099988,0.00939391739666462,0.0001980707747861743,0.01407376192729486,186957.109375,0.003659522160887718,2.1618745449814014e-05,0.004649596267399355,0.008629288524389267,0.00017619993013795465,0.013274032173305693,186957.109375,distributed_or_mixed,ok,/home/cilab/ndquan/videoInpainting/code/BrushNet/examples/brushnet/dataset_test_stc/teacher_flows_512x512/test/Class_D/BasketballPass/000030_000031.npz,BasketballPass,0.7131847739219666,BasketballPass,0
0.7183151245117188,BasketballPass__000030-000037,BasketballPass__000024-000031,0.20644815266132355,0.4250775484008985,0.6055864691734314,0.9902267456054688,32,31,local_high_frequency_dominant,0.0022672160994261503,0.002444769721478224,0.7832177645480863,0.7832177645480863,static,0.049732279032468796,0.08213603496551514,0.010790668427944183,0.0002467752783559263,0.015709082670733076,186933.984375,0.0032583926804363728,1.7010022929753177e-05,0.004124320905282854,0.009908104315400124,0.00022203558182809502,0.014900858425879196,186933.984375,0.0027831208426505327,1.1780568456742913e-05,0.003432283271634629,0.01020811963826418,0.00023045315174385905,0.015180683507136925,186933.984375,0.003980028443038464,2.6130945116165094e-05,0.005111843612256257,0.009412488900125027,0.000206124983378686,0.014357053436505904,186933.984375,distributed_or_mixed,ok,/home/cilab/ndquan/videoInpainting/code/BrushNet/examples/brushnet/dataset_test_stc/teacher_flows_512x512/test/Class_D/BasketballPass/000031_000032.npz,BasketballPass,0.713096559047699,BasketballPass,1
0.7136154174804688,BasketballPass__000030-000037,BasketballPass__000030-000037,0.08547472953796387,0.35860836628022064,0.6504891514778137,0.9890899658203125,33,32,local_high_frequency_dominant,0.0008174593094736338,0.0009662735974416137,0.8395483317858309,0.8395483317858309,static,0.06814424693584442,0.11409016698598862,0.010542832314968109,0.0002507276658434421,0.01583438239539017,186889.0625,0.0022498031612485647,8.617448656877968e-06,0.0029355491235675086,0.010089416056871414,0.00023592916841153055,0.015359985950889752,186889.0625,0.0017433521570637822,5.174086254555732e-06,0.0022746617890481505,0.010334992781281471,0.0002426497667329386,0.015577219480155583,186889.0625,0.00307869934476912,1.6054274965426885e-05,0.004006778626955435,0.009629215113818645,0.000221640570089221,0.014887597861616931,186889.0625,distributed_or_mixed,ok,/home/cilab/ndquan/videoInpainting/code/BrushNet/examples/brushnet/dataset_test_stc/teacher_flows_512x512/test/Class_D/BasketballPass/000032_000033.npz,BasketballPass,0.7129251956939697,BasketballPass,0
0.7121810913085938,BasketballPass__000030-000037,BasketballPass__000030-000037,0.26017269492149353,0.4051689967325513,0.640668511390686,0.98651123046875,34,33,local_high_frequency_dominant,0.0030735682230442762,0.003262943821027875,0.7698511940567485,0.7698511940567485,static,0.07099077850580215,0.11541489511728287,0.011469098739326,0.0002964305749628693,0.01721715931746202,186627.5625,0.00394950807094574,2.3612379663973115e-05,0.00485925711029712,0.01039026863873005,0.0002642018662299961,0.01625428762603874,186627.5625,0.003540129866451025,1.8765549611998722e-05,0.0043319221613504,0.010679887607693672,0.0002734366280492395,0.016535919328819898,186627.5625,0.004663324914872646,3.410951831028797e-05,0.005840335462136397,0.009836431592702866,0.0002447280567139387,0.015643786520978184,186627.5625,distributed_or_mixed,ok,/home/cilab/ndquan/videoInpainting/code/BrushNet/examples/brushnet/dataset_test_stc/teacher_flows_512x512/test/Class_D/BasketballPass/000033_000034.npz,BasketballPass,0.7119276523590088,BasketballPass,0
0.7162399291992188,BasketballPass__000030-000037,BasketballPass__000030-000037,0.14364838600158691,0.3808634421759945,0.6331198811531067,0.9869117736816406,35,34,local_high_frequency_dominant,0.0014662666944786906,0.0017121804412454367,0.788185203671499,0.788185203671499,static,0.0573788583278656,0.09727766364812851,0.011038550175726414,0.00027051742654293776,0.01644741397736853,186256.671875,0.003207701724022627,1.763446744007524e-05,0.00419934131026227,0.01027960330247879,0.0002441778779029846,0.015626192047424242,186256.671875,0.002689479384571314,1.1832935342681594e-05,0.003439903391475056,0.010555624961853027,0.00025345099857077,0.01592014442681881,186256.671875,0.003981547895818949,2.7501577278599143e-05,0.005244194626308137,0.009795884601771832,0.00022704704315401614,0.015068080274342055,186256.671875,distributed_or_mixed,ok,/home/cilab/ndquan/videoInpainting/code/BrushNet/examples/brushnet/dataset_test_stc/teacher_flows_512x512/test/Class_D/BasketballPass/000034_000035.npz,BasketballPass,0.7105128169059753,BasketballPass,0
0.7139167785644531,BasketballPass__000030-000037,BasketballPass__000030-000037,0.12544530630111694,0.37009836985554795,0.6470750570297241,0.9864311218261719,36,35,local_high_frequency_dominant,0.0015158638125285506,0.0018458107952028513,0.8102688177869549,0.8102688177869549,static,0.04634146764874458,0.08978419005870819,0.013691132888197899,0.00042022010893560946,0.020499270936684785,185259.625,0.003369393525645137,2.1008614567108452e-05,0.0045835155249119046,0.012787007726728916,0.00038315830170176923,0.019574429792506582,185259.625,0.0024856124073266983,1.0657357051968575e-05,0.003264560774739624,0.013192477636039257,0.000399578595533967,0.019989462112172177,185259.625,0.004635239951312542,3.932565959985368e-05,0.006271017429401203,0.012107167392969131,0.00035273790126666427,0.01878131787885675,185259.625,distributed_or_mixed,ok,/home/cilab/ndquan/videoInpainting/code/BrushNet/examples/brushnet/dataset_test_stc/teacher_flows_512x512/test/Class_D/BasketballPass/000035_000036.npz,BasketballPass,0.7067093849182129,BasketballPass,0
0.7133636474609375,BasketballPass__000030-000037,BasketballPass__000030-000037,0.1391773372888565,0.374710987321081,0.6397179961204529,0.9836196899414062,37,36,local_high_frequency_dominant,0.001167209935374558,0.0015090646920725703,0.8110276529547032,0.8110276529547032,static,0.0698247030377388,0.10995890945196152,0.010028589516878128,0.00022609585721511394,0.015036484203932578,185934.625,0.002610651310533285,1.12242751129088e-05,0.003350264931749249,0.009423884563148022,0.00020674409461207688,0.014378598492623573,185934.625,0.0019126213155686855,6.1763512348989025e-06,0.0024852265962883348,0.009713455103337765,0.00021561566973105073,0.014683857454056502,185934.625,0.0034332696814090014,2.0512543414952233e-05,0.004529077545698708,0.0089649623259902,0.000191349521628581,0.013832914430031764,185934.625,distributed_or_mixed,ok,/home/cilab/ndquan/videoInpainting/code/BrushNet/examples/brushnet/dataset_test_stc/teacher_flows_512x512/test/Class_D/BasketballPass/000036_000037.npz,BasketballPass,0.7092843055725098,BasketballPass,0
0.7051849365234375,BasketballPass__000036-000043,BasketballPass__000030-000037,0.21989814937114716,0.38659640105615284,0.6406844258308411,0.9880828857421875,38,37,local_high_frequency_dominant,0.0018878205446526408,0.0027692720759660006,0.7850418587643248,0.7850418587643248,static,0.11566129326820374,0.1789814829826355,0.011597980745136738,0.00030267707188613713,0.017397616845020388,184413.34375,0.003527260385453701,2.053563730441965e-05,0.004531626342100555,0.010687552392482758,0.0002738962066359818,0.016549809867064388,184413.34375,0.0029510273598134518,1.491417242505122e-05,0.003861887158508288,0.0109593840315938,0.00028271786868572235,0.016814216267365015,184413.34375,0.004270236473530531,3.0470242563751526e-05,0.005519985739451826,0.010152590461075306,0.0002546503965277225,0.015957769158868117,184412.921875,distributed_or_mixed,ok,/home/cilab/ndquan/videoInpainting/code/BrushNet/examples/brushnet/dataset_test_stc/teacher_flows_512x512/test/Class_D/BasketballPass/000037_000038.npz,BasketballPass,0.7034810781478882,BasketballPass,1
0.7088241577148438,BasketballPass__000036-000043,BasketballPass__000036-000043,0.14544977247714996,0.3494057391579441,0.6744374632835388,0.9810333251953125,39,38,local_high_frequency_dominant,0.001593298395164311,0.001716688508167863,0.7988183114714841,0.7988183114714841,static,0.10149374604225159,0.1751270294189453,0.010937981307506561,0.00028867748915217817,0.016990511738972966,183272.296875,0.0030355716589838266,1.6622554539935663e-05,0.004077076714992699,0.01019249390810728,0.00026206974871456623,0.01618856845785217,183272.296875,0.0023864612448960543,9.494984624325298e-06,0.003081393292704665,0.010511120781302452,0.0002728307736106217,0.016517589824505925,183272.296875,0.003890878986567259,2.8147554985480383e-05,0.0053054269371541046,0.009650941006839275,0.00024274706083815545,0.015580342128405122,183272.046875,distributed_or_mixed,ok,/home/cilab/ndquan/videoInpainting/code/BrushNet/examples/brushnet/dataset_test_stc/teacher_flows_512x512/test/Class_D/BasketballPass/000038_000039.npz,BasketballPass,0.6991283297538757,BasketballPass,0
0.6988906860351562,BasketballPass__000036-000043,BasketballPass__000036-000043,0.2101353406906128,0.39328973870816436,0.6364148855209351,0.977264404296875,40,39,local_high_frequency_dominant,0.0026539808604866266,0.0030520830769091845,0.7877272016178319,0.7877272016178319,static,0.19518816471099854,0.2609655559062958,0.013375947251915932,0.0003934818087145686,0.01983637589668457,181131.140625,0.004023355431854725,2.5863029804895632e-05,0.005085570745245379,0.012394660152494907,0.00035615774686448276,0.01887214208468352,181131.140625,0.0034895383287221193,1.8669514247449115e-05,0.004320823329812169,0.012692212127149105,0.0003684765542857349,0.01919574312929132,181131.140625,0.004840646870434284,3.9820122765377164e-05,0.006310318753072397,0.011791081167757511,0.00032980553805828094,0.01816054894705226,181131.078125,distributed_or_mixed,ok,/home/cilab/ndquan/videoInpainting/code/BrushNet/examples/brushnet/dataset_test_stc/teacher_flows_512x512/test/Class_D/BasketballPass/000039_000040.npz,BasketballPass,0.6909604668617249,BasketballPass,0
0.6948165893554688,BasketballPass__000036-000043,BasketballPass__000036-000043,0.1184033751487732,0.3518389237946434,0.6758697628974915,0.979888916015625,41,40,local_high_frequency_dominant,0.0015494056278839707,0.001615322893485427,0.8231791512363191,0.8231791512363191,static,0.210967019200325,0.26076316833496094,0.01265594083815813,0.0003796873497776687,0.01948556773044267,180523.515625,0.003139292122796178,1.624185279069934e-05,0.004030118210511863,0.011894387193024158,0.00035201190621592104,0.018761980338331055,180523.515625,0.0025098398327827454,1.0021228263212834e-05,0.003165632363875002,0.012206758372485638,0.00036435917718335986,0.01908819470728858,180523.515625,0.00417317496612668,3.0369757951120846e-05,0.005510876332410377,0.011275649070739746,0.00032468471908941865,0.018019009936437094,180523.515625,distributed_or_mixed,ok,/home/cilab/ndquan/videoInpainting/code/BrushNet/examples/brushnet/dataset_test_stc/teacher_flows_512x512/test/Class_D/BasketballPass/000040_000041.npz,BasketballPass,0.6886425614356995,BasketballPass,0
0.6833343505859375,BasketballPass__000036-000043,BasketballPass__000036-000043,0.08891744911670685,0.3233465679034532,0.6967363953590393,0.9785003662109375,42,41,local_high_frequency_dominant,0.0009179694461636245,0.0012470692163333297,0.8320321300040621,0.8320321300040621,static,0.3060261607170105,0.38596150279045105,0.013052677735686302,0.0004251004720572382,0.020617964789407275,177893.0,0.0029625417664647102,1.6038691683206707e-05,0.004004833540012207,0.01236619520932436,0.00039354708860628307,0.019838021287575107,177893.0,0.002190101658925414,8.205483936762903e-06,0.002864521589508954,0.01270193513482809,0.0004102095263078809,0.02025362995385965,177893.0,0.0040534064173698425,3.409819328226149e-05,0.005839365828774687,0.011768288910388947,0.00035993853816762567,0.018972046230378674,177893.0,distributed_or_mixed,ok,/home/cilab/ndquan/videoInpainting/code/BrushNet/examples/brushnet/dataset_test_stc/teacher_flows_512x512/test/Class_D/BasketballPass/000041_000042.npz,BasketballPass,0.6786079406738281,BasketballPass,0
0.6807174682617188,BasketballPass__000036-000043,BasketballPass__000036-000043,0.10066866129636765,0.3270092805334054,0.7037338614463806,0.9742164611816406,43,42,local_high_frequency_dominant,0.0011094793444499373,0.0013889523688703775,0.8374809263730449,0.8374809263730449,static,0.28884774446487427,0.3501295745372772,0.012832234613597393,0.0004269191704224795,0.020662022418497166,177397.828125,0.002931118942797184,1.3520304491976276e-05,0.0036769966673871595,0.011988990008831024,0.0003590274427551776,0.01894801949426846,177258.375,0.0021626355592161417,6.911650416441262e-06,0.002629001790878291,0.012311187572777271,0.0003705446142703295,0.01924953542998712,177278.375,0.0038956128992140293,2.5610997909097932e-05,0.005060730965888024,0.011471797712147236,0.00033679144689813256,0.01835187856591615,177250.375,distributed_or_mixed,ok,/home/cilab/ndquan/videoInpainting/code/BrushNet/examples/brushnet/dataset_test_stc/teacher_flows_512x512/test/Class_D/BasketballPass/000042_000043.npz,BasketballPass,0.6767190098762512,BasketballPass,0
0.6777458190917969,BasketballPass__000042-000049,BasketballPass__000036-000043,0.13106530904769897,0.34566268357201496,0.6697282195091248,0.9740180969238281,44,43,local_high_frequency_dominant,0.0018148174276575446,0.002018827246502042,0.8304980621640077,0.8304980621640077,static,0.16496030986309052,0.22888050973415375,0.014342096634209156,0.0004840184992644936,0.022000420433812024,175310.34375,0.00329934642650187,1.880292984424159e-05,0.004336234523667002,0.013578510843217373,0.0004513915628194809,0.021245977567988742,175310.34375,0.0025309929624199867,1.0628108611854259e-05,0.0032600780070198105,0.013905692845582962,0.0004664497100748122,0.02159744684157857,175310.34375,0.004383937921375036,3.54693183908239e-05,0.005955612343900827,0.01294468343257904,0.00041886052349582314,0.020466082270327732,175309.34375,distributed_or_mixed,ok,/home/cilab/ndquan/videoInpainting/code/BrushNet/examples/brushnet/dataset_test_stc/teacher_flows_512x512/test/Class_D/BasketballPass/000043_000044.npz,BasketballPass,0.6687558889389038,BasketballPass,1
0.6793327331542969,BasketballPass__000042-000049,BasketballPass__000042-000049,0.06055837869644165,0.34684710136738617,0.6734471321105957,0.9806900024414062,45,44,local_high_frequency_dominant,0.0007063454831950366,0.0008761418866924942,0.8539227839957862,0.8539227839957862,static,0.23257742822170258,0.2895166873931885,0.013477688655257225,0.0004282141162548214,0.02069333506844224,176752.5625,0.002657915698364377,1.1872299182869028e-05,0.0034456202900013558,0.012870527803897858,0.00040570192504674196,0.020142043715739025,176752.5625,0.001911233295686543,6.093980573496083e-06,0.0024685989089959677,0.013143864460289478,0.00041726994095370173,0.020427186320041774,176752.5625,0.0038590184412896633,2.5700834157760255e-05,0.005069599013507898,0.01228091586381197,0.000375300005543977,0.019372661292243177,176752.5625,distributed_or_mixed,ok,/home/cilab/ndquan/videoInpainting/code/BrushNet/examples/brushnet/dataset_test_stc/teacher_flows_512x512/test/Class_D/BasketballPass/000044_000045.npz,BasketballPass,0.6742575168609619,BasketballPass,0
0.6842422485351562,BasketballPass__000042-000049,BasketballPass__000042-000049,0.0372026264667511,0.34431756573597183,0.6679315567016602,0.9748649597167969,46,45,local_high_frequency_dominant,0.0004991568275727332,0.0005935813533142209,0.8529909492167973,0.8529909492167973,static,0.4186020493507385,0.5246179699897766,0.014887765981256962,0.000517325708642602,0.0227447951989593,176834.421875,0.00299141020514071,1.4525533515552524e-05,0.0038112377930998383,0.01426568441092968,0.0004890269483439624,0.022113953702220742,176834.421875,0.0021465513855218887,6.79831464367453e-06,0.0026073577897316913,0.014573199674487114,0.0005043186247348785,0.0224570395362986,176834.421875,0.004183559212833643,3.1544059311272576e-05,0.005616409824013253,0.013658711686730385,0.0004557859792839736,0.02134914469677822,176834.421875,distributed_or_mixed,ok,/home/cilab/ndquan/videoInpainting/code/BrushNet/examples/brushnet/dataset_test_stc/teacher_flows_512x512/test/Class_D/BasketballPass/000045_000046.npz,BasketballPass,0.6745697855949402,BasketballPass,0
0.6680641174316406,BasketballPass__000042-000049,BasketballPass__000042-000049,0.22908252477645874,0.4039717675051763,0.6171234846115112,0.9809417724609375,47,46,local_high_frequency_dominant,0.003669199300929904,0.004061148501932621,0.8037151801824619,0.8037151801824619,moderate,0.6544139981269836,0.7507001757621765,0.016330840066075325,0.0005702679045498371,0.023880282756907154,174789.703125,0.004583996720612049,3.1456049327971414e-05,0.0056085692763815816,0.015353254042565823,0.0005273938877508044,0.022965057974035346,174789.703125,0.004120574798434973,2.5466239094384946e-05,0.005046408534233524,0.015620667487382889,0.0005400409572757781,0.02323878132079602,174789.703125,0.005448312032967806,4.630842158803716e-05,0.006805029139396624,0.0147617282345891,0.0004960878868587315,0.022273030482148844,174789.703125,distributed_or_mixed,ok,/home/cilab/ndquan/videoInpainting/code/BrushNet/examples/brushnet/dataset_test_stc/teacher_flows_512x512/test/Class_D/BasketballPass/000046_000047.npz,BasketballPass,0.666769802570343,BasketballPass,0
0.6558609008789062,BasketballPass__000042-000049,BasketballPass__000042-000049,0.14033253490924835,0.34221946683199006,0.6755371689796448,0.9735260009765625,48,47,local_high_frequency_dominant,0.0023319460451602936,0.003355599706992507,0.8316297744933417,0.8316297744933417,moderate,1.0523477792739868,1.137847661972046,0.02230476215481758,0.0011730485130101442,0.034249795809758406,170894.125,0.005264400038868189,4.5284519728738815e-05,0.006729377365606629,0.021211836487054825,0.0011047887383028865,0.033238362449177404,170894.125,0.00436833081766963,3.0483457521768287e-05,0.005521182619853131,0.021618638187646866,0.0011297945166006684,0.033612416107752036,170894.125,0.006585062947124243,7.268718036357313e-05,0.008525677706996268,0.020444775000214577,0.0010501245269551873,0.03240562492770641,170894.125,distributed_or_mixed,ok,/home/cilab/ndquan/videoInpainting/code/BrushNet/examples/brushnet/dataset_test_stc/teacher_flows_512x512/test/Class_D/BasketballPass/000047_000048.npz,BasketballPass,0.651909351348877,BasketballPass,0
0.6538734436035156,BasketballPass__000042-000049,BasketballPass__000042-000049,0.16082295775413513,0.32873925467737575,0.6952047944068909,0.9744987487792969,49,48,local_high_frequency_dominant,0.003088555531576276,0.003851048182696104,0.8489928711693312,0.8489928711693312,moderate,1.3317574262619019,1.450596570968628,0.022326750680804253,0.0012365164002403617,0.03516413514136757,169817.453125,0.004812249913811684,3.724891212186776e-05,0.006103188684766985,0.021247850731015205,0.0011774074519053102,0.03431337132817628,169817.453125,0.003996338229626417,2.5943400032701902e-05,0.005093466406358434,0.02161310985684395,0.0012016638647764921,0.03466502365175152,169817.453125,0.006284117233008146,6.451449735322967e-05,0.008032091717182372,0.02051324024796486,0.001120276632718742,0.03347053379793549,169817.453125,distributed_or_mixed,ok,/home/cilab/ndquan/videoInpainting/code/BrushNet/examples/brushnet/dataset_test_stc/teacher_flows_512x512/test/Class_D/BasketballPass/000048_000049.npz,BasketballPass,0.6478021740913391,BasketballPass,0
0.6502914428710938,BasketballPass__000048-000055,BasketballPass__000042-000049,0.035376012325286865,0.33454591219091223,0.6770879030227661,0.9760780334472656,50,49,local_high_frequency_dominant,0.0007909814012236893,0.0010342089226469398,0.8720027265530017,0.8720027265530017,moderate,1.8248605728149414,1.9283287525177002,0.027490731328725815,0.0017943517304956913,0.04235978907520305,167005.390625,0.004895894788205624,3.713393380166963e-05,0.006093761876022858,0.02645120956003666,0.0017234758706763387,0.041514766898976305,167005.390625,0.0036060181446373463,2.0607241822290234e-05,0.00453951999910676,0.026929408311843872,0.001759545411914587,0.04194693566775274,167005.390625,0.0069204289466142654,7.932676089694723e-05,0.008906557185408245,0.025457318872213364,0.0016282228752970695,0.0403512437887244,167005.390625,distributed_or_mixed,ok,/home/cilab/ndquan/videoInpainting/code/BrushNet/examples/brushnet/dataset_test_stc/teacher_flows_512x512/test/Class_D/BasketballPass/000049_000050.npz,BasketballPass,0.6370750069618225,BasketballPass,1
0.6490325927734375,BasketballPass__000048-000055,BasketballPass__000048-000055,0.06184561178088188,0.3577049861907166,0.6370933651924133,0.9727058410644531,51,50,local_high_frequency_dominant,0.0015539260348305106,0.0017665246268734336,0.8590358554021,0.8590358554021,moving,2.1716513633728027,2.325646162033081,0.02683134190738201,0.0015963689656928182,0.03995458629109828,168160.703125,0.004781029652804136,4.098748104297556e-05,0.0064021465964921144,0.02587505616247654,0.0015221466310322285,0.039014697628358325,168160.703125,0.0036736251786351204,2.2455078578786924e-05,0.004738678990898932,0.02630951628088951,0.0015590839320793748,0.03948523688772013,168160.703125,0.0066598705016076565,8.243665070040151e-05,0.009079463128423481,0.02489118091762066,0.0014314466388896108,0.037834463639512726,168160.703125,distributed_or_mixed,ok,/home/cilab/ndquan/videoInpainting/code/BrushNet/examples/brushnet/dataset_test_stc/teacher_flows_512x512/test/Class_D/BasketballPass/000050_000051.npz,BasketballPass,0.6414821743965149,BasketballPass,0
0.63037109375,BasketballPass__000048-000055,BasketballPass__000048-000055,0.07326427847146988,0.34867586449690136,0.6580020189285278,0.9737777709960938,52,51,local_high_frequency_dominant,0.00199400563724339,0.002377548022195697,0.8276942063340886,0.8276942063340886,moving,2.658210515975952,2.793147325515747,0.030496839433908463,0.002147538587450981,0.04634154278237811,164790.984375,0.007132631726562977,8.632370736449957e-05,0.009291055234175479,0.028920065611600876,0.0019919120240956545,0.044630841624325825,164790.984375,0.0055830758064985275,4.742867895402014e-05,0.006886848259837017,0.02961229346692562,0.002068397356197238,0.045479636720154634,164790.984375,0.009472132660448551,0.00016708551265764982,0.012926156143945107,0.027640270069241524,0.0018410098273307085,0.04290699042499612,164790.984375,distributed_or_mixed,ok,/home/cilab/ndquan/videoInpainting/code/BrushNet/examples/brushnet/dataset_test_stc/teacher_flows_512x512/test/Class_D/BasketballPass/000051_000052.npz,BasketballPass,0.6286277174949646,BasketballPass,0
0.6179733276367188,BasketballPass__000048-000055,BasketballPass__000048-000055,0.041674524545669556,0.32377135887894665,0.665389358997345,0.9674644470214844,53,52,local_high_frequency_dominant,0.0011287359520792961,0.0014352782163769007,0.8545723657169532,0.8545723657169532,moving,3.3890933990478516,3.5776147842407227,0.03232220932841301,0.0024729834403842688,0.04972910053866115,160582.359375,0.00589108606800437,6.75219198456034e-05,0.008217172253616411,0.031124724075198174,0.0023315707221627235,0.04828634094816798,160582.359375,0.004415926057845354,3.258280048612505e-05,0.005708134588998848,0.031767137348651886,0.002409575507044792,0.04908742717891,160582.359375,0.008690539747476578,0.00015231424185913056,0.012341565616206501,0.029731858521699905,0.0021468577906489372,0.04633419677353798,160582.359375,distributed_or_mixed,ok,/home/cilab/ndquan/videoInpainting/code/BrushNet/examples/brushnet/dataset_test_stc/teacher_flows_512x512/test/Class_D/BasketballPass/000052_000053.npz,BasketballPass,0.6125730872154236,BasketballPass,0
0.6002044677734375,BasketballPass__000048-000055,BasketballPass__000048-000055,0.20089609920978546,0.38136168726595393,0.6281235218048096,0.971923828125,54,53,local_high_frequency_dominant,0.007412890437990427,0.008827601559460163,0.796373984119408,0.796373984119408,moving,3.8865883350372314,4.050343036651611,0.04055730625987053,0.003614504588767886,0.060120750068240886,154708.09375,0.0118822967633605,0.00021478731650859118,0.014655624057289105,0.037520743906497955,0.0032853090669959784,0.057317615677869735,154708.09375,0.01014260295778513,0.00015023972082417458,0.012257231368631931,0.03846901282668114,0.0034131093416363,0.058421822477874655,154708.09375,0.014756051823496819,0.0003632554435171187,0.019059261358119802,0.0353429950773716,0.0029635969549417496,0.05443892867187735,154708.09375,distributed_or_mixed,ok,/home/cilab/ndquan/videoInpainting/code/BrushNet/examples/brushnet/dataset_test_stc/teacher_flows_512x512/test/Class_D/BasketballPass/000053_000054.npz,BasketballPass,0.5901645421981812,BasketballPass,0
0.60540771484375,BasketballPass__000048-000055,BasketballPass__000048-000055,0.16738733649253845,0.3413579556298495,0.6711808443069458,0.9592056274414062,55,54,local_high_frequency_dominant,0.007301633711904287,0.008602556772530079,0.810308775448681,0.810308775448681,moving,4.471924304962158,4.694398403167725,0.04743574932217598,0.0053838929161429405,0.0733750156125567,151747.78125,0.012948067858815193,0.00026748806703835726,0.016355062428445734,0.04360182210803032,0.004881024826318026,0.06986433157425916,151304.171875,0.011060559190809727,0.00018022987933363765,0.013424972228412156,0.04491391032934189,0.005090959835797548,0.07135096240274232,151314.1875,0.017071587964892387,0.0005106410244479775,0.022597367644218595,0.04091250151395798,0.004371815361082554,0.0661197047867166,151299.171875,distributed_or_mixed,ok,/home/cilab/ndquan/videoInpainting/code/BrushNet/examples/brushnet/dataset_test_stc/teacher_flows_512x512/test/Class_D/BasketballPass/000054_000055.npz,BasketballPass,0.5788718461990356,BasketballPass,0
0.6100540161132812,BasketballPass__000054-000061,BasketballPass__000048-000055,0.14365100860595703,0.313366421358891,0.6921680569648743,0.9639816284179688,56,55,local_high_frequency_dominant,0.005784308072179556,0.007792412769049406,0.8271032275221608,0.8271032275221608,moving,5.230858325958252,5.470823764801025,0.05011650174856186,0.006342524196952581,0.07963996607829879,151726.546875,0.012207060120999813,0.00024848151952028275,0.01576329659431309,0.046743180602788925,0.005686430726200342,0.07540842609549905,149478.546875,0.010062970221042633,0.00014639795699622482,0.012099502344981996,0.04772597923874855,0.005859240423887968,0.07654567540944406,149245.171875,0.016631988808512688,0.0006303137633949518,0.02510605033443038,0.044565360993146896,0.005229211412370205,0.07231328655489394,151584.1875,distributed_or_mixed,ok,/home/cilab/ndquan/videoInpainting/code/BrushNet/examples/brushnet/dataset_test_stc/teacher_flows_512x512/test/Class_D/BasketballPass/000055_000056.npz,BasketballPass,0.5787908434867859,BasketballPass,1
0.6217613220214844,BasketballPass__000054-000061,BasketballPass__000054-000061,0.3303133249282837,0.42819416174992914,0.6247451901435852,0.9601707458496094,57,56,local_high_frequency_dominant,0.01771179586648941,0.02181442826986313,0.6848207468638828,0.6848207468638828,moving,5.930226802825928,6.3226094245910645,0.059286437928676605,0.007643560413271189,0.0874274580053154,155153.453125,0.028057917952537537,0.0012695066398009658,0.03563013667951564,0.049112726002931595,0.00599340396001935,0.0774170779609987,155153.453125,0.02558436058461666,0.0009101427276618779,0.030168571853203093,0.04999186471104622,0.006260664202272892,0.07912435909549531,151071.25,0.03136333450675011,0.001705471659079194,0.041297356562850294,0.045815594494342804,0.005232078954577446,0.07233311105280517,155153.453125,distributed_or_mixed,ok,/home/cilab/ndquan/videoInpainting/code/BrushNet/examples/brushnet/dataset_test_stc/teacher_flows_512x512/test/Class_D/BasketballPass/000056_000057.npz,BasketballPass,0.5918634533882141,BasketballPass,0
0.6059303283691406,BasketballPass__000054-000061,BasketballPass__000054-000061,0.08844830095767975,0.3527824620573356,0.6531131863594055,0.9599418640136719,58,57,local_high_frequency_dominant,0.0031220074743032455,0.0036780843511223793,0.8164448870670411,0.8164448870670411,moving,7.114099979400635,7.510299205780029,0.038735486567020416,0.0034357705153524876,0.05861544604754354,151057.28125,0.009217406623065472,0.00015870416245888919,0.012597784029697016,0.03646410256624222,0.0031398513820022345,0.056034376787845466,150913.0625,0.006677642464637756,8.377531776204705e-05,0.00915288576144415,0.03719870373606682,0.003255913034081459,0.05706060842719309,150379.59375,0.013154957443475723,0.00033017556415870786,0.018170733726481928,0.03403640165925026,0.0027372571639716625,0.05231880315882295,151027.65625,distributed_or_mixed,ok,/home/cilab/ndquan/videoInpainting/code/BrushNet/examples/brushnet/dataset_test_stc/teacher_flows_512x512/test/Class_D/BasketballPass/000057_000058.npz,BasketballPass,0.5762377977371216,BasketballPass,0
0.6146965026855469,BasketballPass__000054-000061,BasketballPass__000054-000061,0.07644502818584442,0.39978102811887417,0.5971552729606628,0.9617538452148438,59,58,local_high_frequency_dominant,0.0030098797287791967,0.0034417263232171535,0.7661275423895345,0.7661275423895345,moving,8.237005233764648,8.950993537902832,0.041914742439985275,0.0036238464526832104,0.06019839244268247,152472.46875,0.01220676302909851,0.000288612354779616,0.01698859484417755,0.03787504881620407,0.0030971262603998184,0.05565183070124305,152337.75,0.008369019255042076,0.00013045048399362713,0.011421492196452578,0.03964009881019592,0.0033566399943083525,0.0579365169328322,152104.34375,0.0169238094240427,0.0005448794108815491,0.02334265218182264,0.03503143787384033,0.002674474148079753,0.05171531831169323,152354.59375,distributed_or_mixed,ok,/home/cilab/ndquan/videoInpainting/code/BrushNet/examples/brushnet/dataset_test_stc/teacher_flows_512x512/test/Class_D/BasketballPass/000058_000059.npz,BasketballPass,0.5816363096237183,BasketballPass,0
0.6105766296386719,BasketballPass__000054-000061,BasketballPass__000054-000061,0.29805001616477966,0.4262561518478389,0.5572251677513123,0.9536514282226562,60,59,local_high_frequency_dominant,0.012807358987629414,0.014311599545180798,0.7457209972677381,0.7457209972677381,moving,9.286998748779297,9.947013854980469,0.044073473662137985,0.0038619486149400473,0.06214457832297237,153083.765625,0.015756631270051003,0.00038242165464907885,0.019555604174994922,0.03962225094437599,0.003289078362286091,0.057350487027453316,153080.421875,0.014054199680685997,0.0002872213954105973,0.01694760736536569,0.04092708230018616,0.0034806025214493275,0.05899663144154357,152857.375,0.018741963431239128,0.0006047962233424187,0.024592605054007975,0.036553140729665756,0.0028192612808197737,0.05309671629036746,153083.546875,distributed_or_mixed,ok,/home/cilab/ndquan/videoInpainting/code/BrushNet/examples/brushnet/dataset_test_stc/teacher_flows_512x512/test/Class_D/BasketballPass/000059_000060.npz,BasketballPass,0.5839682221412659,BasketballPass,0
0.6135902404785156,BasketballPass__000054-000061,BasketballPass__000054-000061,0.2783031761646271,0.4162431180230137,0.59944087266922,0.9465751647949219,61,60,local_high_frequency_dominant,0.01467011496424675,0.015479031950235367,0.750757456679542,0.750757456679542,moving,10.185755729675293,10.771500587463379,0.05080251395702362,0.005457887891680002,0.07387751952847363,151194.4375,0.01816643588244915,0.0005165668553672731,0.02272810716639802,0.0455707348883152,0.004686854779720306,0.06846060750329569,151193.96875,0.01629755273461342,0.00037274620262905955,0.01930663623288789,0.04713545739650726,0.004962763749063015,0.07044688601395391,151130.3125,0.021866124123334885,0.0008266892400570214,0.02875220409041751,0.04238889738917351,0.004072178155183792,0.06381362045193638,151194.28125,distributed_or_mixed,ok,/home/cilab/ndquan/videoInpainting/code/BrushNet/examples/brushnet/dataset_test_stc/teacher_flows_512x512/test/Class_D/BasketballPass/000060_000061.npz,BasketballPass,0.57676100730896,BasketballPass,0
0.6074981689453125,BasketballPass__000060-000067,BasketballPass__000054-000061,0.08395600318908691,0.3508850313407535,0.6294687390327454,0.9474220275878906,62,61,local_high_frequency_dominant,0.004590529482811689,0.004751661792397499,0.7801569106164856,0.7801569106164856,moving,11.012320518493652,11.355260848999023,0.05283539742231369,0.0061893099918961525,0.07867216783523988,152144.046875,0.012934671714901924,0.00043353901128284633,0.020821599633141695,0.0490853376686573,0.0054596709087491035,0.07388958592893252,152144.046875,0.009518209844827652,0.00021336559439077973,0.014607039206861181,0.050830721855163574,0.005792700685560703,0.07610979362447846,152133.046875,0.018566947430372238,0.0008122010040096939,0.028499140408259578,0.04534114897251129,0.004700840450823307,0.06856267534762123,152143.953125,distributed_or_mixed,ok,/home/cilab/ndquan/videoInpainting/code/BrushNet/examples/brushnet/dataset_test_stc/teacher_flows_512x512/test/Class_D/BasketballPass/000061_000062.npz,BasketballPass,0.5803834795951843,BasketballPass,1
0.5928306579589844,BasketballPass__000060-000067,BasketballPass__000060-000067,0.03261204808950424,0.3672191377626628,0.5872145295143127,0.9393119812011719,63,62,local_high_frequency_dominant,0.0014783102087676525,0.001605172292329371,0.7818603311779109,0.7818603311779109,moving,11.86963176727295,12.404680252075195,0.04598049446940422,0.004479344468563795,0.06692790500653517,146400.484375,0.013207369484007359,0.0003053136169910431,0.017473225717967562,0.04231031611561775,0.003922249656170607,0.06262786645073107,146400.484375,0.009909378364682198,0.0001516450138296932,0.012314423000274645,0.044112492352724075,0.004199170973151922,0.06480101058742774,146396.953125,0.018115311861038208,0.0006173460860736668,0.024846450170470366,0.0387234166264534,0.0033385709393769503,0.05778036811389272,146400.40625,distributed_or_mixed,ok,/home/cilab/ndquan/videoInpainting/code/BrushNet/examples/brushnet/dataset_test_stc/teacher_flows_512x512/test/Class_D/BasketballPass/000062_000063.npz,BasketballPass,0.558473527431488,BasketballPass,0
0.5754280090332031,BasketballPass__000060-000067,BasketballPass__000060-000067,0.44413337111473083,0.5498336395689527,0.4833812415599823,0.9332046508789062,64,63,local_high_frequency_dominant,0.02814011462032795,0.031562332063913345,0.618999444950765,0.618999444950765,moving,12.39997386932373,13.009758949279785,0.06351368129253387,0.007214880082756281,0.08494045021517299,140963.78125,0.03535304218530655,0.0018588271923363209,0.04311411824839192,0.047816213220357895,0.004906460642814636,0.07004613224735992,139289.640625,0.034292712807655334,0.0016534399474039674,0.040662512802383075,0.049995146691799164,0.005276137497276068,0.07263702566374856,139396.15625,0.038440290838479996,0.002340487902984023,0.048378589303368726,0.04380814731121063,0.0042464593425393105,0.06516486279076562,140963.78125,distributed_or_mixed,ok,/home/cilab/ndquan/videoInpainting/code/BrushNet/examples/brushnet/dataset_test_stc/teacher_flows_512x512/test/Class_D/BasketballPass/000063_000064.npz,BasketballPass,0.5377341508865356,BasketballPass,0
0.5405807495117188,BasketballPass__000060-000067,BasketballPass__000060-000067,0.4229115843772888,0.5538215786877885,0.485750675201416,0.9321250915527344,65,64,local_high_frequency_dominant,0.024290606379508972,0.02889370545744896,0.6488203604865922,0.6488203604865922,moving,12.70012378692627,13.312822341918945,0.06105346232652664,0.006684434600174427,0.08175839161929757,135726.671875,0.03209313750267029,0.0014125984162092209,0.037584550232897834,0.04723827540874481,0.0048217978328466415,0.0694391664181436,133346.640625,0.03120378404855728,0.0012365831062197685,0.035165083623102174,0.04968981072306633,0.005190055817365646,0.07204204201274174,133372.796875,0.03559838607907295,0.0018825242295861244,0.043388065520211024,0.042913589626550674,0.004110192414373159,0.06411078235658305,135723.390625,distributed_or_mixed,ok,/home/cilab/ndquan/videoInpainting/code/BrushNet/examples/brushnet/dataset_test_stc/teacher_flows_512x512/test/Class_D/BasketballPass/000064_000065.npz,BasketballPass,0.5177561640739441,BasketballPass,0
0.5143814086914062,BasketballPass__000060-000067,BasketballPass__000060-000067,0.10606314241886139,0.3743522704005292,0.5908082723617554,0.9342117309570312,66,65,local_high_frequency_dominant,0.00407925620675087,0.005074474960565567,0.7835088397273412,0.7835088397273412,moving,12.995119094848633,13.792647361755371,0.044498734176158905,0.004172774031758308,0.06459701256063091,127035.15625,0.012545863166451454,0.00027651982964016497,0.016628885399814535,0.041014306247234344,0.0036218774039298296,0.06018203555821147,125218.015625,0.009146410040557384,0.0001293561072088778,0.01137348263325169,0.04258974641561508,0.0039122155867516994,0.06254770648674257,125076.1875,0.01816996932029724,0.0006410431815311313,0.02531883057195042,0.036828674376010895,0.0029359818436205387,0.05418470119526857,127035.15625,distributed_or_mixed,ok,/home/cilab/ndquan/videoInpainting/code/BrushNet/examples/brushnet/dataset_test_stc/teacher_flows_512x512/test/Class_D/BasketballPass/000065_000066.npz,BasketballPass,0.48460066318511963,BasketballPass,0
0.4921150207519531,BasketballPass__000060-000067,BasketballPass__000060-000067,0.1407717913389206,0.3854461174304688,0.615803062915802,0.9388351440429688,67,66,local_high_frequency_dominant,0.006100510712713003,0.0067515443079173565,0.7486284337908274,0.7486284337908274,moving,12.935542106628418,13.758800506591797,0.044517308473587036,0.004243946168571711,0.06514557673834587,121665.5,0.015173700638115406,0.0003892441454809159,0.01972927128610978,0.039752282202243805,0.0034524104557931423,0.0587572162018687,120140.015625,0.011089456267654896,0.00018349071615375578,0.01354587450679194,0.04178570583462715,0.0038487310521304607,0.062038141913910196,120076.0625,0.020595885813236237,0.0008380323997698724,0.028948789262590455,0.03539571538567543,0.0027430506888777018,0.05237414141422943,121665.421875,distributed_or_mixed,ok,/home/cilab/ndquan/videoInpainting/code/BrushNet/examples/brushnet/dataset_test_stc/teacher_flows_512x512/test/Class_D/BasketballPass/000066_000067.npz,BasketballPass,0.46411705017089844,BasketballPass,0
0.4785957336425781,BasketballPass__000066-000073,BasketballPass__000060-000067,0.20046491920948029,0.39672253129948,0.5898239016532898,0.9355125427246094,68,67,local_high_frequency_dominant,0.008556878194212914,0.009600181132555008,0.7248352380598639,0.7248352380598639,moving,13.009653091430664,14.039143562316895,0.04430639371275902,0.004076707176864147,0.06384909691502416,115553.21875,0.016577206552028656,0.00047759301378391683,0.02185390156891709,0.03914786875247955,0.0033139879815280437,0.057567247472221944,115280.21875,0.013743458315730095,0.0003029682848136872,0.017405984166765382,0.0411599725484848,0.0036345417611300945,0.060287160831557614,115283.21875,0.020973728969693184,0.0008249860256910324,0.028722569970165143,0.03512270376086235,0.0026695511769503355,0.0516676995515606,115279.4609375,distributed_or_mixed,ok,/home/cilab/ndquan/videoInpainting/code/BrushNet/examples/brushnet/dataset_test_stc/teacher_flows_512x512/test/Class_D/BasketballPass/000067_000068.npz,BasketballPass,0.4408005475997925,BasketballPass,1
0.4718170166015625,BasketballPass__000066-000073,BasketballPass__000066-000073,0.11754249036312103,0.35107591668101223,0.6195193529129028,0.94451904296875,69,68,local_high_frequency_dominant,0.004397740121930838,0.0054184067994356155,0.7766586397979827,0.7766586397979827,moving,12.58817195892334,13.199429512023926,0.0433523952960968,0.004059618804603815,0.06371513795483626,116157.171875,0.01258047018200159,0.00028839014703407884,0.016982053675397416,0.0397726446390152,0.00348740560002625,0.0590542597957696,115880.7734375,0.009488456882536411,0.00017255533020943403,0.013136031752756768,0.04136412590742111,0.0037432857789099216,0.061182397623090266,115962.765625,0.017282582819461823,0.0005987474578432739,0.024469316660733986,0.03612445667386055,0.0028959938790649176,0.05381443931757459,116095.2421875,distributed_or_mixed,ok,/home/cilab/ndquan/videoInpainting/code/BrushNet/examples/brushnet/dataset_test_stc/teacher_flows_512x512/test/Class_D/BasketballPass/000068_000069.npz,BasketballPass,0.44310444593429565,BasketballPass,0
0.4433860778808594,BasketballPass__000066-000073,BasketballPass__000066-000073,0.30125415325164795,0.41802897546476536,0.6221144199371338,0.92401123046875,70,69,local_high_frequency_dominant,0.0146339675411582,0.016008879989385605,0.7199999602435637,0.7199999602435637,moving,12.145858764648438,12.856744766235352,0.048621322959661484,0.005079282447695732,0.07126908479625463,109650.4375,0.02036052569746971,0.0006194799207150936,0.024889353561615327,0.04191647469997406,0.004096151329576969,0.06400118225140039,109310.296875,0.017652951180934906,0.0004510016296990216,0.02123679895132554,0.04359499365091324,0.004433508962392807,0.06658460003929442,107954.6875,0.024478772655129433,0.0010284901363775134,0.03207008163970765,0.038296181708574295,0.003415397135540843,0.058441399157967144,109575.890625,distributed_or_mixed,ok,/home/cilab/ndquan/videoInpainting/code/BrushNet/examples/brushnet/dataset_test_stc/teacher_flows_512x512/test/Class_D/BasketballPass/000069_000070.npz,BasketballPass,0.41828322410583496,BasketballPass,0
0.3669586181640625,BasketballPass__000066-000073,BasketballPass__000066-000073,0.30372199416160583,0.4234487982106297,0.6180277466773987,0.9293060302734375,71,70,local_high_frequency_dominant,0.018862353637814522,0.02124141715466976,0.7282638321866762,0.7282638321866762,moving,11.214102745056152,12.005255699157715,0.06394565850496292,0.008641351945698261,0.0929588723344806,84413.859375,0.02578265778720379,0.0009914637776091695,0.0314875178064129,0.05350227281451225,0.007121302653104067,0.08438781104581436,84101.3125,0.022162210196256638,0.0007348256185650826,0.027107667154609275,0.0562066026031971,0.00765605503693223,0.08749888591823458,84107.4375,0.03209216147661209,0.0015694196335971355,0.039615901272054076,0.04889132082462311,0.006117580458521843,0.07821496313699727,84112.21875,distributed_or_mixed,ok,/home/cilab/ndquan/videoInpainting/code/BrushNet/examples/brushnet/dataset_test_stc/teacher_flows_512x512/test/Class_D/BasketballPass/000070_000071.npz,BasketballPass,0.32201331853866577,BasketballPass,0
0.3427925109863281,BasketballPass__000066-000073,BasketballPass__000066-000073,0.4491302967071533,0.5648497975559029,0.5305027365684509,0.9297904968261719,72,71,local_high_frequency_dominant,0.03258110210299492,0.03496294096112251,0.6366917581980988,0.6366917581980988,moving,10.303698539733887,10.838969230651855,0.0701628252863884,0.008985580876469612,0.09479230388839387,81147.046875,0.03935417905449867,0.00208282726816833,0.045638002455939394,0.052040956914424896,0.006396776996552944,0.07997985369174505,79840.6640625,0.03693424537777901,0.0017517631640657783,0.04185406986262839,0.05468914657831192,0.006960953585803509,0.08343232938018397,75830.46875,0.04304135590791702,0.002584446920081973,0.050837455877354575,0.04761828854680061,0.0055354866199195385,0.07440085093545327,79899.78125,distributed_or_mixed,ok,/home/cilab/ndquan/videoInpainting/code/BrushNet/examples/brushnet/dataset_test_stc/teacher_flows_512x512/test/Class_D/BasketballPass/000071_000072.npz,BasketballPass,0.3095514178276062,BasketballPass,0
0.3241844177246094,BasketballPass__000066-000073,BasketballPass__000066-000073,0.14308468997478485,0.3381060935939141,0.6735572218894958,0.9283294677734375,73,72,local_high_frequency_dominant,0.005361134652048349,0.005649132188409567,0.8103588906049315,0.8103588906049315,moving,9.427727699279785,10.163566589355469,0.037224166095256805,0.0032308183144778013,0.056840287776169826,77900.328125,0.010047004558146,0.00015556409198325127,0.012472533502991734,0.03435531258583069,0.002840528730303049,0.05329661087070217,76851.9453125,0.006937125697731972,7.411529804812744e-05,0.008609024221601856,0.03528350964188576,0.0029798883479088545,0.05458835359221648,73568.59375,0.013953481800854206,0.00031402395688928664,0.017720721116514605,0.031953297555446625,0.0025200843811035156,0.05020044204091748,76845.9453125,distributed_or_mixed,ok,/home/cilab/ndquan/videoInpainting/code/BrushNet/examples/brushnet/dataset_test_stc/teacher_flows_512x512/test/Class_D/BasketballPass/000072_000073.npz,BasketballPass,0.2971661686897278,BasketballPass,0
0.3177375793457031,BasketballPass__000072-000079,BasketballPass__000066-000073,0.0675644800066948,0.3261843319204696,0.6738109588623047,0.9377479553222656,74,73,local_high_frequency_dominant,0.002419976517558098,0.0030391814652830362,0.8080588736879282,0.8080588736879282,moving,8.032654762268066,8.520662307739258,0.042504310607910156,0.004216378089040518,0.06493364373759197,74668.5859375,0.011178887449204922,0.00021430705965030938,0.014639230159072893,0.03978431224822998,0.0037982750218361616,0.06163014702104938,72838.234375,0.007533944211900234,9.67653322732076e-05,0.009836937138825661,0.041169799864292145,0.0040678600780665874,0.06377977797128638,72855.0234375,0.01656794175505638,0.0005308119580149651,0.02303935671877505,0.03642512485384941,0.0031881791073828936,0.05646396290894656,72959.5078125,distributed_or_mixed,ok,/home/cilab/ndquan/videoInpainting/code/BrushNet/examples/brushnet/dataset_test_stc/teacher_flows_512x512/test/Class_D/BasketballPass/000073_000074.npz,BasketballPass,0.2848380506038666,BasketballPass,1
0.32825469970703125,BasketballPass__000072-000079,BasketballPass__000072-000079,0.10858113318681717,0.3091264043854319,0.7092383503913879,0.9216194152832031,75,74,local_high_frequency_dominant,0.004096157383173704,0.004277276806533337,0.803838709688434,0.803838709688434,moving,6.677587032318115,7.326228141784668,0.03724787384271622,0.003426055423915386,0.05853251595408646,77035.875,0.010258832015097141,0.00018158761668018997,0.013475444952957582,0.03468893840909004,0.00304928096011281,0.05522029482095157,75962.8125,0.007688445970416069,9.05618944671005e-05,0.00951640134016533,0.03585192933678627,0.0032249183859676123,0.056788364881968666,74233.359375,0.013718356378376484,0.0003726437862496823,0.01930398368859864,0.03217991814017296,0.0026722620241343975,0.051693926375681674,75950.3359375,distributed_or_mixed,ok,/home/cilab/ndquan/videoInpainting/code/BrushNet/examples/brushnet/dataset_test_stc/teacher_flows_512x512/test/Class_D/BasketballPass/000074_000075.npz,BasketballPass,0.2938685417175293,BasketballPass,0
0.3395233154296875,BasketballPass__000072-000079,BasketballPass__000072-000079,0.20559293031692505,0.3632006425120147,0.6741719841957092,0.9215965270996094,76,75,local_high_frequency_dominant,0.0061648208647966385,0.006802302785217762,0.7893937641616964,0.7893937641616964,moving,5.388632297515869,5.725784778594971,0.030834127217531204,0.0022482762578874826,0.047415991583931706,77065.203125,0.008972946554422379,0.00013722010771743953,0.011714098672857401,0.028338827192783356,0.001927803154103458,0.043906755221758964,76639.515625,0.00768978102132678,8.859398076310754e-05,0.00941243755693006,0.029195144772529602,0.002020068233832717,0.04494516919350418,76578.0625,0.011438197456300259,0.00024001348356250674,0.015492368558826205,0.026566550135612488,0.001740042818710208,0.04171382047607493,76782.171875,distributed_or_mixed,ok,/home/cilab/ndquan/videoInpainting/code/BrushNet/examples/brushnet/dataset_test_stc/teacher_flows_512x512/test/Class_D/BasketballPass/000075_000076.npz,BasketballPass,0.2939804196357727,BasketballPass,0
0.3613243103027344,BasketballPass__000072-000079,BasketballPass__000072-000079,0.038648758083581924,0.361780233271946,0.6554058790206909,0.9227790832519531,77,76,local_high_frequency_dominant,0.0012088209623470902,0.0012159050675109029,0.7951483842858981,0.7951483842858981,moving,4.195181369781494,4.46915340423584,0.0296292994171381,0.001970181940123439,0.0443867315773919,81188.578125,0.007916794158518314,0.00011677721340674907,0.010806350605396304,0.027439679950475693,0.0017594449454918504,0.04194573810879778,80964.640625,0.005785169545561075,6.344558642012998e-05,0.00796527378186902,0.028113968670368195,0.0018288284773007035,0.042764804188733324,80902.1875,0.01019456796348095,0.00019746630277950317,0.014052270378109837,0.0259380079805851,0.0015964785125106573,0.03995595715923543,80969.7421875,distributed_or_mixed,ok,/home/cilab/ndquan/videoInpainting/code/BrushNet/examples/brushnet/dataset_test_stc/teacher_flows_512x512/test/Class_D/BasketballPass/000076_000077.npz,BasketballPass,0.3097098469734192,BasketballPass,0
0.37108612060546875,BasketballPass__000072-000079,BasketballPass__000072-000079,0.16567426919937134,0.3203401516892668,0.6896198987960815,0.9131965637207031,78,77,local_high_frequency_dominant,0.005285935010761023,0.0055320686660707,0.8248027920282905,0.8248027920282905,moving,3.225130796432495,3.403966188430786,0.03150380030274391,0.0023632985539734364,0.04861376918089603,86835.2578125,0.007419919595122337,9.799269173527136e-05,0.009899125806619056,0.029812559485435486,0.002171898726373911,0.046603634261438355,86700.578125,0.006195995025336742,6.289011071203277e-05,0.007930328537458758,0.03056134097278118,0.002260669367387891,0.04754649689922372,86668.453125,0.010023608803749084,0.00018765320419333875,0.013698657021523633,0.028172582387924194,0.001972740516066551,0.044415543631329685,86734.578125,distributed_or_mixed,ok,/home/cilab/ndquan/videoInpainting/code/BrushNet/examples/brushnet/dataset_test_stc/teacher_flows_512x512/test/Class_D/BasketballPass/000077_000078.npz,BasketballPass,0.33125022053718567,BasketballPass,0
0.36011505126953125,BasketballPass__000072-000079,BasketballPass__000072-000079,0.06277360022068024,0.31046329916808385,0.7119693160057068,0.9128952026367188,79,78,local_high_frequency_dominant,0.0016418959712609649,0.0021085902117192745,0.8053013864310641,0.8053013864310641,moving,2.598578453063965,2.8224778175354004,0.03166189789772034,0.0024681231006979942,0.049680208339921386,86938.3046875,0.007959885522723198,0.00013179030793253332,0.011479995990092215,0.02932945266366005,0.002254626713693142,0.04748290970120873,86677.3671875,0.006368374451994896,8.145418541971594e-05,0.009025197251014293,0.03017694503068924,0.0023438071366399527,0.04841288192867631,86575.875,0.010292907245457172,0.00022154820908326656,0.014884495593847531,0.0278954915702343,0.002075339900329709,0.04555589863376321,86745.296875,distributed_or_mixed,ok,/home/cilab/ndquan/videoInpainting/code/BrushNet/examples/brushnet/dataset_test_stc/teacher_flows_512x512/test/Class_D/BasketballPass/000078_000079.npz,BasketballPass,0.33164331316947937,BasketballPass,0
0.36214447021484375,BasketballPass__000078-000085,BasketballPass__000072-000079,0.08035667985677719,0.34014021170121994,0.6816093325614929,0.9083251953125,80,79,local_high_frequency_dominant,0.00231703813187778,0.002529515651986003,0.828330421474679,0.828330421474679,moving,2.1621477603912354,2.318631410598755,0.02959592454135418,0.002087818458676338,0.045692652130034414,86506.875,0.007066993974149227,8.267373050330207e-05,0.00909250958224967,0.02772013656795025,0.0019248109310865402,0.04387266724381526,86093.6875,0.005610943306237459,5.014283306081779e-05,0.007081160431794904,0.0283882487565279,0.0019907881505787373,0.044618249075672356,85565.546875,0.009894625283777714,0.00018107051437254995,0.01345624443790131,0.02607429400086403,0.001739078783430159,0.041702263528856066,86157.4921875,distributed_or_mixed,ok,/home/cilab/ndquan/videoInpainting/code/BrushNet/examples/brushnet/dataset_test_stc/teacher_flows_512x512/test/Class_D/BasketballPass/000079_000080.npz,BasketballPass,0.32999753952026367,BasketballPass,1
0.3597602844238281,BasketballPass__000078-000085,BasketballPass__000078-000085,0.09245884418487549,0.33999388663096763,0.6695052981376648,0.8990745544433594,81,80,local_high_frequency_dominant,0.0026858157943934202,0.002788188634440303,0.8353154636674125,0.8353154636674125,moderate,1.6770007610321045,1.8109632730484009,0.028134701773524284,0.0018584580393508077,0.043109836920948885,88310.0859375,0.006406628526747227,6.754441710654646e-05,0.008218541057057905,0.026541737839579582,0.001737740240059793,0.04168621162998375,88307.3828125,0.00518039520829916,4.197971065877937e-05,0.006479175152654801,0.027165183797478676,0.0017920008394867182,0.042332030892537134,88276.6953125,0.008739916607737541,0.00013321862206794322,0.011542037171485076,0.025209765881299973,0.0015994494315236807,0.039993117301901845,88308.6875,distributed_or_mixed,ok,/home/cilab/ndquan/videoInpainting/code/BrushNet/examples/brushnet/dataset_test_stc/teacher_flows_512x512/test/Class_D/BasketballPass/000080_000081.npz,BasketballPass,0.33687624335289,BasketballPass,0
0.365631103515625,BasketballPass__000078-000085,BasketballPass__000078-000085,0.06316176801919937,0.34648914249484863,0.6492364406585693,0.8944473266601562,82,81,local_high_frequency_dominant,0.0016761183505877852,0.0019459836184978485,0.778310085464162,0.778310085464162,moderate,1.264302372932434,1.401557445526123,0.02891155518591404,0.0018792914925143123,0.04335079575410712,88033.296875,0.0065908972173929214,0.00013555926852859557,0.011642992249786804,0.027084842324256897,0.0016708699986338615,0.04087627672175955,87723.34375,0.005083523690700531,8.984199666883796e-05,0.009478501815626664,0.02804681845009327,0.0017583791632205248,0.04193303188681358,87738.375,0.009026969783008099,0.00022929989791009575,0.015142651614235062,0.0252869613468647,0.0015024540480226278,0.03876150213836698,87636.046875,distributed_or_mixed,ok,/home/cilab/ndquan/videoInpainting/code/BrushNet/examples/brushnet/dataset_test_stc/teacher_flows_512x512/test/Class_D/BasketballPass/000081_000082.npz,BasketballPass,0.33582037687301636,BasketballPass,0
0.353118896484375,BasketballPass__000078-000085,BasketballPass__000078-000085,0.06914225965738297,0.32056656074639983,0.7043079733848572,0.8870506286621094,83,82,local_high_frequency_dominant,0.0023026529233902693,0.0023275252897292376,0.8223772393621706,0.8223772393621706,moderate,1.1850767135620117,1.2616586685180664,0.03156615421175957,0.0025020448956638575,0.05002044477674961,88607.390625,0.007152949925512075,0.00010728820052463561,0.010358001763112207,0.029563333839178085,0.0022998361382633448,0.04795660682599786,88370.6796875,0.005239326041191816,5.3088402637513354e-05,0.007286178877677472,0.03077678754925728,0.002415985567495227,0.04915267609698608,88331.8515625,0.01016742642968893,0.00022492323478218168,0.01499744094111331,0.027675669640302658,0.002099194098263979,0.04581696299695102,88362.65625,distributed_or_mixed,ok,/home/cilab/ndquan/videoInpainting/code/BrushNet/examples/brushnet/dataset_test_stc/teacher_flows_512x512/test/Class_D/BasketballPass/000082_000083.npz,BasketballPass,0.33801037073135376,BasketballPass,0
0.3598518371582031,BasketballPass__000078-000085,BasketballPass__000078-000085,0.1633511185646057,0.342326125599082,0.6622931957244873,0.8891029357910156,84,83,local_high_frequency_dominant,0.005170582327991724,0.0052172038704156876,0.7809119123052314,0.7809119123052314,moderate,1.0644539594650269,1.3084269762039185,0.030222436413168907,0.002063141670078039,0.04542181931713039,88710.4296875,0.009219050407409668,0.00014538870891556144,0.012057724035470434,0.027759196236729622,0.0018471290823072195,0.04297823963713753,87820.6875,0.007663766387850046,9.420947753824294e-05,0.009706156682139587,0.02866765856742859,0.0019394761184230447,0.044039483630295265,87184.53125,0.011427474208176136,0.00024386598670389503,0.015616209101567993,0.026097966358065605,0.0016627596924081445,0.04077695050403039,88710.421875,distributed_or_mixed,ok,/home/cilab/ndquan/videoInpainting/code/BrushNet/examples/brushnet/dataset_test_stc/teacher_flows_512x512/test/Class_D/BasketballPass/000083_000084.npz,BasketballPass,0.3384034335613251,BasketballPass,0
0.37277984619140625,BasketballPass__000078-000085,BasketballPass__000078-000085,0.11827398836612701,0.36491043909411713,0.6372513175010681,0.8903541564941406,85,84,local_high_frequency_dominant,0.0032237430568784475,0.0036639422178268433,0.7801706490248074,0.7801706490248074,moderate,0.8702751398086548,0.9749030470848083,0.02901315689086914,0.0018267587292939425,0.04274059813916907,89567.140625,0.007983529008924961,0.0001265017199330032,0.011247298339290338,0.026714084669947624,0.0015933247050270438,0.03991647160041884,89301.90625,0.006843270268291235,8.363747474504635e-05,0.009145352630984021,0.027544217184185982,0.0016830747481435537,0.04102529400435241,87484.7109375,0.010020785965025425,0.00021238590124994516,0.014573465656800552,0.025091730058193207,0.001417716615833342,0.03765257781126469,89341.8671875,distributed_or_mixed,ok,/home/cilab/ndquan/videoInpainting/code/BrushNet/examples/brushnet/dataset_test_stc/teacher_flows_512x512/test/Class_D/BasketballPass/000084_000085.npz,BasketballPass,0.34167152643203735,BasketballPass,0
0.381561279296875,BasketballPass__000084-000091,BasketballPass__000078-000085,0.20517708361148834,0.400459064923364,0.6030683517456055,0.895111083984375,86,85,local_high_frequency_dominant,0.005094642285257578,0.006047193892300129,0.735092069617691,0.735092069617691,moderate,0.8792985081672668,0.9888255000114441,0.027418673038482666,0.001560997567139566,0.03950946174196209,93254.609375,0.010077394545078278,0.00017053545161616057,0.013058922299185358,0.024460969492793083,0.0013131315354257822,0.03623715683419137,92130.0703125,0.008861182257533073,0.00012487269123084843,0.011174645015876273,0.02551904320716858,0.001405498944222927,0.037489984585525334,91677.0,0.012077310122549534,0.00026494916528463364,0.016277259145342424,0.022722212597727776,0.001162114436738193,0.03408979959956047,93188.046875,distributed_or_mixed,ok,/home/cilab/ndquan/videoInpainting/code/BrushNet/examples/brushnet/dataset_test_stc/teacher_flows_512x512/test/Class_D/BasketballPass/000085_000086.npz,BasketballPass,0.35573810338974,BasketballPass,1
0.3856658935546875,BasketballPass__000084-000091,BasketballPass__000084-000091,0.09745132178068161,0.32007482629609835,0.711578369140625,0.8903274536132812,87,86,local_high_frequency_dominant,0.0028613682370632887,0.0032088742591440678,0.7827711924932867,0.7827711924932867,moderate,0.744703471660614,0.9196587204933167,0.030929146334528923,0.002391648478806019,0.0489044832178607,93688.109375,0.010230590589344501,0.00016543144010938704,0.012862015398427535,0.0280148983001709,0.0021480920258909464,0.04634751369697134,92999.234375,0.008557290770113468,0.00010966089030262083,0.010471909582431507,0.02911788783967495,0.002256766427308321,0.04750543576590284,92160.46875,0.012577484361827374,0.00027942340238951147,0.01671596250263536,0.026235107332468033,0.0019219164969399571,0.0438396680751572,93675.265625,distributed_or_mixed,ok,/home/cilab/ndquan/videoInpainting/code/BrushNet/examples/brushnet/dataset_test_stc/teacher_flows_512x512/test/Class_D/BasketballPass/000086_000087.npz,BasketballPass,0.3573917746543884,BasketballPass,0
0.3991203308105469,BasketballPass__000084-000091,BasketballPass__000084-000091,0.13830403983592987,0.3537814509108834,0.6691398620605469,0.8678092956542969,88,87,local_high_frequency_dominant,0.003603889374062419,0.004621940664947033,0.7794774316078862,0.7794774316078862,moderate,0.7267172932624817,0.8157650828361511,0.031198764219880104,0.0022469558753073215,0.04740206615019351,95414.421875,0.009627744555473328,0.00015808572061359882,0.01257321441054748,0.02837856113910675,0.0019751207437366247,0.044442330538987544,95284.96875,0.007873845286667347,9.6578398370184e-05,0.009827430914037706,0.029256027191877365,0.0020723682828247547,0.04552327188180519,93338.7734375,0.011993990279734135,0.0002848856966011226,0.01687855730212516,0.026911577209830284,0.001802569953724742,0.042456683263353744,95332.875,distributed_or_mixed,ok,/home/cilab/ndquan/videoInpainting/code/BrushNet/examples/brushnet/dataset_test_stc/teacher_flows_512x512/test/Class_D/BasketballPass/000087_000088.npz,BasketballPass,0.3639771342277527,BasketballPass,0
0.419403076171875,BasketballPass__000084-000091,BasketballPass__000084-000091,0.37548890709877014,0.500574885281901,0.5493804216384888,0.8609771728515625,89,88,local_high_frequency_dominant,0.011454165913164616,0.01259681861847639,0.6944449608893375,0.6944449608893375,moderate,0.7622215747833252,0.8469941020011902,0.030326977372169495,0.001779077691026032,0.04217911439357199,96618.703125,0.013861624523997307,0.00027730700094252825,0.01665253737250057,0.025440752506256104,0.0014323778450489044,0.037846767960407195,96514.65625,0.013222798705101013,0.0002416267234366387,0.015544346992930861,0.02627652883529663,0.0015024681342765689,0.038761683842121315,94581.0078125,0.015088622458279133,0.0003459787694737315,0.018600504548902202,0.023919129744172096,0.0013129619183018804,0.03623481638289175,96527.2265625,distributed_or_mixed,ok,/home/cilab/ndquan/videoInpainting/code/BrushNet/examples/brushnet/dataset_test_stc/teacher_flows_512x512/test/Class_D/BasketballPass/000088_000089.npz,BasketballPass,0.36857110261917114,BasketballPass,0
0.4605751037597656,BasketballPass__000084-000091,BasketballPass__000084-000091,0.16239292919635773,0.3345603731699778,0.6724470853805542,0.8658790588378906,90,89,local_high_frequency_dominant,0.004973297473043203,0.005385108292102814,0.7924849266515274,0.7924849266515274,moderate,0.749340832233429,0.8542011976242065,0.030842896550893784,0.0022632551845163107,0.04757368163718581,106829.96875,0.008419521152973175,0.000139699419378303,0.011819450891572882,0.028346572071313858,0.002037404803559184,0.04513762071220839,106825.1328125,0.006873748265206814,8.264270582003519e-05,0.009090803364941691,0.029247324913740158,0.0021267810370773077,0.046117036299802565,104919.703125,0.01076420210301876,0.0002385391271673143,0.015444711948343818,0.02663860283792019,0.0018634620355442166,0.04316783565971563,106825.3046875,distributed_or_mixed,ok,/home/cilab/ndquan/videoInpainting/code/BrushNet/examples/brushnet/dataset_test_stc/teacher_flows_512x512/test/Class_D/BasketballPass/000089_000090.npz,BasketballPass,0.4075239896774292,BasketballPass,0
0.4763450622558594,BasketballPass__000084-000091,BasketballPass__000084-000091,0.30241894721984863,0.3900435714536702,0.6501582860946655,0.8866348266601562,91,90,local_high_frequency_dominant,0.009950271807610989,0.010823853313922882,0.7400065519174257,0.7400065519174257,moderate,0.6397395730018616,0.7376621961593628,0.03281451389193535,0.0024533350951969624,0.049531152774763505,113906.2578125,0.012580572627484798,0.00025083112996071577,0.01583764912986507,0.028559690341353416,0.0020320189651101828,0.045077921038022405,113706.2578125,0.010798145085573196,0.00016107529518194497,0.012691544239451123,0.029740339145064354,0.002196274232119322,0.0468644239495091,112677.9375,0.014898154884576797,0.0004343567125033587,0.020841226271583895,0.026512576267123222,0.0017529645701870322,0.041868419724023886,113856.2109375,distributed_or_mixed,ok,/home/cilab/ndquan/videoInpainting/code/BrushNet/examples/brushnet/dataset_test_stc/teacher_flows_512x512/test/Class_D/BasketballPass/000090_000091.npz,BasketballPass,0.43451789021492004,BasketballPass,0
0.5424003601074219,BasketballPass__000090-000097,BasketballPass__000084-000091,0.2639867067337036,0.3544947904046523,0.6854991316795349,0.8748512268066406,92,91,local_high_frequency_dominant,0.009325817227363586,0.011024832725524902,0.7780249503123045,0.7780249503123045,moderate,0.6559838652610779,0.8029313683509827,0.03837708383798599,0.0035854908637702465,0.05987896845947036,119740.46875,0.013257008045911789,0.00026051272288896143,0.016140406527995553,0.034368861466646194,0.0032004250679165125,0.05657229947524241,118719.0,0.011689534410834312,0.0001945418625837192,0.013947826446572928,0.03550330176949501,0.003339828923344612,0.05779125300029938,118825.1015625,0.016046205535531044,0.00042955877142958343,0.020725799657180504,0.03235020488500595,0.0028627587016671896,0.05350475400996803,119522.71875,distributed_or_mixed,ok,/home/cilab/ndquan/videoInpainting/code/BrushNet/examples/brushnet/dataset_test_stc/teacher_flows_512x512/test/Class_D/BasketballPass/000091_000092.npz,BasketballPass,0.45677363872528076,BasketballPass,1
0.5256729125976562,BasketballPass__000090-000097,BasketballPass__000090-000097,0.09669370204210281,0.2887346093360439,0.7300835847854614,0.8875617980957031,93,92,local_high_frequency_dominant,0.0025745872408151627,0.0034013865515589714,0.8344345043770465,0.8344345043770465,moderate,0.7081722617149353,0.7922079563140869,0.03263099864125252,0.00287391385063529,0.05360889712198238,130291.203125,0.007680891081690788,0.00010572004975983873,0.01028202556697068,0.03079983964562416,0.0026853580493479967,0.05182044045883821,129849.3515625,0.006131940521299839,6.083058178774081e-05,0.007799396245078256,0.031538184732198715,0.00278066610917449,0.05273202166781101,129864.59375,0.010227573104202747,0.00021468773775268346,0.014652226375287937,0.029281891882419586,0.002455163514241576,0.049549606600270565,129826.015625,distributed_or_mixed,ok,/home/cilab/ndquan/videoInpainting/code/BrushNet/examples/brushnet/dataset_test_stc/teacher_flows_512x512/test/Class_D/BasketballPass/000092_000093.npz,BasketballPass,0.49702149629592896,BasketballPass,0
0.5401687622070312,BasketballPass__000090-000097,BasketballPass__000090-000097,0.45733311772346497,0.48129128638453816,0.6130393147468567,0.8780250549316406,94,93,local_high_frequency_dominant,0.013467439450323582,0.016373110935091972,0.6731210862307427,0.6731210862307427,moderate,0.7817409038543701,0.8818745017051697,0.031937096267938614,0.002226386684924364,0.047184602201611955,128652.9140625,0.01580425538122654,0.00040665740380063653,0.020165748282685584,0.025637350976467133,0.0017244128976017237,0.04152605083079444,128506.171875,0.014943322166800499,0.0003505706263240427,0.01872353135292706,0.02664446085691452,0.0018154362915083766,0.042607936954379484,128031.390625,0.017206264659762383,0.0005046814912930131,0.02246511721075617,0.024192215874791145,0.001569097745232284,0.039611838448023136,128553.5,distributed_or_mixed,ok,/home/cilab/ndquan/videoInpainting/code/BrushNet/examples/brushnet/dataset_test_stc/teacher_flows_512x512/test/Class_D/BasketballPass/000093_000094.npz,BasketballPass,0.49077191948890686,BasketballPass,0
0.5379638671875,BasketballPass__000090-000097,BasketballPass__000090-000097,0.1494668573141098,0.3495798445312324,0.6676430106163025,0.9205360412597656,95,94,local_high_frequency_dominant,0.004327301401644945,0.004652564879506826,0.8021445763117053,0.8021445763117053,moderate,0.7690785527229309,0.8499540090560913,0.029338538646697998,0.0019704431761056185,0.04438967420589634,133476.625,0.008082672022283077,0.00010871020640479401,0.010426418675882626,0.026793861761689186,0.0017868154682219028,0.042270740095507,133271.4375,0.006097062025219202,6.35713295196183e-05,0.00797316308121302,0.027565278112888336,0.0018619935726746917,0.0431508235457296,133063.0,0.01047021709382534,0.0001963263057405129,0.014011648930105012,0.025355849415063858,0.0016349657671526074,0.04043470993036314,133469.5625,distributed_or_mixed,ok,/home/cilab/ndquan/videoInpainting/code/BrushNet/examples/brushnet/dataset_test_stc/teacher_flows_512x512/test/Class_D/BasketballPass/000094_000095.npz,BasketballPass,0.5091729164123535,BasketballPass,0
0.5515289306640625,BasketballPass__000090-000097,BasketballPass__000090-000097,0.24922645092010498,0.3204543480149422,0.7064986228942871,0.918609619140625,96,95,local_high_frequency_dominant,0.006633997429162264,0.0075858174823224545,0.7828473838145118,0.7828473838145118,moderate,0.9198002219200134,1.0128835439682007,0.028535787016153336,0.0020365433301776648,0.04512807696077537,138110.515625,0.009894072078168392,0.0001411230186931789,0.011879520979112705,0.02603663131594658,0.0018340954557061195,0.042826340676108667,138107.96875,0.008797811344265938,0.00010499987547518685,0.010246944689769085,0.026741212233901024,0.0019007823430001736,0.04359796260148143,137913.03125,0.011725438758730888,0.0002173078100895509,0.014741363915511715,0.02460647001862526,0.001680477405898273,0.040993626405799635,138110.515625,distributed_or_mixed,ok,/home/cilab/ndquan/videoInpainting/code/BrushNet/examples/brushnet/dataset_test_stc/teacher_flows_512x512/test/Class_D/BasketballPass/000095_000096.npz,BasketballPass,0.5268498063087463,BasketballPass,0
0.5519981384277344,BasketballPass__000090-000097,BasketballPass__000090-000097,0.14494112133979797,0.3627041825309133,0.6581332683563232,0.9414176940917969,97,96,local_high_frequency_dominant,0.0028854850679636,0.0029868364799767733,0.8056483473726559,0.8056483473726559,moderate,1.1271220445632935,1.2363641262054443,0.019226953387260437,0.00084590824553743,0.02908450181002642,142016.75,0.005219878163188696,4.5062861318001524e-05,0.006712887703365931,0.01785016618669033,0.0007743429159745574,0.027827017734111528,142016.640625,0.004310475662350655,3.065778219024651e-05,0.005536947009882477,0.018309490755200386,0.0008010102319531143,0.02830212415973604,141962.03125,0.006522899027913809,7.5102063419763e-05,0.0086661446687534,0.0170324444770813,0.0007134080515243113,0.026709699577575022,142016.734375,distributed_or_mixed,ok,/home/cilab/ndquan/videoInpainting/code/BrushNet/examples/brushnet/dataset_test_stc/teacher_flows_512x512/test/Class_D/BasketballPass/000096_000097.npz,BasketballPass,0.5417509078979492,BasketballPass,0
0.5656929016113281,BasketballPass__000096-000103,BasketballPass__000090-000097,0.18272192776203156,0.31292398798932386,0.7250072956085205,0.9524154663085938,98,97,local_high_frequency_dominant,0.004096567630767822,0.004491225350648165,0.8002320199296463,0.8002320199296463,moderate,1.255549430847168,1.391144037246704,0.02284964546561241,0.0013884352520108223,0.037261712950571964,143666.28125,0.006686218082904816,7.903398363851011e-05,0.008890105940792276,0.021107245236635208,0.0012682181550189853,0.03561205069943298,143009.84375,0.005805558059364557,5.655743007082492e-05,0.007520467410395774,0.021659066900610924,0.0013125879922881722,0.03622965625407136,143004.65625,0.008057613857090473,0.00012619202607311308,0.011233522425006017,0.020158100873231888,0.0011672511463984847,0.03416505738907056,143009.84375,distributed_or_mixed,ok,/home/cilab/ndquan/videoInpainting/code/BrushNet/examples/brushnet/dataset_test_stc/teacher_flows_512x512/test/Class_D/BasketballPass/000097_000098.npz,BasketballPass,0.5480433702468872,BasketballPass,1
0.5715103149414062,BasketballPass__000096-000103,BasketballPass__000096-000103,0.10724475979804993,0.3708521805777008,0.6513510346412659,0.945770263671875,99,98,local_high_frequency_dominant,0.0020812982693314552,0.002656521974131465,0.8078514987376082,0.8078514987376082,moderate,1.5908359289169312,1.7334239482879639,0.023230118677020073,0.001195438439026475,0.03457511300092127,146113.15625,0.006004582159221172,5.938238246017136e-05,0.007705996526093907,0.021336665377020836,0.001049655256792903,0.03239838355216049,144294.875,0.004678999539464712,3.481319799902849e-05,0.0059002710106425185,0.021962124854326248,0.0010984280379489064,0.033142541211393345,144257.5,0.008138442412018776,0.0001195976001326926,0.010936068769566723,0.020438171923160553,0.0009771137265488505,0.03125881838056024,146113.15625,distributed_or_mixed,ok,/home/cilab/ndquan/videoInpainting/code/BrushNet/examples/brushnet/dataset_test_stc/teacher_flows_512x512/test/Class_D/BasketballPass/000098_000099.npz,BasketballPass,0.5573774576187134,BasketballPass,0
0.5829505920410156,BasketballPass__000096-000103,BasketballPass__000096-000103,0.12267214059829712,0.3374843315712028,0.6565800905227661,0.9251747131347656,100,99,local_high_frequency_dominant,0.0027949586510658264,0.003331873333081603,0.8075911914763295,0.8075911914763295,moderate,1.8437813520431519,1.9820231199264526,0.02539345994591713,0.001484764739871025,0.038532645119054895,146792.890625,0.005807623267173767,7.652767089894041e-05,0.008748009539257511,0.023896919563412666,0.0013481919886544347,0.03671773398038657,146792.890625,0.004521259572356939,3.7348891055444255e-05,0.006111373908986772,0.02407173067331314,0.0013348236680030823,0.03653523871556175,144090.796875,0.007826359942555428,0.00014474430645350367,0.012030972797471685,0.02269626408815384,0.0012365849688649178,0.03516511010739079,146792.859375,distributed_or_mixed,ok,/home/cilab/ndquan/videoInpainting/code/BrushNet/examples/brushnet/dataset_test_stc/teacher_flows_512x512/test/Class_D/BasketballPass/000099_000100.npz,BasketballPass,0.5599704384803772,BasketballPass,0
0.5708770751953125,BasketballPass__000096-000103,BasketballPass__000096-000103,0.08977854251861572,0.36375899890182894,0.6343458890914917,0.9398040771484375,101,100,local_high_frequency_dominant,0.0017729285173118114,0.0024033866357058287,0.7756734470029764,0.7756734470029764,moving,2.021538734436035,2.137965440750122,0.025153465569019318,0.0013795141130685806,0.0371418108479996,147403.125,0.006794210523366928,0.00010244681470794603,0.010121601390488861,0.02313477173447609,0.0012248839484527707,0.03499834208148681,147403.125,0.005303883925080299,5.352505831979215e-05,0.007316082170109365,0.023084579035639763,0.001197751727886498,0.03460854992464287,144058.96875,0.00852242298424244,0.0001588574959896505,0.012603868294680427,0.022034404799342155,0.0011249009985476732,0.033539543803511596,147403.125,distributed_or_mixed,ok,/home/cilab/ndquan/videoInpainting/code/BrushNet/examples/brushnet/dataset_test_stc/teacher_flows_512x512/test/Class_D/BasketballPass/000100_000101.npz,BasketballPass,0.5622982978820801,BasketballPass,0
0.5682220458984375,BasketballPass__000096-000103,BasketballPass__000096-000103,0.07924950122833252,0.30732875114897584,0.7154940366744995,0.9449234008789062,102,101,local_high_frequency_dominant,0.001800129539333284,0.0022636738140136003,0.7707953609217675,0.7707953609217675,moving,2.169297218322754,2.2988247871398926,0.026931166648864746,0.0018319106893613935,0.04280082580232995,145608.296875,0.008569508790969849,0.0001413604331901297,0.011889509375501149,0.0248641986399889,0.0015986715443432331,0.03998339085599461,145608.296875,0.006910012103617191,7.553335308330134e-05,0.008690992640849568,0.025230396538972855,0.0016589282313361764,0.04072994268761222,142163.15625,0.01044639851897955,0.00024877264513634145,0.015772528178334043,0.023677125573158264,0.001456988975405693,0.038170524955856884,145608.296875,distributed_or_mixed,ok,/home/cilab/ndquan/videoInpainting/code/BrushNet/examples/brushnet/dataset_test_stc/teacher_flows_512x512/test/Class_D/BasketballPass/000101_000102.npz,BasketballPass,0.5554515719413757,BasketballPass,0
0.5771713256835938,BasketballPass__000096-000103,BasketballPass__000096-000103,0.10055388510227203,0.3371959544364671,0.6589595079421997,0.9375953674316406,103,102,local_high_frequency_dominant,0.00274685793556273,0.002826746553182602,0.8473694874567541,0.8473694874567541,moving,2.317667245864868,2.473595380783081,0.02644219994544983,0.0016050192061811686,0.04006269095032395,147171.25,0.005119032226502895,4.914801684208214e-05,0.007010564659289731,0.025398189201951027,0.0015148475067690015,0.03892104195379412,147171.25,0.0038158001843839884,2.780733302643057e-05,0.005273265878602232,0.02591087482869625,0.0015585102373734117,0.03947797154583062,147171.25,0.007169234100729227,9.828810289036483e-05,0.009914035651053754,0.024294909089803696,0.0014114074874669313,0.03756870356382998,147171.25,distributed_or_mixed,ok,/home/cilab/ndquan/videoInpainting/code/BrushNet/examples/brushnet/dataset_test_stc/teacher_flows_512x512/test/Class_D/BasketballPass/000102_000103.npz,BasketballPass,0.5614137649536133,BasketballPass,0
0.5766181945800781,BasketballPass__000102-000109,BasketballPass__000096-000103,0.06862426549196243,0.28616814453032385,0.7107666730880737,0.9362831115722656,104,103,local_high_frequency_dominant,0.0018241205252707005,0.0022656049113720655,0.8417746620723698,0.8417746620723698,moving,2.372797966003418,2.5201547145843506,0.0311981700360775,0.0024799040984362364,0.04979863550777507,147471.5625,0.006523725111037493,8.205031917896122e-05,0.009058163123887823,0.029865698888897896,0.002322308486327529,0.048190336026298145,147471.5625,0.004940939601510763,4.491661093197763e-05,0.006701985596222781,0.03047545999288559,0.0023998261895030737,0.04898802087758877,147471.5625,0.00892862118780613,0.00017576382379047573,0.013257594947443361,0.028409132733941078,0.0021113771945238113,0.04594972464034808,147471.5625,distributed_or_mixed,ok,/home/cilab/ndquan/videoInpainting/code/BrushNet/examples/brushnet/dataset_test_stc/teacher_flows_512x512/test/Class_D/BasketballPass/000103_000104.npz,BasketballPass,0.5625593662261963,BasketballPass,1
0.56005859375,BasketballPass__000102-000109,BasketballPass__000102-000109,0.03444497287273407,0.30987065654433593,0.7031426429748535,0.9323501586914062,105,104,local_high_frequency_dominant,0.0009101917967200279,0.001051961095072329,0.8301516285820232,0.8301516285820232,moving,2.405059576034546,2.5540857315063477,0.028815632686018944,0.0020716579165309668,0.04551546898067696,144448.859375,0.006617913022637367,8.088365575531498e-05,0.008993534108197676,0.027147967368364334,0.0019322034204378724,0.04395683587836905,144448.859375,0.0047952765598893166,4.141297176829539e-05,0.006435291117602637,0.027438832446932793,0.0019610628951340914,0.04428388979227199,141568.84375,0.008929116651415825,0.00015069149958435446,0.012275646605550132,0.025819672271609306,0.0017610251670703292,0.04196457037871744,144448.859375,distributed_or_mixed,ok,/home/cilab/ndquan/videoInpainting/code/BrushNet/examples/brushnet/dataset_test_stc/teacher_flows_512x512/test/Class_D/BasketballPass/000104_000105.npz,BasketballPass,0.5510286688804626,BasketballPass,0
0.5707817077636719,BasketballPass__000102-000109,BasketballPass__000102-000109,0.09746982902288437,0.34870484618100994,0.6371760964393616,0.9433479309082031,106,105,local_high_frequency_dominant,0.002273412188515067,0.002977138152346015,0.8065596194209921,0.8065596194209921,moving,2.35438871383667,2.4754085540771484,0.028713474050164223,0.0018200185149908066,0.042661675013890475,144112.21875,0.007319817319512367,9.516845602774993e-05,0.009755432129216517,0.027062902227044106,0.0016545187681913376,0.040675776184251694,144022.921875,0.006054212339222431,5.7894827477866784e-05,0.007608865058460873,0.02750595286488533,0.0017036165809258819,0.04127489044111301,141553.15625,0.009353335946798325,0.00017322736675851047,0.013161586787257472,0.025661811232566833,0.001510992064140737,0.03887148137311899,144112.21875,distributed_or_mixed,ok,/home/cilab/ndquan/videoInpainting/code/BrushNet/examples/brushnet/dataset_test_stc/teacher_flows_512x512/test/Class_D/BasketballPass/000105_000106.npz,BasketballPass,0.5497444868087769,BasketballPass,0
0.5649604797363281,BasketballPass__000102-000109,BasketballPass__000102-000109,0.043827131390571594,0.335535884968624,0.6529570817947388,0.9424629211425781,107,106,local_high_frequency_dominant,0.0009896190604194999,0.0013034637086093426,0.8204779831494993,0.8204779831494993,moving,2.1128311157226562,2.2981560230255127,0.028101611882448196,0.001784603693522513,0.04224456998860934,144193.125,0.006693871691823006,7.804136112099513e-05,0.008834102168358431,0.026525087654590607,0.0016301338328048587,0.04037491588604066,143199.5,0.0047882311046123505,3.6213987186783925e-05,0.006017805844889309,0.027227332815527916,0.0017014769837260246,0.04124896342607926,143215.515625,0.00903504528105259,0.00015171951963566244,0.012317447772800274,0.025169169530272484,0.0014977551763877273,0.038700842063031746,143196.4375,distributed_or_mixed,ok,/home/cilab/ndquan/videoInpainting/code/BrushNet/examples/brushnet/dataset_test_stc/teacher_flows_512x512/test/Class_D/BasketballPass/000106_000107.npz,BasketballPass,0.5500531196594238,BasketballPass,0
0.5608634948730469,BasketballPass__000102-000109,BasketballPass__000102-000109,0.24118930101394653,0.4131450814068669,0.5787960886955261,0.9366683959960938,108,107,local_high_frequency_dominant,0.006009824573993683,0.008173810318112373,0.7433229930994028,0.7433229930994028,moving,2.0715768337249756,2.2503368854522705,0.03152977302670479,0.0020113259088248014,0.044847808294551046,143234.15625,0.010703586973249912,0.00020265298371668905,0.01423562375579971,0.028129292652010918,0.0016995510086417198,0.04122561107663196,142995.5625,0.008972177281975746,0.00014391561853699386,0.011996483590494085,0.029196301475167274,0.0017938385717570782,0.042353731497438075,143015.265625,0.013030767440795898,0.00030270571005530655,0.01739843987417569,0.02644204907119274,0.0015349388122558594,0.03917829516780764,142987.578125,distributed_or_mixed,ok,/home/cilab/ndquan/videoInpainting/code/BrushNet/examples/brushnet/dataset_test_stc/teacher_flows_512x512/test/Class_D/BasketballPass/000107_000108.npz,BasketballPass,0.546394944190979,BasketballPass,0
0.5892562866210938,BasketballPass__000102-000109,BasketballPass__000102-000109,0.12168509513139725,0.34527634848962163,0.6629908680915833,0.9410667419433594,109,108,local_high_frequency_dominant,0.003393580438569188,0.003755664685741067,0.7698085037754269,0.7698085037754269,moderate,1.9770677089691162,2.0902276039123535,0.028977075591683388,0.0019309110939502716,0.04394213347062557,142729.828125,0.009014291688799858,0.00013816860155202448,0.01175451409255289,0.0258175041526556,0.001545240986160934,0.03930955337015334,141074.59375,0.006949857342988253,7.382991316262633e-05,0.008592433483165659,0.026788096874952316,0.0016724839806556702,0.04089601423923449,141125.578125,0.011811008676886559,0.00028470222605392337,0.016873121408142698,0.02449805662035942,0.0014279098249971867,0.03778769409473389,142508.421875,distributed_or_mixed,ok,/home/cilab/ndquan/videoInpainting/code/BrushNet/examples/brushnet/dataset_test_stc/teacher_flows_512x512/test/Class_D/BasketballPass/000108_000109.npz,BasketballPass,0.5444710850715637,BasketballPass,0
0.6009979248046875,BasketballPass__000108-000115,BasketballPass__000102-000109,0.19845029711723328,0.271486804838667,0.7468242049217224,0.9244766235351562,110,109,local_high_frequency_dominant,0.004310143645852804,0.006039639934897423,0.6828558210539754,0.6828558210539754,moderate,1.7710081338882446,1.873759388923645,0.028401823714375496,0.0022566018160432577,0.047503703182417874,151107.828125,0.008598935790359974,0.0003657342167571187,0.019124178851838806,0.02517669089138508,0.0016955481842160225,0.04117703467001992,150783.5625,0.006800176575779915,0.00023517879890277982,0.015335540385091743,0.026399968191981316,0.0018601870397105813,0.043129885690905576,150592.125,0.010878651402890682,0.0005385273252613842,0.0232061915285853,0.023611798882484436,0.0015253296587616205,0.03905546899938113,151056.765625,distributed_or_mixed,ok,/home/cilab/ndquan/videoInpainting/code/BrushNet/examples/brushnet/dataset_test_stc/teacher_flows_512x512/test/Class_D/BasketballPass/000109_000110.npz,BasketballPass,0.57643061876297,BasketballPass,1
0.5932464599609375,BasketballPass__000108-000115,BasketballPass__000108-000115,0.06611687690019608,0.2699706768004839,0.7425616383552551,0.920013427734375,111,110,local_high_frequency_dominant,0.001812880509532988,0.0018808835884556174,0.7854424473733852,0.7854424473733852,moderate,1.4478315114974976,1.5648499727249146,0.026593511924147606,0.0019767179619520903,0.0444602964672087,152017.234375,0.006185617763549089,0.00012308184523135424,0.011094225760788999,0.024491621181368828,0.0016494346782565117,0.04061323279740867,151686.484375,0.004333593882620335,4.949222784489393e-05,0.007035071275040071,0.025505658239126205,0.0018152825068682432,0.04260613226835127,151509.390625,0.008976593613624573,0.0002903413842432201,0.017039406804323327,0.022821469232439995,0.0014447341673076153,0.03800965886860359,151959.875,distributed_or_mixed,ok,/home/cilab/ndquan/videoInpainting/code/BrushNet/examples/brushnet/dataset_test_stc/teacher_flows_512x512/test/Class_D/BasketballPass/000110_000111.npz,BasketballPass,0.5798997282981873,BasketballPass,0
0.5725440979003906,BasketballPass__000108-000115,BasketballPass__000108-000115,0.06988860666751862,0.2577818194065542,0.7554847002029419,0.9285507202148438,112,111,local_high_frequency_dominant,0.0017706345533952117,0.0019548467826098204,0.7860874999912474,0.7860874999912474,moderate,1.301376223564148,1.4477527141571045,0.025997523218393326,0.0019598298240453005,0.04426996525913817,148528.6875,0.0070639122277498245,0.00012650909775402397,0.0112476263164289,0.02422543801367283,0.001708406489342451,0.041332874196484945,148458.28125,0.005047503858804703,5.773496741312556e-05,0.007598352940810631,0.025074414908885956,0.0018292348831892014,0.04276955556455084,148495.546875,0.009443891234695911,0.00024785648565739393,0.015743458503689522,0.022557148709893227,0.001481416868045926,0.0384891785836737,148457.9375,distributed_or_mixed,ok,/home/cilab/ndquan/videoInpainting/code/BrushNet/examples/brushnet/dataset_test_stc/teacher_flows_512x512/test/Class_D/BasketballPass/000111_000112.npz,BasketballPass,0.5665919780731201,BasketballPass,0
0.548004150390625,BasketballPass__000108-000115,BasketballPass__000108-000115,0.10750109702348709,0.26253942773459504,0.7538386583328247,0.9395866394042969,113,112,local_high_frequency_dominant,0.0023930321913212538,0.0030568812508136034,0.6592601505880759,0.6592601505880759,moderate,1.2021474838256836,1.3203277587890625,0.0260362196713686,0.0019858195446431637,0.04456253521337362,141966.296875,0.009030007757246494,0.0003899437142536044,0.019746992536930894,0.022798312827944756,0.0014597205445170403,0.03820628933195476,141939.65625,0.006977090612053871,0.00022034508583601564,0.01484402525718734,0.023958254605531693,0.001605010824277997,0.04006258634034998,141949.28125,0.01127581112086773,0.0005229648086242378,0.022868423833404823,0.02111721783876419,0.0012785536237061024,0.03575686820327113,141925.421875,distributed_or_mixed,ok,/home/cilab/ndquan/videoInpainting/code/BrushNet/examples/brushnet/dataset_test_stc/teacher_flows_512x512/test/Class_D/BasketballPass/000112_000113.npz,BasketballPass,0.5415584444999695,BasketballPass,0
0.5330886840820312,BasketballPass__000108-000115,BasketballPass__000108-000115,0.13283377885818481,0.26979780197489006,0.7561342716217041,0.8939933776855469,114,113,local_high_frequency_dominant,0.002802609233185649,0.0032896744087338448,0.755323136165731,0.755323136165731,moderate,1.0144693851470947,1.1087613105773926,0.023022647947072983,0.0015470641665160656,0.03933273657547953,138007.984375,0.006754222325980663,0.00013777830463368446,0.011737900350304753,0.021140387281775475,0.0013129875296726823,0.03623516978948329,137787.78125,0.004863756708800793,5.728505493607372e-05,0.0075686891160936,0.021689143031835556,0.0013742600567638874,0.03707101370024682,136969.640625,0.00878632627427578,0.00022567009727936238,0.01502231996994347,0.01977677457034588,0.0011632032692432404,0.03410576592371502,137797.75,distributed_or_mixed,ok,/home/cilab/ndquan/videoInpainting/code/BrushNet/examples/brushnet/dataset_test_stc/teacher_flows_512x512/test/Class_D/BasketballPass/000113_000114.npz,BasketballPass,0.5264586806297302,BasketballPass,0
0.5237083435058594,BasketballPass__000108-000115,BasketballPass__000108-000115,0.10317406058311462,0.3199871877001922,0.7045302391052246,0.877655029296875,115,114,local_high_frequency_dominant,0.0022944407537579536,0.002336032222956419,0.7743809895226473,0.7743809895226473,moderate,0.9170178174972534,0.9580645561218262,0.02107176184654236,0.001133115030825138,0.0336617740296785,134234.375,0.005898719187825918,8.234429697040468e-05,0.009074375844674094,0.019409511238336563,0.0009700441733002663,0.031145532156318444,133960.875,0.0041959248483181,3.104504139628261e-05,0.005571807731453286,0.01924210786819458,0.0009096647845581174,0.03016064960437884,131728.359375,0.007616269402205944,0.00014606150216422975,0.012085590683298427,0.018327558413147926,0.000877070298884064,0.029615372678459814,134070.578125,distributed_or_mixed,ok,/home/cilab/ndquan/videoInpainting/code/BrushNet/examples/brushnet/dataset_test_stc/teacher_flows_512x512/test/Class_D/BasketballPass/000114_000115.npz,BasketballPass,0.5120635032653809,BasketballPass,0
0.521942138671875,BasketballPass__000114-000121,BasketballPass__000108-000115,0.5478699207305908,0.6124809787340354,0.5484553575515747,0.8861045837402344,116,115,mixed_frequency,0.025734277442097664,0.03128372132778168,0.5646581458305198,0.5646581458305198,moderate,0.7726122140884399,0.8290865421295166,0.050254713743925095,0.004938237834721804,0.07027259661291735,132002.96875,0.032694023102521896,0.0015017448458820581,0.038752352778664394,0.03150542825460434,0.0025264255236834288,0.05026356059496212,130860.109375,0.03145959973335266,0.0013695125235244632,0.037006925345460184,0.0321158803999424,0.0024128358345478773,0.04912062534768748,129970.4921875,0.03500723838806152,0.002044143620878458,0.04521220654733031,0.030234064906835556,0.002503522438928485,0.05003521199044214,131806.140625,distributed_or_mixed,ok,/home/cilab/ndquan/videoInpainting/code/BrushNet/examples/brushnet/dataset_test_stc/teacher_flows_512x512/test/Class_D/BasketballPass/000115_000116.npz,BasketballPass,0.5035513639450073,BasketballPass,1
0.5186233520507812,BasketballPass__000114-000121,BasketballPass__000114-000121,0.5891423225402832,0.6320701035620804,0.5448127388954163,0.8952255249023438,117,116,mixed_frequency,0.02705378830432892,0.031579263508319855,0.5499413591089505,0.5499413591089505,moderate,0.8336389064788818,0.8706696033477783,0.04700755700469017,0.004355540964752436,0.06599652236862512,131764.796875,0.03186042979359627,0.0013721385039389133,0.037042387935160355,0.02848997712135315,0.0020487667061388493,0.045263304189363474,129693.03125,0.0310087651014328,0.0012496770359575748,0.035350771362978414,0.029577063396573067,0.0022524299565702677,0.047459771981861305,129294.390625,0.03391725942492485,0.00182134669739753,0.04267723863369712,0.027733083814382553,0.002025498542934656,0.04500553902504286,131552.25,distributed_or_mixed,ok,/home/cilab/ndquan/videoInpainting/code/BrushNet/examples/brushnet/dataset_test_stc/teacher_flows_512x512/test/Class_D/BasketballPass/000116_000117.npz,BasketballPass,0.502642810344696,BasketballPass,0
0.5115165710449219,BasketballPass__000114-000121,BasketballPass__000114-000121,0.12136621028184891,0.3209494009005571,0.7001074552536011,0.9002037048339844,118,117,local_high_frequency_dominant,0.00259278598241508,0.0026141004636883736,0.7387311495184695,0.7387311495184695,moderate,0.5346624851226807,0.7402853965759277,0.019964896142482758,0.001001170021481812,0.031641270857565316,131071.984375,0.007314952556043863,9.165167284663767e-05,0.009573488018827708,0.017207352444529533,0.000732719840016216,0.027068798274327142,130009.4140625,0.00623383279889822,5.580216384259984e-05,0.007470084594072535,0.017530960962176323,0.0007335046539083123,0.02708329104647942,129377.578125,0.008959236554801464,0.00018062668095808476,0.01343974259270187,0.01653270423412323,0.0007281034486368299,0.0269833920891505,131058.953125,distributed_or_mixed,ok,/home/cilab/ndquan/videoInpainting/code/BrushNet/examples/brushnet/dataset_test_stc/teacher_flows_512x512/test/Class_D/BasketballPass/000117_000118.npz,BasketballPass,0.4999999403953552,BasketballPass,0
0.5052757263183594,BasketballPass__000114-000121,BasketballPass__000114-000121,0.047020792961120605,0.3175325573886437,0.6887156367301941,0.8817138671875,119,118,local_high_frequency_dominant,0.0009588233078829944,0.0009798916289582849,0.8182103117454504,0.8182103117454504,static,0.4517238736152649,0.5782666206359863,0.019589262083172798,0.0009351284825243056,0.030579870544596908,130027.703125,0.0043140798807144165,3.4623553801793605e-05,0.005884178260538476,0.01755603775382042,0.0007013956201262772,0.02648387471889786,128522.703125,0.002982214791700244,1.4805549653829075e-05,0.003847798026641871,0.018224699422717094,0.0007501700893044472,0.027389233090841503,128645.703125,0.006868734490126371,0.00013844452041666955,0.01176624495821286,0.01687578298151493,0.0006835405365563929,0.02614460817370176,129859.703125,distributed_or_mixed,ok,/home/cilab/ndquan/videoInpainting/code/BrushNet/examples/brushnet/dataset_test_stc/teacher_flows_512x512/test/Class_D/BasketballPass/000118_000119.npz,BasketballPass,0.49601632356643677,BasketballPass,0
0.5043754577636719,BasketballPass__000114-000121,BasketballPass__000114-000121,0.2777129113674164,0.3887151481204879,0.6478852033615112,0.8940887451171875,120,119,local_high_frequency_dominant,0.005964194890111685,0.006556712090969086,0.7469603383996295,0.7469603383996295,static,0.39824536442756653,0.4964236915111542,0.02164347469806671,0.0010740627767518163,0.032772896984426265,128483.84375,0.007300621829926968,9.055135888047516e-05,0.009515847775184046,0.01861998625099659,0.0007890651468187571,0.028090303430521307,126973.203125,0.006430056877434254,6.617817416554317e-05,0.008134996875570585,0.019553059712052345,0.0008605436887592077,0.029335024949012873,127082.28125,0.009378204122185707,0.0001800321479095146,0.013417605893359464,0.017666662111878395,0.0007860022597014904,0.02803573183816485,128415.75,distributed_or_mixed,ok,/home/cilab/ndquan/videoInpainting/code/BrushNet/examples/brushnet/dataset_test_stc/teacher_flows_512x512/test/Class_D/BasketballPass/000119_000120.npz,BasketballPass,0.49012696743011475,BasketballPass,0
0.5064811706542969,BasketballPass__000114-000121,BasketballPass__000114-000121,0.22161638736724854,0.35055575531133243,0.6640596985816956,0.9134902954101562,121,120,local_high_frequency_dominant,0.0035104795824736357,0.004312313627451658,0.7491763142978665,0.7491763142978665,static,0.4570658504962921,0.509293258190155,0.01807047612965107,0.0007705988246016204,0.027759661824338214,127861.609375,0.005537622142583132,6.555259460583329e-05,0.008096455681706242,0.015820851549506187,0.0005848181899636984,0.024183014492897663,126066.953125,0.0045898729003965855,4.231118145980872e-05,0.0065047045636069225,0.016385402530431747,0.0006235177861526608,0.024970338126518447,126186.625,0.007324474863708019,0.00013452733401209116,0.011598591897816353,0.015200256370007992,0.0005617905408143997,0.023702121019318075,127783.46875,distributed_or_mixed,ok,/home/cilab/ndquan/videoInpainting/code/BrushNet/examples/brushnet/dataset_test_stc/teacher_flows_512x512/test/Class_D/BasketballPass/000120_000121.npz,BasketballPass,0.48775333166122437,BasketballPass,0
0.5173187255859375,BasketballPass__000120-000127,BasketballPass__000114-000121,0.21440672874450684,0.3269209977604448,0.688306450843811,0.9193458557128906,122,121,local_high_frequency_dominant,0.003453164594247937,0.003570057451725006,0.7419319884020115,0.7419319884020115,static,0.4480626881122589,0.5648122429847717,0.015557781793177128,0.0005920901312492788,0.024332902236463262,129429.15625,0.005015707109123468,5.268242966849357e-05,0.007258266299089168,0.01342447567731142,0.0004354373086243868,0.02086713465295096,127024.5859375,0.0040390281938016415,3.115315121249296e-05,0.0055815008028748826,0.014066889882087708,0.0004748061182908714,0.02179004631227,127158.0,0.006488458253443241,0.00010159159864997491,0.010079265779310263,0.012768475338816643,0.0004104319668840617,0.020259120585160197,128384.7890625,distributed_or_mixed,ok,/home/cilab/ndquan/videoInpainting/code/BrushNet/examples/brushnet/dataset_test_stc/teacher_flows_512x512/test/Class_D/BasketballPass/000121_000122.npz,BasketballPass,0.4937330484390259,BasketballPass,1
0.5342445373535156,BasketballPass__000120-000127,BasketballPass__000120-000127,0.14036567509174347,0.33724185682461316,0.670599639415741,0.9195938110351562,123,122,local_high_frequency_dominant,0.002170890336856246,0.0025299887638539076,0.7455153705807661,0.7455153705807661,static,0.3640116751194,0.4444759488105774,0.016764281317591667,0.0006699793157167733,0.02588395865621743,132894.53125,0.005467039067298174,5.704174691345543e-05,0.00755259868611165,0.014348220080137253,0.0004895340534858406,0.02212541645903734,129262.09375,0.004472685046494007,3.769985414692201e-05,0.006140020695968541,0.01494132075458765,0.0005260069738142192,0.02293484191823042,129209.125,0.007250417489558458,0.00011852228635689244,0.010886794126688188,0.014041624031960964,0.0004901165957562625,0.022138577094209612,132714.875,distributed_or_mixed,ok,/home/cilab/ndquan/videoInpainting/code/BrushNet/examples/brushnet/dataset_test_stc/teacher_flows_512x512/test/Class_D/BasketballPass/000122_000123.npz,BasketballPass,0.5069524049758911,BasketballPass,0
0.5436897277832031,BasketballPass__000120-000127,BasketballPass__000120-000127,0.153985396027565,0.31374568452812673,0.7068986892700195,0.9197044372558594,124,123,local_high_frequency_dominant,0.0030727386474609375,0.003102418500930071,0.7840083839006908,0.7840083839006908,static,0.2630749046802521,0.3436439037322998,0.018798552453517914,0.0009052923996932805,0.030088077367842574,137761.65625,0.005124373827129602,5.373387466534041e-05,0.007330339328117111,0.016982436180114746,0.0007079715142026544,0.02660773410500515,136226.09375,0.00416149478405714,3.479784936644137e-05,0.005898970195418974,0.017638344317674637,0.0007555565680377185,0.027487389254669467,136285.34375,0.007091876585036516,0.00011669167724903673,0.010802392200296966,0.016232024878263474,0.0007122700335457921,0.026688387616073627,137614.0,distributed_or_mixed,ok,/home/cilab/ndquan/videoInpainting/code/BrushNet/examples/brushnet/dataset_test_stc/teacher_flows_512x512/test/Class_D/BasketballPass/000123_000124.npz,BasketballPass,0.5255190134048462,BasketballPass,0
0.5595779418945312,BasketballPass__000120-000127,BasketballPass__000120-000127,0.14829975366592407,0.30055219942617395,0.7164663076400757,0.9145393371582031,125,124,local_high_frequency_dominant,0.0029193786904215813,0.0030172078404575586,0.7878049182511949,0.7878049182511949,static,0.2769836485385895,0.3498765230178833,0.018992731347680092,0.0009477765997871757,0.030785980572123662,138652.703125,0.0055738212540745735,5.315035014064051e-05,0.0072904286664530575,0.016804637387394905,0.0007326100603677332,0.02706677040889314,137171.34375,0.0041463952511549,2.7715614123735577e-05,0.00526456210180254,0.016806595027446747,0.0007127013523131609,0.026696467038040086,133264.34375,0.007477120961993933,0.00013232782657723874,0.01150338326655418,0.016263538971543312,0.000733936729375273,0.02709126666243705,138589.328125,distributed_or_mixed,ok,/home/cilab/ndquan/videoInpainting/code/BrushNet/examples/brushnet/dataset_test_stc/teacher_flows_512x512/test/Class_D/BasketballPass/000124_000125.npz,BasketballPass,0.5289180874824524,BasketballPass,0
0.5849609375,BasketballPass__000120-000127,BasketballPass__000120-000127,0.1993459016084671,0.2586747021802652,0.7635944485664368,0.9318466186523438,126,125,local_high_frequency_dominant,0.003688638098537922,0.00436526071280241,0.7593349281723906,0.7593349281723906,static,0.34979358315467834,0.3675326108932495,0.0204254649579525,0.0012677132617682219,0.03560496119599377,142232.578125,0.00663682259619236,8.639987208880484e-05,0.009295153150368466,0.017552578821778297,0.0008601094596087933,0.029327622808689988,141069.1875,0.0054546259343624115,5.672860061167739e-05,0.007531839125451193,0.017742808908224106,0.0008876703795976937,0.029793797669946234,136330.25,0.008574801497161388,0.0002083981380565092,0.01443600145665375,0.016976987943053246,0.0008625757764093578,0.02936964038610888,142162.265625,distributed_or_mixed,ok,/home/cilab/ndquan/videoInpainting/code/BrushNet/examples/brushnet/dataset_test_stc/teacher_flows_512x512/test/Class_D/BasketballPass/000125_000126.npz,BasketballPass,0.5425742268562317,BasketballPass,0
0.6089324951171875,BasketballPass__000120-000127,BasketballPass__000120-000127,0.11265973746776581,0.22115541643984757,0.8041275143623352,0.93304443359375,127,126,local_high_frequency_dominant,0.002644777297973633,0.0026531582698225975,0.7295913935229427,0.7295913935229427,static,0.38164591789245605,0.28215843439102173,0.022132284939289093,0.001680040149949491,0.04098829284014511,146978.796875,0.006238252390176058,0.00017165597819257528,0.013101754775318277,0.019946912303566933,0.0012496181298047304,0.03534993818671725,145608.484375,0.004523846786469221,5.613901885226369e-05,0.007492597603786266,0.0203403327614069,0.0013639047974720597,0.036931081726264935,141658.65625,0.008606166578829288,0.00038483564276248217,0.019617228213039736,0.018645649775862694,0.0010227359598502517,0.03198024327378157,146764.59375,spatially_localized,ok,/home/cilab/ndquan/videoInpainting/code/BrushNet/examples/brushnet/dataset_test_stc/teacher_flows_512x512/test/Class_D/BasketballPass/000126_000127.npz,BasketballPass,0.5606796145439148,BasketballPass,0
0.6100578308105469,BasketballPass__000126-000133,BasketballPass__000120-000127,0.15970741212368011,0.1790669016417337,0.8407410979270935,0.9219093322753906,128,127,mixed_frequency,0.003797149984166026,0.004136528819799423,0.5355537548233696,0.5355537548233696,static,0.3739825189113617,0.2528974711894989,0.024470670148730278,0.002348298905417323,0.048459249946912336,150937.625,0.009205897338688374,0.0009447392076253891,0.030736610216895895,0.02042851224541664,0.0012561663752421737,0.03544243749013566,149537.71875,0.005221675615757704,0.0002137135888915509,0.014618946230544489,0.01944086328148842,0.000937812787014991,0.03062372914938661,142335.40625,0.011189290322363377,0.0010986686684191227,0.033146171248262184,0.019130386412143707,0.001063373638316989,0.032609410272450325,150750.59375,spatially_localized,ok,/home/cilab/ndquan/videoInpainting/code/BrushNet/examples/brushnet/dataset_test_stc/teacher_flows_512x512/test/Class_D/BasketballPass/000127_000128.npz,BasketballPass,0.5757813453674316,BasketballPass,1
0.6104621887207031,BasketballPass__000126-000133,BasketballPass__000126-000133,0.195151686668396,0.3310862165823998,0.6735726594924927,0.92303466796875,129,128,local_high_frequency_dominant,0.004604526329785585,0.004795465152710676,0.7823133636854613,0.7823133636854613,static,0.33948227763175964,0.2806072533130646,0.022944625467061996,0.0012397250393405557,0.03520972932785135,151358.875,0.0068419394083321095,8.091130439424887e-05,0.008995071116686564,0.02053937129676342,0.0010449780384078622,0.03232612006424313,149983.875,0.005431558005511761,4.5185974158812314e-05,0.006722051335627564,0.02050311304628849,0.001016079680994153,0.031876004784071564,142714.71875,0.009031347930431366,0.00016296010289806873,0.012765582748079648,0.019302843138575554,0.0009412973886355758,0.03068057021366415,151182.8125,distributed_or_mixed,ok,/home/cilab/ndquan/videoInpainting/code/BrushNet/examples/brushnet/dataset_test_stc/teacher_flows_512x512/test/Class_D/BasketballPass/000128_000129.npz,BasketballPass,0.5773882865905762,BasketballPass,0
0.6398887634277344,BasketballPass__000126-000133,BasketballPass__000126-000133,0.17726373672485352,0.30564914461417686,0.6864326000213623,0.9249992370605469,130,129,local_high_frequency_dominant,0.0035072145983576775,0.004336078185588121,0.7540594230565884,0.7540594230565884,static,0.33631575107574463,0.4588050842285156,0.02304963394999504,0.001296810107305646,0.036011249732627246,152862.296875,0.006416380405426025,0.00011401772644603625,0.0106779083366564,0.02118586003780365,0.0010718231787905097,0.03273871070751733,152374.296875,0.004811407532542944,4.790058665093966e-05,0.006921024971125278,0.02082858607172966,0.0010316749103367329,0.03211969661028467,145587.78125,0.008275075815618038,0.00020512867195066065,0.014322313777831452,0.019922716543078423,0.0009496868005953729,0.030816988830763024,152456.8125,distributed_or_mixed,ok,/home/cilab/ndquan/videoInpainting/code/BrushNet/examples/brushnet/dataset_test_stc/teacher_flows_512x512/test/Class_D/BasketballPass/000129_000130.npz,BasketballPass,0.5831233859062195,BasketballPass,0
0.6876449584960938,BasketballPass__000126-000133,BasketballPass__000126-000133,0.03922460973262787,0.32219657469196755,0.6649986505508423,0.9219627380371094,131,130,local_high_frequency_dominant,0.0009919448057189584,0.0011155480751767755,0.7627649131066977,0.7627649131066977,static,0.19718745350837708,0.2728143632411957,0.02694901078939438,0.0016889142571017146,0.04109640199703272,158888.625,0.009040072560310364,0.00013774356921203434,0.011736420630329945,0.024239638820290565,0.0014239505399018526,0.037735269177545994,158524.203125,0.007125655189156532,7.664273289265111e-05,0.008754583536219818,0.024535957723855972,0.001416692161001265,0.037638971306363636,154915.140625,0.011213509365916252,0.00024377812223974615,0.015613395602486544,0.022443795576691628,0.0012447783956304193,0.0352814171431707,158471.078125,distributed_or_mixed,ok,/home/cilab/ndquan/videoInpainting/code/BrushNet/examples/brushnet/dataset_test_stc/teacher_flows_512x512/test/Class_D/BasketballPass/000130_000131.npz,BasketballPass,0.606112003326416,BasketballPass,0
0.6295356750488281,BasketballPass__000126-000133,BasketballPass__000126-000133,0.1273731142282486,0.35171739563614624,0.6316876411437988,0.9365272521972656,132,131,local_high_frequency_dominant,0.0028581845108419657,0.004080680198967457,0.7611053266915875,0.7611053266915875,static,0.1171463206410408,0.28164103627204895,0.030303416773676872,0.0020092881750315428,0.04482508421666983,160569.59375,0.009193078614771366,0.00015704867837484926,0.012531906414223228,0.02709810994565487,0.0015940828016027808,0.03992596650806065,159507.0,0.00681671779602766,8.086505113169551e-05,0.00899249971541259,0.02793225646018982,0.0017000504303723574,0.041231667809735244,156722.46875,0.012292956002056599,0.0003358889080118388,0.01832727224689585,0.02537188120186329,0.001433390541933477,0.0378601445049207,160458.1875,distributed_or_mixed,ok,/home/cilab/ndquan/videoInpainting/code/BrushNet/examples/brushnet/dataset_test_stc/teacher_flows_512x512/test/Class_D/BasketballPass/000131_000132.npz,BasketballPass,0.6125243902206421,BasketballPass,0
0.5551376342773438,BasketballPass__000126-000133,BasketballPass__000126-000133,0.08913429081439972,0.3411486915833863,0.6563853025436401,0.9259872436523438,133,132,local_high_frequency_dominant,0.00264500523917377,0.002844484755769372,0.7639318151731376,0.7639318151731376,static,0.15990571677684784,0.4323680102825165,0.030224792659282684,0.0020619721617549658,0.045408943631788726,138461.28125,0.008575833402574062,0.0001656212261877954,0.012869391057380898,0.02762507274746895,0.0017344040097668767,0.04164617641232958,138199.8125,0.006716815289109945,8.007881115190685e-05,0.008948676502807935,0.028617797419428825,0.0018750372109934688,0.043301699862632055,135067.625,0.011723027564585209,0.00033759386860765517,0.018373727673165703,0.025490770116448402,0.0014819551724940538,0.03849617088093378,138158.71875,distributed_or_mixed,ok,/home/cilab/ndquan/videoInpainting/code/BrushNet/examples/brushnet/dataset_test_stc/teacher_flows_512x512/test/Class_D/BasketballPass/000132_000133.npz,BasketballPass,0.5281878709793091,BasketballPass,0
0.5282020568847656,BasketballPass__000132-000139,BasketballPass__000126-000133,0.11805398762226105,0.3488745861081141,0.6401963829994202,0.9106636047363281,134,133,local_high_frequency_dominant,0.0032998761162161827,0.0035310331732034683,0.7183406989925428,0.7183406989925428,static,0.1315494328737259,0.15452423691749573,0.02835092321038246,0.0017461945535615087,0.04178749278865039,134369.75,0.009784932248294353,0.0002178926079068333,0.014761185857065593,0.02512115053832531,0.0014172786613926291,0.037646761632212526,134369.75,0.007951916195452213,0.00012226989201735705,0.011057571705277658,0.025809476152062416,0.0014689196832478046,0.03832648801087578,130856.8671875,0.012225336395204067,0.00034603526000864804,0.0186020230084969,0.02312527410686016,0.0012267917627468705,0.03502558725770163,134328.21875,distributed_or_mixed,ok,/home/cilab/ndquan/videoInpainting/code/BrushNet/examples/brushnet/dataset_test_stc/teacher_flows_512x512/test/Class_D/BasketballPass/000133_000134.npz,BasketballPass,0.5125799179077148,BasketballPass,1
0.5115776062011719,BasketballPass__000132-000139,BasketballPass__000132-000139,0.07338977605104446,0.3492331656811612,0.6323249340057373,0.9178695678710938,135,134,local_high_frequency_dominant,0.0018321378156542778,0.002175787463784218,0.7909780314550046,0.7909780314550046,static,0.07652263343334198,0.13040922582149506,0.02819807268679142,0.00171030149795115,0.04135579158898001,128955.484375,0.007948785088956356,0.00010685757297324017,0.010337193670104095,0.02592379041016102,0.0015302073443308473,0.039117864772132534,128908.0078125,0.006193901877850294,6.234595639398322e-05,0.007895945566807259,0.026227880269289017,0.0015410776250064373,0.03925656155353443,125139.7734375,0.01028810627758503,0.00019316021644044667,0.013898209109106349,0.024284211918711662,0.0013766438933089375,0.0371031520670271,128954.484375,distributed_or_mixed,ok,/home/cilab/ndquan/videoInpainting/code/BrushNet/examples/brushnet/dataset_test_stc/teacher_flows_512x512/test/Class_D/BasketballPass/000134_000135.npz,BasketballPass,0.4919261336326599,BasketballPass,0
0.5331764221191406,BasketballPass__000132-000139,BasketballPass__000132-000139,0.08817393332719803,0.37383034676778176,0.6201453804969788,0.9062767028808594,136,135,local_high_frequency_dominant,0.00246965023688972,0.002814388368278742,0.7650668257852578,0.7650668257852578,static,0.07259360700845718,0.18243259191513062,0.030212953686714172,0.001923200092278421,0.04385430528783259,130809.9296875,0.009524717926979065,0.00015823097783140838,0.012578989539363183,0.02734469622373581,0.0016780371079221368,0.04096385123401042,130735.765625,0.007334413472563028,9.50907269725576e-05,0.009751447429615647,0.027918923646211624,0.0017132284119725227,0.04139116345275309,127299.3125,0.012038706801831722,0.0002599767758511007,0.01612379533022857,0.025405367836356163,0.0015014815144240856,0.03874895501073655,130806.6171875,distributed_or_mixed,ok,/home/cilab/ndquan/videoInpainting/code/BrushNet/examples/brushnet/dataset_test_stc/teacher_flows_512x512/test/Class_D/BasketballPass/000135_000136.npz,BasketballPass,0.49900028109550476,BasketballPass,0
0.4870147705078125,BasketballPass__000132-000139,BasketballPass__000132-000139,0.04944581165909767,0.3387929370899267,0.6799443364143372,0.9032859802246094,137,136,local_high_frequency_dominant,0.0011702722404152155,0.0014333132421597838,0.7497771748887491,0.7497771748887491,static,0.07068870216608047,0.1563609093427658,0.027460629120469093,0.0017706973012536764,0.04207965424351389,124339.703125,0.008109417743980885,0.00016796158161014318,0.012959999290514763,0.02535463683307171,0.001508066663518548,0.038833834004879664,124266.515625,0.005562724079936743,5.075228909845464e-05,0.0071240640857908235,0.02559596858918667,0.0015359974931925535,0.03919180390327234,118021.09375,0.010409973561763763,0.0002678695891518146,0.016366722003865485,0.02380644902586937,0.0013517785118892789,0.03676654065708765,124278.2265625,distributed_or_mixed,ok,/home/cilab/ndquan/videoInpainting/code/BrushNet/examples/brushnet/dataset_test_stc/teacher_flows_512x512/test/Class_D/BasketballPass/000136_000137.npz,BasketballPass,0.47431832551956177,BasketballPass,0
0.4867134094238281,BasketballPass__000132-000139,BasketballPass__000132-000139,0.29480788111686707,0.41948504384735513,0.6180368661880493,0.904693603515625,138,137,local_high_frequency_dominant,0.007722780574113131,0.01003723219037056,0.7125241711703655,0.7125241711703655,static,0.06622498482465744,0.1313183605670929,0.03115556761622429,0.0020775236189365387,0.04557985979505135,124800.953125,0.012745378538966179,0.0002780098875518888,0.016673628505873842,0.026933882385492325,0.0017078777309507132,0.041326477359565905,124687.828125,0.0115797845646739,0.0002185642661061138,0.01478391917274015,0.02770284190773964,0.0017963345162570477,0.042383186716633846,122064.84375,0.014611865393817425,0.0003766984154935926,0.019408720089011348,0.02514505758881569,0.0015291472664102912,0.03910431263186059,124680.5625,distributed_or_mixed,ok,/home/cilab/ndquan/videoInpainting/code/BrushNet/examples/brushnet/dataset_test_stc/teacher_flows_512x512/test/Class_D/BasketballPass/000137_000138.npz,BasketballPass,0.4760778546333313,BasketballPass,0
0.4735984802246094,BasketballPass__000132-000139,BasketballPass__000132-000139,0.17550721764564514,0.3401585366851272,0.6782255172729492,0.9077072143554688,139,138,local_high_frequency_dominant,0.004837857559323311,0.005830966401845217,0.7970639278598665,0.7970639278598665,static,0.052711691707372665,0.10443951934576035,0.03093857131898403,0.002285589464008808,0.04780783893891051,122237.984375,0.008533325046300888,0.00013180859968997538,0.011480792642059841,0.028518756851553917,0.002033347263932228,0.045092651994889675,120340.6875,0.006478850729763508,6.651935109402984e-05,0.008155939620548319,0.028395982459187508,0.001956422347575426,0.044231463321660815,117164.9921875,0.011563234031200409,0.0002628637012094259,0.016213071923896035,0.02685672603547573,0.0018351748585700989,0.04283894091326371,122104.953125,distributed_or_mixed,ok,/home/cilab/ndquan/videoInpainting/code/BrushNet/examples/brushnet/dataset_test_stc/teacher_flows_512x512/test/Class_D/BasketballPass/000138_000139.npz,BasketballPass,0.466300904750824,BasketballPass,0
0.444580078125,BasketballPass__000138-000145,BasketballPass__000132-000139,0.11211425065994263,0.3570349674771904,0.6607465147972107,0.9144363403320312,140,139,local_high_frequency_dominant,0.0028785867616534233,0.0036749776918441057,0.7816483574121545,0.7816483574121545,static,0.03695401921868324,0.06327848136425018,0.03052164986729622,0.002150418236851692,0.0463726022221278,114516.515625,0.009153582155704498,0.00014530136832036078,0.012054101721835634,0.027670184150338173,0.0018619997426867485,0.04315089503923121,114064.6171875,0.007079418748617172,8.405509288422763e-05,0.009168156460501077,0.027905458584427834,0.0018597905291244388,0.04312528874250512,110878.6484375,0.011942924000322819,0.0002807667478919029,0.016756095842764294,0.025908183306455612,0.0016819635638967156,0.041011749095798335,114466.953125,distributed_or_mixed,ok,/home/cilab/ndquan/videoInpainting/code/BrushNet/examples/brushnet/dataset_test_stc/teacher_flows_512x512/test/Class_D/BasketballPass/000139_000140.npz,BasketballPass,0.4368458390235901,BasketballPass,1
0.4283332824707031,BasketballPass__000138-000145,BasketballPass__000138-000145,0.15068769454956055,0.35655053553865174,0.6636373996734619,0.8890953063964844,141,140,local_high_frequency_dominant,0.004585692659020424,0.004695658106356859,0.7467343674123247,0.7467343674123247,static,0.06193217635154724,0.11566312611103058,0.02890579029917717,0.0019340658327564597,0.043978015334442504,110809.5546875,0.009579258039593697,0.00018643350631464273,0.013654065559921803,0.02588914893567562,0.0016207040753215551,0.04025796909087138,110621.1328125,0.007058586459606886,8.846484706737101e-05,0.009405575318255179,0.026255030184984207,0.0016520207282155752,0.04064505785720541,106558.125,0.011861049570143223,0.0003136816085316241,0.017711058933096692,0.024197980761528015,0.0014311898266896605,0.037831069594840436,110761.6484375,distributed_or_mixed,ok,/home/cilab/ndquan/videoInpainting/code/BrushNet/examples/brushnet/dataset_test_stc/teacher_flows_512x512/test/Class_D/BasketballPass/000140_000141.npz,BasketballPass,0.42270490527153015,BasketballPass,0
0.420318603515625,BasketballPass__000138-000145,BasketballPass__000138-000145,0.3004515469074249,0.43222637499883493,0.6082695126533508,0.8865852355957031,142,141,local_high_frequency_dominant,0.01069639716297388,0.012866873294115067,0.7176597706069858,0.7176597706069858,static,0.07218002527952194,0.09932982176542282,0.03901619464159012,0.003219695296138525,0.05674235892292922,107252.28125,0.01649327017366886,0.00041318999137729406,0.02032707532768288,0.033078089356422424,0.002669570967555046,0.05166789106935802,106828.90625,0.014979592524468899,0.0003193708835169673,0.01787095082856442,0.033449936658144,0.0026575138326734304,0.051551079840032744,103088.40625,0.018654925748705864,0.0005660807946696877,0.023792452472784047,0.031047632917761803,0.00243161479011178,0.04931140628811736,107233.03125,distributed_or_mixed,ok,/home/cilab/ndquan/videoInpainting/code/BrushNet/examples/brushnet/dataset_test_stc/teacher_flows_512x512/test/Class_D/BasketballPass/000141_000142.npz,BasketballPass,0.40913498401641846,BasketballPass,0
0.40566253662109375,BasketballPass__000138-000145,BasketballPass__000138-000145,0.43557009100914,0.5386438294142013,0.5153830051422119,0.8882255554199219,143,142,local_high_frequency_dominant,0.018335310742259026,0.020745011046528816,0.6274257096854735,0.6274257096854735,static,0.08759554475545883,0.10107750445604324,0.04291335120797157,0.003380285343155265,0.058140221388942655,103780.4296875,0.02390436641871929,0.0008419684018008411,0.02901669177905781,0.0327252596616745,0.002387781860306859,0.048864934874681444,103544.546875,0.022290609776973724,0.0006739972159266472,0.02596145635218963,0.03343651071190834,0.0024256836622953415,0.04925123005870352,100102.046875,0.02583363652229309,0.0010228134924545884,0.031981455446157984,0.02999434620141983,0.0021078407298773527,0.04591122662135431,103674.5078125,distributed_or_mixed,ok,/home/cilab/ndquan/videoInpainting/code/BrushNet/examples/brushnet/dataset_test_stc/teacher_flows_512x512/test/Class_D/BasketballPass/000142_000143.npz,BasketballPass,0.3958909213542938,BasketballPass,0
0.4085845947265625,BasketballPass__000138-000145,BasketballPass__000138-000145,0.12184836715459824,0.3719306786096777,0.6403306126594543,0.8869590759277344,144,143,local_high_frequency_dominant,0.0030918314587324858,0.003423611167818308,0.7722814688089574,0.7722814688089574,static,0.05886947736144066,0.07187647372484207,0.026209652423858643,0.0015254830941557884,0.03905743327659651,102688.078125,0.00792490504682064,0.00011483195703476667,0.010715967386790922,0.023662563413381577,0.0013207397423684597,0.03634198319256201,102465.0703125,0.0056242807768285275,5.196699930820614e-05,0.00720881400149887,0.02391199767589569,0.001311121741309762,0.036209415092069104,98947.640625,0.010308493860065937,0.00020217066048644483,0.014218672950962928,0.0220950860530138,0.0011937596136704087,0.03455082652658846,102631.96875,distributed_or_mixed,ok,/home/cilab/ndquan/videoInpainting/code/BrushNet/examples/brushnet/dataset_test_stc/teacher_flows_512x512/test/Class_D/BasketballPass/000143_000144.npz,BasketballPass,0.3917239308357239,BasketballPass,0
0.3944282531738281,BasketballPass__000138-000145,BasketballPass__000138-000145,0.07027755677700043,0.3768750061314785,0.6103881597518921,0.9038352966308594,145,144,local_high_frequency_dominant,0.0017812425503507257,0.0018319948576390743,0.7298262196312775,0.7298262196312775,static,0.0718378946185112,0.10828915238380432,0.024495411664247513,0.001264265738427639,0.035556514711479234,101906.4140625,0.00737795839086175,0.00014339457266032696,0.011974747290040277,0.022342534735798836,0.001046369899995625,0.032347641335893795,101532.015625,0.005304267164319754,4.43017779616639e-05,0.006655958079920869,0.02239103615283966,0.001034684362821281,0.03216650995711659,98414.015625,0.009395635686814785,0.00022182779503054917,0.014893884484262297,0.020779356360435486,0.0009247048292309046,0.030408959686758517,101796.484375,distributed_or_mixed,ok,/home/cilab/ndquan/videoInpainting/code/BrushNet/examples/brushnet/dataset_test_stc/teacher_flows_512x512/test/Class_D/BasketballPass/000144_000145.npz,BasketballPass,0.3887421190738678,BasketballPass,0
0.4167976379394531,BasketballPass__000142-000149,BasketballPass__000138-000145,0.04687230661511421,0.3566244709163581,0.6465230584144592,0.8986320495605469,146,145,local_high_frequency_dominant,0.0013710488565266132,0.0013913033762946725,0.7901614081578386,0.7901614081578386,static,0.0760360136628151,0.16569875180721283,0.027839267626404762,0.0017353193834424019,0.041657164851228196,101763.0703125,0.007521174848079681,0.00010969658615067601,0.010473613805686937,0.026124825701117516,0.001555442693643272,0.03943910107549704,101251.390625,0.00516381673514843,4.326078123995103e-05,0.006577292850402134,0.026050306856632233,0.001506633940152824,0.03881538277735805,98172.1875,0.0101782763376832,0.00020385225070640445,0.014277683660398294,0.024329818785190582,0.0013935478636994958,0.03733025399993276,101670.828125,distributed_or_mixed,ok,/home/cilab/ndquan/videoInpainting/code/BrushNet/examples/brushnet/dataset_test_stc/teacher_flows_512x512/test/Class_D/BasketballPass/000145_000146.npz,BasketballPass,0.38819530606269836,BasketballPass,1
0.44338226318359375,BasketballPass__000142-000149,BasketballPass__000142-000149,0.25315192341804504,0.4028533901854037,0.5966939926147461,0.9110984802246094,147,146,local_high_frequency_dominant,0.007152284029871225,0.0075764842331409454,0.7361507366416089,0.7361507366416089,static,0.07996805757284164,0.16151413321495056,0.028161946684122086,0.0016185827553272247,0.04023161387922718,105012.3125,0.010355173610150814,0.0001734733086777851,0.01317092664461332,0.024826284497976303,0.0013503750087693334,0.036747449010364426,104546.4140625,0.008764160796999931,0.00012610059638973325,0.011229452185647047,0.025214828550815582,0.001359015004709363,0.03686482069276023,100778.5078125,0.012302819639444351,0.00025149411521852016,0.0158585659887179,0.02320936508476734,0.0012136958539485931,0.03483813792309504,104626.25,distributed_or_mixed,ok,/home/cilab/ndquan/videoInpainting/code/BrushNet/examples/brushnet/dataset_test_stc/teacher_flows_512x512/test/Class_D/BasketballPass/000146_000147.npz,BasketballPass,0.400590181350708,BasketballPass,0
0.4817047119140625,BasketballPass__000142-000149,BasketballPass__000142-000149,0.16847039759159088,0.32969573823328485,0.6881399154663086,0.9166450500488281,148,147,local_high_frequency_dominant,0.0042220293544232845,0.004632537253201008,0.7630934521003181,0.7630934521003181,static,0.09893254935741425,0.21216504275798798,0.025997057557106018,0.001617178786545992,0.04021416151738081,114125.78125,0.00802595540881157,0.00013444162323139608,0.011594896430386779,0.02359054610133171,0.0013948742998763919,0.037348016009908634,113774.7421875,0.0064195566810667515,7.304731116164476e-05,0.008546771973186412,0.023794902488589287,0.0014129381161183119,0.03758906910417325,110711.2734375,0.009843718260526657,0.00020130196935497224,0.014188092519960964,0.02227781154215336,0.001277811243198812,0.03574648574613751,113759.890625,distributed_or_mixed,ok,/home/cilab/ndquan/videoInpainting/code/BrushNet/examples/brushnet/dataset_test_stc/teacher_flows_512x512/test/Class_D/BasketballPass/000147_000148.npz,BasketballPass,0.4353553056716919,BasketballPass,0
0.501983642578125,BasketballPass__000142-000149,BasketballPass__000142-000149,0.3188941776752472,0.43049505635068797,0.5866993069648743,0.9168586730957031,149,148,local_high_frequency_dominant,0.009207087568938732,0.010722466744482517,0.6649592288403391,0.6649592288403391,static,0.08487734943628311,0.17148038744926453,0.03126465901732445,0.001936984364874661,0.044011184542962045,115639.5,0.014671411365270615,0.00036612272378988564,0.019134333638511837,0.02589222975075245,0.0014421864179894328,0.03797612958148095,115212.953125,0.013078095391392708,0.0002654140698723495,0.01629153368692922,0.026275767013430595,0.001476262346841395,0.03842215958065599,111202.4453125,0.016568226739764214,0.0004912032745778561,0.022163106158159692,0.024225199595093727,0.0012838314287364483,0.03583059347452186,115639.5,distributed_or_mixed,ok,/home/cilab/ndquan/videoInpainting/code/BrushNet/examples/brushnet/dataset_test_stc/teacher_flows_512x512/test/Class_D/BasketballPass/000148_000149.npz,BasketballPass,0.4411296844482422,BasketballPass,0
