bg_current_fraction,clip_current,clip_previous,directional_coherence,energy_support90_fraction,energy_top10_fraction,flow_valid_fraction,frame_current,frame_previous,frequency_diagnosis,global_dc_l1,global_dc_rmse,local_frequency_share,local_rmse_share,motion_band,motion_mean_px,motion_p90_px,raw_temporal_l1,raw_temporal_mse,raw_temporal_rmse,raw_weight,sigma_16_coarse_l1,sigma_16_coarse_mse,sigma_16_coarse_rmse,sigma_16_local_l1,sigma_16_local_mse,sigma_16_local_rmse,sigma_16_weight,sigma_32_coarse_l1,sigma_32_coarse_mse,sigma_32_coarse_rmse,sigma_32_local_l1,sigma_32_local_mse,sigma_32_local_rmse,sigma_32_weight,sigma_8_coarse_l1,sigma_8_coarse_mse,sigma_8_coarse_rmse,sigma_8_local_l1,sigma_8_local_mse,sigma_8_local_rmse,sigma_8_weight,spatial_scope_diagnosis,status,teacher_flow,unit_id,valid_coverage,video,window_boundary
0.585479736328125,BasketballPass__000000-000007,BasketballPass__000000-000007,0.3278692066669464,0.4184301156610197,0.6718069314956665,0.9688453674316406,1,0,local_high_frequency_dominant,0.00930778868496418,0.010726678185164928,0.7347672110428864,0.7347672110428864,static,0.03983110189437866,0.07116632163524628,0.02962929755449295,0.002087918110191822,0.04569374257151434,150708.546875,0.011784220114350319,0.00021921141888014972,0.014805790045794576,0.024526899680495262,0.0016823187470436096,0.04101607912811279,149486.546875,0.01105203852057457,0.00018496728444006294,0.013600267807659633,0.025220919400453568,0.0017385579412803054,0.04169601829048315,149468.546875,0.013356615789234638,0.00028468406526371837,0.01687258324216296,0.023255253210663795,0.0015462723094969988,0.03932266915529767,149562.546875,distributed_or_mixed,ok,/home/cilab/ndquan/videoInpainting/SFU_STC_flow/teacher_flows_512x512/train/Class_D/BasketballPass/000000_000001.npz,BasketballPass,0.5749074816703796,BasketballPass,0
0.6173095703125,BasketballPass__000000-000007,BasketballPass__000000-000007,0.24173091351985931,0.45661928457670015,0.5878387093544006,0.9725799560546875,2,1,local_high_frequency_dominant,0.006462626624852419,0.007070220075547695,0.7440751429316202,0.7440751429316202,static,0.04152221977710724,0.07489072531461716,0.02653876692056656,0.0014319635229185224,0.03784129388536447,151353.6875,0.009815743193030357,0.00014418497448787093,0.012007704796832363,0.023029454052448273,0.001218789373524487,0.034911164024198436,150843.46875,0.008366558700799942,0.00010666858725016937,0.010328048569316925,0.023878514766693115,0.0012797861127182841,0.035774098349480234,150837.46875,0.01161455549299717,0.00020716755534522235,0.014393316342845465,0.02165459468960762,0.0011163904564455152,0.03341242966989254,150845.4375,distributed_or_mixed,ok,/home/cilab/ndquan/videoInpainting/SFU_STC_flow/teacher_flows_512x512/train/Class_D/BasketballPass/000001_000002.npz,BasketballPass,0.5773684978485107,BasketballPass,0
0.6440467834472656,BasketballPass__000000-000007,BasketballPass__000000-000007,0.38949984312057495,0.5237510085024515,0.5623119473457336,0.9765777587890625,3,2,local_high_frequency_dominant,0.00902501679956913,0.011105344630777836,0.6858837555156418,0.6858837555156418,static,0.038525957614183426,0.07014355808496475,0.025457529351115227,0.001288674888201058,0.03589811817074898,161084.40625,0.011296160519123077,0.00019958334451075643,0.014127396947447765,0.02088363654911518,0.000951578316744417,0.03084766306779846,160604.671875,0.010430682450532913,0.00016955277533270419,0.013021243232990627,0.021547123789787292,0.0009997442830353975,0.031618733102947015,160598.9375,0.012707078829407692,0.0002495711378287524,0.015797820667065202,0.01980098895728588,0.0008668393129482865,0.029442134993038233,160608.421875,distributed_or_mixed,ok,/home/cilab/ndquan/videoInpainting/SFU_STC_flow/teacher_flows_512x512/train/Class_D/BasketballPass/000002_000003.npz,BasketballPass,0.6144882440567017,BasketballPass,0
0.6558685302734375,BasketballPass__000000-000007,BasketballPass__000000-000007,0.42797407507896423,0.5770221998465669,0.5012629628181458,0.9739227294921875,4,3,local_high_frequency_dominant,0.010173759423196316,0.012160593643784523,0.6493829948878075,0.6493829948878075,static,0.03207336738705635,0.05810864269733429,0.02519449219107628,0.0011631191009655595,0.034104531971067414,166834.140625,0.012943151406943798,0.00024603682686574757,0.015685561095024544,0.01991480030119419,0.0008439874509349465,0.029051462113548546,166579.015625,0.01234185416251421,0.00021871681383345276,0.014789077518001343,0.02048763446509838,0.0008792260778136551,0.029651746623321453,166576.078125,0.013773109763860703,0.000285797257674858,0.016905539260102232,0.018871821463108063,0.0007746124756522477,0.027831860801107923,166580.984375,distributed_or_mixed,ok,/home/cilab/ndquan/videoInpainting/SFU_STC_flow/teacher_flows_512x512/train/Class_D/BasketballPass/000003_000004.npz,BasketballPass,0.6364217400550842,BasketballPass,0
0.6656112670898438,BasketballPass__000000-000007,BasketballPass__000000-000007,0.07988572865724564,0.323636236028986,0.6921322345733643,0.9667587280273438,5,4,local_high_frequency_dominant,0.00132836087141186,0.001383729511871934,0.8019449618499312,0.8019449618499312,static,0.05721414461731911,0.13535872101783752,0.016157925128936768,0.0006434873212128878,0.025367051882567822,170945.46875,0.004819072782993317,3.61908896593377e-05,0.006015886440030073,0.015206665731966496,0.0005933577194809914,0.02435893510564432,170945.46875,0.0041510616429150105,2.67457162408391e-05,0.0051716260731842455,0.015487934462726116,0.0006075797136873007,0.024649132108196036,170939.6875,0.005613774061203003,5.327031612978317e-05,0.007298651665190165,0.014616061933338642,0.0005567812477238476,0.023596212571593934,170945.46875,distributed_or_mixed,ok,/home/cilab/ndquan/videoInpainting/SFU_STC_flow/teacher_flows_512x512/train/Class_D/BasketballPass/000004_000005.npz,BasketballPass,0.6521052122116089,BasketballPass,0
0.677703857421875,BasketballPass__000000-000007,BasketballPass__000000-000007,0.051883257925510406,0.35141771176548386,0.6519601345062256,0.9681358337402344,6,5,local_high_frequency_dominant,0.0006620271014980972,0.0009140965412370861,0.8000514857364147,0.8000514857364147,static,0.047287341207265854,0.09873803704977036,0.016505176201462746,0.0006207618862390518,0.024915093542651045,173867.921875,0.0043586683459579945,3.524173371260986e-05,0.005936474855721185,0.015360764227807522,0.000564230780582875,0.023753542484919486,173867.921875,0.0033956391271203756,2.318189581274055e-05,0.004814758126089051,0.01578742451965809,0.0005859993398189545,0.02420742323790276,173862.359375,0.0055053094401955605,5.913067070650868e-05,0.007689646981917224,0.014570025727152824,0.0005192722892388701,0.022787546801682497,173867.921875,distributed_or_mixed,ok,/home/cilab/ndquan/videoInpainting/SFU_STC_flow/teacher_flows_512x512/train/Class_D/BasketballPass/000005_000006.npz,BasketballPass,0.6632534861564636,BasketballPass,0
0.6893806457519531,BasketballPass__000000-000007,BasketballPass__000000-000007,0.07260987162590027,0.347686758058204,0.6569438576698303,0.9694747924804688,7,6,local_high_frequency_dominant,0.0009981199400499463,0.0011849033180624247,0.7837549196808384,0.7837549196808384,static,0.04333757236599922,0.0835103765130043,0.015144898556172848,0.0005314454319886863,0.02305310026848203,176295.5,0.004620082210749388,3.618152913986705e-05,0.006015108406327109,0.013947151601314545,0.000475285982247442,0.021801054613193416,176295.5,0.003879191819578409,2.402787868049927e-05,0.00490182401565981,0.014359589666128159,0.0004960725200362504,0.022272685514689295,176283.875,0.005692445207387209,5.961493661743589e-05,0.007721070950162023,0.013215603306889534,0.000432329106843099,0.02079252526373598,176295.46875,distributed_or_mixed,ok,/home/cilab/ndquan/videoInpainting/SFU_STC_flow/teacher_flows_512x512/train/Class_D/BasketballPass/000006_000007.npz,BasketballPass,0.6725139617919922,BasketballPass,0
0.6962127685546875,BasketballPass__000006-000013,BasketballPass__000000-000007,0.20298884809017181,0.3330886523639518,0.683149516582489,0.9755363464355469,8,7,local_high_frequency_dominant,0.0027928482741117477,0.0035323703195899725,0.7520747994330255,0.7520747994330255,static,0.03725021332502365,0.06789052486419678,0.016020886600017548,0.0006346053560264409,0.02519137463550651,179761.484375,0.005150471813976765,5.943740688962862e-05,0.0077095659339309515,0.014632576145231724,0.0005469411262311041,0.02338677246289244,179761.484375,0.004272100981324911,4.14763308071997e-05,0.006440212015702566,0.015008094720542431,0.0005734506994485855,0.02394683067649215,179743.03125,0.0062476228922605515,9.098569717025384e-05,0.00953864231273266,0.013904578052461147,0.000500449095852673,0.02237071960962975,179761.484375,distributed_or_mixed,ok,/home/cilab/ndquan/videoInpainting/SFU_STC_flow/teacher_flows_512x512/train/Class_D/BasketballPass/000007_000008.npz,BasketballPass,0.6857356429100037,BasketballPass,1
0.6971893310546875,BasketballPass__000006-000013,BasketballPass__000006-000013,0.1803876906633377,0.3430690390201341,0.6884998083114624,0.9769935607910156,9,8,local_high_frequency_dominant,0.0026864279061555862,0.0031223606783896685,0.7742899029535432,0.7742899029535432,static,0.049459248781204224,0.09172815084457397,0.015938101336359978,0.0006265860283747315,0.025031700469099808,181051.515625,0.0050228312611579895,4.677598553826101e-05,0.006839297152358641,0.014586271718144417,0.0005504630389623344,0.02346194874605122,181051.515625,0.004295939579606056,3.28926726069767e-05,0.005735213388094353,0.014995105564594269,0.00057869718875736,0.024056125805236386,181023.78125,0.006053524557501078,7.835890573915094e-05,0.00885205658246438,0.013791064731776714,0.0004916494362987578,0.022173169288551373,181051.515625,distributed_or_mixed,ok,/home/cilab/ndquan/videoInpainting/SFU_STC_flow/teacher_flows_512x512/train/Class_D/BasketballPass/000008_000009.npz,BasketballPass,0.6906567215919495,BasketballPass,0
0.7010879516601562,BasketballPass__000006-000013,BasketballPass__000006-000013,0.21210931241512299,0.32714289637746835,0.709867000579834,0.9787330627441406,10,9,local_high_frequency_dominant,0.002990996465086937,0.003491220297291875,0.7515449602572858,0.7515449602572858,static,0.04249200224876404,0.0845641940832138,0.015099984593689442,0.0005942829302512109,0.024377918907306482,182025.21875,0.0048133512027561665,5.6153909099521115e-05,0.00749359120178844,0.01382073387503624,0.000513800245244056,0.022667162267122367,182025.21875,0.00399625301361084,4.2529434722382575e-05,0.006521459554607586,0.014218705706298351,0.0005364632233977318,0.02316167574675312,181992.984375,0.005964495241641998,8.421267557423562e-05,0.009176746459079907,0.013059782795608044,0.00046202176599763334,0.021494691577169312,182025.21875,distributed_or_mixed,ok,/home/cilab/ndquan/videoInpainting/SFU_STC_flow/teacher_flows_512x512/train/Class_D/BasketballPass/000009_000010.npz,BasketballPass,0.6943711042404175,BasketballPass,0
0.7066879272460938,BasketballPass__000006-000013,BasketballPass__000006-000013,0.3258194923400879,0.3692027324908881,0.7006071209907532,0.9820632934570312,11,10,local_high_frequency_dominant,0.005436859559267759,0.00615997239947319,0.740870946523118,0.740870946523118,static,0.03733527287840843,0.0701097846031189,0.01714678667485714,0.0007428908720612526,0.027256024509477766,183242.640625,0.0067313918843865395,7.549660949734971e-05,0.008688878494797226,0.015003790147602558,0.0006171352579258382,0.024842207187080585,183181.265625,0.00610369024798274,5.818001227453351e-05,0.007627582334824942,0.015430537983775139,0.0006518782465718687,0.025531906442172875,183159.171875,0.007723895367234945,0.00011436882778070867,0.010694336247785959,0.014146641828119755,0.000538920343387872,0.023214657942512786,183167.875,distributed_or_mixed,ok,/home/cilab/ndquan/videoInpainting/SFU_STC_flow/teacher_flows_512x512/train/Class_D/BasketballPass/000010_000011.npz,BasketballPass,0.699015200138092,BasketballPass,0
0.712982177734375,BasketballPass__000006-000013,BasketballPass__000006-000013,0.09080994874238968,0.32752379094318357,0.6817446351051331,0.9788055419921875,12,11,local_high_frequency_dominant,0.0011659873416647315,0.0013958069030195475,0.7929081932931391,0.7929081932931391,static,0.03874565660953522,0.07042404264211655,0.014331746846437454,0.0004936000914312899,0.022217112580875352,184475.671875,0.0038491173181682825,2.9617107429658063e-05,0.005442160180448391,0.013319578021764755,0.0004341728053987026,0.020836813705523757,184406.265625,0.002835547085851431,1.5363564671133645e-05,0.003919638334225958,0.013730050064623356,0.0004526415723375976,0.021275374787241647,184300.53125,0.004981364589184523,5.024233541917056e-05,0.007088182800913825,0.012666923925280571,0.0004004772345069796,0.020011927306158684,184400.390625,distributed_or_mixed,ok,/home/cilab/ndquan/videoInpainting/SFU_STC_flow/teacher_flows_512x512/train/Class_D/BasketballPass/000011_000012.npz,BasketballPass,0.7037188410758972,BasketballPass,0
0.7059364318847656,BasketballPass__000006-000013,BasketballPass__000006-000013,0.16935014724731445,0.39151688963483194,0.6413431763648987,0.9836769104003906,13,12,local_high_frequency_dominant,0.0022454264108091593,0.002646177541464567,0.7442137096140704,0.7442137096140704,static,0.06186993047595024,0.13152630627155304,0.014428365044295788,0.00045818855869583786,0.02140533949031965,184043.265625,0.0050870394334197044,4.668849942390807e-05,0.0068328983179839625,0.012864623218774796,0.0003952307451982051,0.01988041109228391,184032.078125,0.004358966834843159,3.091756661888212e-05,0.00556035669888921,0.013092383742332458,0.0003993896534666419,0.019984735511550857,183235.046875,0.005927907302975655,6.372325879056007e-05,0.007982684936195344,0.012247965671122074,0.0003650765575002879,0.019106976670846907,184038.046875,distributed_or_mixed,ok,/home/cilab/ndquan/videoInpainting/SFU_STC_flow/teacher_flows_512x512/train/Class_D/BasketballPass/000012_000013.npz,BasketballPass,0.7020693421363831,BasketballPass,0
0.7115859985351562,BasketballPass__000012-000019,BasketballPass__000006-000013,0.23298823833465576,0.4210789836024534,0.6405172348022461,0.9843330383300781,14,13,local_high_frequency_dominant,0.0032498652581125498,0.00356566091068089,0.7260256884732813,0.7260256884732813,static,0.04058688506484032,0.06962937116622925,0.013984334655106068,0.00043901908793486655,0.02095278234351864,183720.0,0.005671335384249687,5.287074236548506e-05,0.0072712270192509506,0.012074083089828491,0.0003712784091476351,0.019268586070276022,183681.21875,0.004937514662742615,3.676265987451188e-05,0.006063221905432118,0.012233133427798748,0.00036686420207843184,0.019153699435838285,182258.6875,0.006440452300012112,6.921048043295741e-05,0.008319283649026364,0.011446362361311913,0.00034211197635158896,0.018496269254949467,183717.0,distributed_or_mixed,ok,/home/cilab/ndquan/videoInpainting/SFU_STC_flow/teacher_flows_512x512/train/Class_D/BasketballPass/000013_000014.npz,BasketballPass,0.700836181640625,BasketballPass,1
0.7123947143554688,BasketballPass__000012-000019,BasketballPass__000012-000019,0.12474410980939865,0.3629249046132501,0.6516749858856201,0.9815025329589844,15,14,local_high_frequency_dominant,0.0014644707553088665,0.001696170074865222,0.7772371442449559,0.7772371442449559,static,0.042492855340242386,0.07928463071584702,0.01256363932043314,0.00036047384492121637,0.0189861487648553,184477.28125,0.0037741931155323982,2.6149136829189956e-05,0.005113622671765091,0.011635403148829937,0.00031833097455091774,0.01784183215230201,184075.90625,0.0031934762373566628,1.6425025023636408e-05,0.0040527799130518315,0.011845189146697521,0.00032631042995490134,0.018064064602267713,183655.09375,0.004620461259037256,4.1018833144335076e-05,0.006404594690090472,0.011124856770038605,0.00029613811057060957,0.017208663822929703,184439.734375,distributed_or_mixed,ok,/home/cilab/ndquan/videoInpainting/SFU_STC_flow/teacher_flows_512x512/train/Class_D/BasketballPass/000014_000015.npz,BasketballPass,0.7037249803543091,BasketballPass,0
0.7085800170898438,BasketballPass__000012-000019,BasketballPass__000012-000019,0.06938659399747849,0.3116046232524949,0.7076181769371033,0.9833526611328125,16,15,local_high_frequency_dominant,0.0007109222351573408,0.0008989612688310444,0.8418471182815601,0.8418471182815601,static,0.03743913024663925,0.06879738718271255,0.012035657651722431,0.0003735742066055536,0.01932806784460241,184944.03125,0.0027389710303395987,1.2425566637830343e-05,0.003524991721668342,0.011472731828689575,0.0003520695318002254,0.018763515976496125,184944.03125,0.0021478692069649696,7.152047601266531e-06,0.0026743312437442247,0.011721299029886723,0.0003617415495682508,0.019019504451174608,184944.03125,0.0035999545361846685,2.2980817448114976e-05,0.004793831186860356,0.011011676862835884,0.00033045720192603767,0.01817848183776736,184944.03125,distributed_or_mixed,ok,/home/cilab/ndquan/videoInpainting/SFU_STC_flow/teacher_flows_512x512/train/Class_D/BasketballPass/000015_000016.npz,BasketballPass,0.7055054903030396,BasketballPass,0
0.7143287658691406,BasketballPass__000012-000019,BasketballPass__000012-000019,0.20595507323741913,0.35196162208352716,0.676594078540802,0.98101806640625,17,16,local_high_frequency_dominant,0.0030797210056334734,0.0034708273597061634,0.7975652939513741,0.7975652939513741,static,0.044160764664411545,0.08424122631549835,0.015589140355587006,0.0005829523433931172,0.024144406047635902,184850.125,0.004754288122057915,3.4540455089882016e-05,0.0058771128192235695,0.01439889520406723,0.0005361553048714995,0.023155027637027332,184850.125,0.0042316485196352005,2.6499010346014984e-05,0.005147718945903611,0.014696892350912094,0.0005494565702974796,0.02344048997562721,184850.125,0.00562267703935504,4.9714595661498606e-05,0.007050857796147828,0.013813533820211887,0.0005047213635407388,0.02246600461899576,184850.125,distributed_or_mixed,ok,/home/cilab/ndquan/videoInpainting/SFU_STC_flow/teacher_flows_512x512/train/Class_D/BasketballPass/000016_000017.npz,BasketballPass,0.7051472663879395,BasketballPass,0
0.7105484008789062,BasketballPass__000012-000019,BasketballPass__000012-000019,0.13975602388381958,0.29821343074018086,0.7229671478271484,0.9824981689453125,18,17,local_high_frequency_dominant,0.0014734584838151932,0.0020566610619425774,0.8093420762119717,0.8093420762119717,static,0.03806842491030693,0.07358317077159882,0.013700646348297596,0.0004915365716442466,0.02217062406979665,185858.890625,0.0036354365292936563,2.496727574907709e-05,0.0049967265033296635,0.012939336709678173,0.00044991003233008087,0.021211082771279754,185858.890625,0.002829141216352582,1.3681941709364764e-05,0.0036989108815115787,0.013257891871035099,0.00046630323049612343,0.021594055443480815,185858.890625,0.004571341443806887,4.200403782306239e-05,0.006481052215733367,0.012406623922288418,0.0004217152309138328,0.02053570624336628,185858.890625,distributed_or_mixed,ok,/home/cilab/ndquan/videoInpainting/SFU_STC_flow/teacher_flows_512x512/train/Class_D/BasketballPass/000017_000018.npz,BasketballPass,0.7089954018592834,BasketballPass,0
0.7049484252929688,BasketballPass__000012-000019,BasketballPass__000012-000019,0.3041856288909912,0.42602301651184543,0.6221089363098145,0.9828681945800781,19,18,local_high_frequency_dominant,0.004073845688253641,0.004888440016657114,0.7551976671703076,0.7551976671703076,static,0.03652254864573479,0.06526931375265121,0.014664995484054089,0.0004594499187078327,0.021434782917208017,183814.8125,0.005398773588240147,4.2413201299495995e-05,0.006512541846275999,0.013189633376896381,0.00040363724110648036,0.020090725250883314,183814.8125,0.004884372465312481,3.3891712519107386e-05,0.005821658914700121,0.013508068397641182,0.00041814782889559865,0.02044866325449169,183814.8125,0.006127797998487949,5.783202504971996e-05,0.0076047370138434085,0.01263025589287281,0.000375755742425099,0.019384420095145974,183814.8125,distributed_or_mixed,ok,/home/cilab/ndquan/videoInpainting/SFU_STC_flow/teacher_flows_512x512/train/Class_D/BasketballPass/000018_000019.npz,BasketballPass,0.7011978626251221,BasketballPass,0
0.706268310546875,BasketballPass__000018-000025,BasketballPass__000012-000019,0.08959157764911652,0.33219874889066864,0.6878002882003784,0.9867973327636719,20,19,local_high_frequency_dominant,0.0008744694641791284,0.001192810363136232,0.7956753737790437,0.7956753737790437,static,0.03570118173956871,0.06224210932850838,0.012432653456926346,0.00037621072260662913,0.01939615226292651,184745.71875,0.0037146692629903555,2.2559999706572853e-05,0.004749736803926387,0.011507384479045868,0.00034211293677799404,0.01849629521763734,184745.71875,0.0030624966602772474,1.4162424122332595e-05,0.0037632996322818353,0.011802789755165577,0.0003543966740835458,0.01882542626565321,184745.71875,0.004551184829324484,3.592317079892382e-05,0.005993594146997594,0.01098623313009739,0.0003183167427778244,0.0178414333162396,184745.71875,distributed_or_mixed,ok,/home/cilab/ndquan/videoInpainting/SFU_STC_flow/teacher_flows_512x512/train/Class_D/BasketballPass/000019_000020.npz,BasketballPass,0.7047489881515503,BasketballPass,1
0.7078437805175781,BasketballPass__000018-000025,BasketballPass__000018-000025,0.14833888411521912,0.35353535353535354,0.6698508858680725,0.9854087829589844,21,20,local_high_frequency_dominant,0.0012039680732414126,0.0019834330305457115,0.8147481965861751,0.8147481965861751,static,0.03566017001867294,0.062071677297353745,0.012408965267241001,0.0003625352692324668,0.01904035895755295,184804.21875,0.003180262167006731,1.73254720721161e-05,0.004162387784927793,0.011660654097795486,0.00033512513618916273,0.01830642335873293,184804.21875,0.0025037683080881834,1.1049640306737274e-05,0.0033240999243009037,0.011954737827181816,0.0003460176521912217,0.01860154972552614,184804.21875,0.00408629234880209,2.967780346807558e-05,0.005447733791961166,0.01109427958726883,0.00030941329896450043,0.017590147781201285,184804.21875,distributed_or_mixed,ok,/home/cilab/ndquan/videoInpainting/SFU_STC_flow/teacher_flows_512x512/train/Class_D/BasketballPass/000020_000021.npz,BasketballPass,0.7049721479415894,BasketballPass,0
0.7046661376953125,BasketballPass__000018-000025,BasketballPass__000018-000025,0.11656121909618378,0.36080318493132085,0.665738582611084,0.9912490844726562,22,21,local_high_frequency_dominant,0.0008236842113547027,0.0013873254647478461,0.8000055167054962,0.8000055167054962,static,0.03591141849756241,0.06354548037052155,0.011013888753950596,0.0002864178968593478,0.016923885394889315,184095.34375,0.00316737056709826,1.6274439985863864e-05,0.004034159142357161,0.010237461887300014,0.00026040899683721364,0.016137192966473868,184095.34375,0.0025491896085441113,9.843180123425554e-06,0.0031373842804835934,0.010503537952899933,0.00027078474522568285,0.016455538436212985,184095.34375,0.003916494082659483,2.6912372049991973e-05,0.005187713566687349,0.009799627587199211,0.00024197714810725302,0.01555561468111283,184095.34375,distributed_or_mixed,ok,/home/cilab/ndquan/videoInpainting/SFU_STC_flow/teacher_flows_512x512/train/Class_D/BasketballPass/000021_000022.npz,BasketballPass,0.7022680044174194,BasketballPass,0
0.7001876831054688,BasketballPass__000018-000025,BasketballPass__000018-000025,0.22190529108047485,0.32751707183829554,0.7029944658279419,0.9881324768066406,23,22,local_high_frequency_dominant,0.0024279931094497442,0.0032572352793067694,0.7971506968134703,0.7971506968134703,static,0.04050575941801071,0.08391611278057098,0.013625363819301128,0.00046807495527900755,0.021635039987922544,183014.65625,0.00422376673668623,2.78002698905766e-05,0.005272596124356255,0.012664644978940487,0.0004293216916266829,0.02072007943099357,183014.65625,0.003738588187843561,2.111733192577958e-05,0.004595359825495669,0.012944284826517105,0.0004413827264215797,0.021009110557602854,183014.65625,0.004971671849489212,4.122313839616254e-05,0.006420524775761133,0.012147537432610989,0.00040379201527684927,0.020094576762819595,183014.65625,distributed_or_mixed,ok,/home/cilab/ndquan/videoInpainting/SFU_STC_flow/teacher_flows_512x512/train/Class_D/BasketballPass/000022_000023.npz,BasketballPass,0.6981455087661743,BasketballPass,0
0.7033348083496094,BasketballPass__000018-000025,BasketballPass__000018-000025,0.15374605357646942,0.3707273222555162,0.6489248275756836,0.9912300109863281,24,23,local_high_frequency_dominant,0.0017773271538317204,0.002308314898982644,0.7668216662926773,0.7668216662926773,static,0.03524850681424141,0.06406106799840927,0.013917695730924606,0.00043582660146057606,0.020876460462937105,183521.0,0.004774820990860462,3.546168591128662e-05,0.005954971529007223,0.012650104239583015,0.0003835056268144399,0.0195832996916873,183521.0,0.0037993520963937044,2.0877394490526058e-05,0.004569178754494735,0.013075529597699642,0.0004013488069176674,0.02003369179451624,183521.0,0.0057072448544204235,5.3828447562409565e-05,0.007336787277985478,0.012047719210386276,0.00035546766594052315,0.018853850162248643,183521.0,distributed_or_mixed,ok,/home/cilab/ndquan/videoInpainting/SFU_STC_flow/teacher_flows_512x512/train/Class_D/BasketballPass/000023_000024.npz,BasketballPass,0.7000770568847656,BasketballPass,0
0.7023277282714844,BasketballPass__000018-000025,BasketballPass__000018-000025,0.1838919222354889,0.35750837897490395,0.663708508014679,0.9889755249023438,25,24,local_high_frequency_dominant,0.002137944335117936,0.002204683143645525,0.7946454805724621,0.7946454805724621,static,0.03382682800292969,0.0672796443104744,0.011145717464387417,0.0002873320772778243,0.01695087246361745,183462.953125,0.0033612127881497145,1.748138492985163e-05,0.004181074614241132,0.010319403372704983,0.000261766545008868,0.01617920100032347,183462.953125,0.0027453647926449776,1.1316719792375807e-05,0.0033640332626738113,0.010580284520983696,0.00027032909565605223,0.016441687737457255,183462.953125,0.004059524741023779,2.7071271688328125e-05,0.005203006024244843,0.009826811030507088,0.00024373359337914735,0.015611969554772625,183462.953125,distributed_or_mixed,ok,/home/cilab/ndquan/videoInpainting/SFU_STC_flow/teacher_flows_512x512/train/Class_D/BasketballPass/000024_000025.npz,BasketballPass,0.699855625629425,BasketballPass,0
0.70623779296875,BasketballPass__000024-000031,BasketballPass__000018-000025,0.10951105505228043,0.3570216745875521,0.6552591323852539,0.9880332946777344,26,25,local_high_frequency_dominant,0.001359704416245222,0.001360120135359466,0.785484182589085,0.785484182589085,static,0.032957855612039566,0.061340197920799255,0.011563179083168507,0.0003038737049791962,0.017431973639814746,183854.40625,0.0033848488237708807,2.0439971194718964e-05,0.004521058636505278,0.010756412521004677,0.00027405424043536186,0.01655458366843944,183854.40625,0.0027848402969539165,1.362980401609093e-05,0.0036918564457588177,0.011010543443262577,0.0002836243365891278,0.016841150096983514,183854.40625,0.004167243372648954,3.110547913820483e-05,0.00557722862524075,0.01027524285018444,0.00025526827084831893,0.015977117100663654,183854.40625,distributed_or_mixed,ok,/home/cilab/ndquan/videoInpainting/SFU_STC_flow/teacher_flows_512x512/train/Class_D/BasketballPass/000025_000026.npz,BasketballPass,0.7013489007949829,BasketballPass,1
0.7069549560546875,BasketballPass__000024-000031,BasketballPass__000024-000031,0.12157393991947174,0.3639781345202342,0.663019597530365,0.9919700622558594,27,26,local_high_frequency_dominant,0.0013039647601544857,0.0015347120352089405,0.8051950659613356,0.8051950659613356,static,0.06008734554052353,0.09818029403686523,0.011654636822640896,0.00031887213117443025,0.017856991100810637,185071.265625,0.003237471915781498,1.7180283975903876e-05,0.004144910611328534,0.01093431655317545,0.0002935165830422193,0.017132325675232166,185071.265625,0.002605519024655223,1.1212286153750028e-05,0.0033484751983178895,0.011168442666530609,0.0003022196760866791,0.017384466517172136,185071.265625,0.003996419254690409,2.7092495656688698e-05,0.005205045211781421,0.010461241938173771,0.0002752012514974922,0.016589190802974454,185071.265625,distributed_or_mixed,ok,/home/cilab/ndquan/videoInpainting/SFU_STC_flow/teacher_flows_512x512/train/Class_D/BasketballPass/000026_000027.npz,BasketballPass,0.7059908509254456,BasketballPass,0
0.7180747985839844,BasketballPass__000024-000031,BasketballPass__000024-000031,0.1195996031165123,0.3668980043747131,0.6401813626289368,0.9892005920410156,28,27,local_high_frequency_dominant,0.0016880263574421406,0.0017841238295659423,0.8022047367854495,0.8022047367854495,static,0.045099418610334396,0.0742529109120369,0.013908511959016323,0.0004298163403291255,0.020732012452464078,185113.078125,0.003981271293014288,2.390667941654101e-05,0.00488944571669847,0.0130009138956666,0.00039324021781794727,0.019830285369049717,185113.078125,0.003136963350698352,1.4424543223867659e-05,0.003797965669127047,0.013334834948182106,0.0004069041751790792,0.02017186593201232,185113.078125,0.004954097326844931,3.876817208947614e-05,0.00622640924526136,0.012417844496667385,0.0003660626825876534,0.01913276463524426,185113.078125,distributed_or_mixed,ok,/home/cilab/ndquan/videoInpainting/SFU_STC_flow/teacher_flows_512x512/train/Class_D/BasketballPass/000027_000028.npz,BasketballPass,0.7061503529548645,BasketballPass,0
0.7125282287597656,BasketballPass__000024-000031,BasketballPass__000024-000031,0.27810633182525635,0.4143748159648794,0.6305419206619263,0.9908638000488281,29,28,local_high_frequency_dominant,0.003313736291602254,0.004231936298310757,0.7572432786952773,0.7572432786952773,static,0.040620770305395126,0.0671694204211235,0.013845415785908699,0.0004273931263014674,0.020673488488919024,186745.6875,0.004721577744930983,3.853400266962126e-05,0.006207576231478858,0.012435798533260822,0.000374949217075482,0.019363605477169844,186745.6875,0.004133710637688637,2.858698644558899e-05,0.005346679946058955,0.012774847447872162,0.00039015887887217104,0.01975243982074546,186745.6875,0.0055948300287127495,5.48461866856087e-05,0.007405821135134759,0.011847972869873047,0.0003479331498965621,0.01865296624927419,186745.6875,distributed_or_mixed,ok,/home/cilab/ndquan/videoInpainting/SFU_STC_flow/teacher_flows_512x512/train/Class_D/BasketballPass/000028_000029.npz,BasketballPass,0.7123782634735107,BasketballPass,0
0.7158050537109375,BasketballPass__000024-000031,BasketballPass__000024-000031,0.1885024607181549,0.39025490396129453,0.6367130875587463,0.9911994934082031,30,29,local_high_frequency_dominant,0.0024590499233454466,0.002719326876103878,0.7936916445744352,0.7936916445744352,static,0.05142666772007942,0.08713892102241516,0.013332613743841648,0.0003902793687302619,0.019755489584676506,186194.203125,0.0038403370417654514,2.389662950008642e-05,0.0048884178933563385,0.012308292090892792,0.0003536768490448594,0.01880629812176919,186194.203125,0.0031664022244513035,1.58736074808985e-05,0.003984169609956195,0.012626515701413155,0.00036749959690496325,0.019170278999142483,186194.203125,0.004702087491750717,3.8597652746830136e-05,0.006212700922049132,0.011741110123693943,0.0003273978072684258,0.018094137372873728,186194.203125,distributed_or_mixed,ok,/home/cilab/ndquan/videoInpainting/SFU_STC_flow/teacher_flows_512x512/train/Class_D/BasketballPass/000029_000030.npz,BasketballPass,0.7102745175361633,BasketballPass,0
0.7180252075195312,BasketballPass__000024-000031,BasketballPass__000024-000031,0.10173271596431732,0.35110177149670885,0.6559910178184509,0.9828834533691406,31,30,local_high_frequency_dominant,0.0012274531181901693,0.001534857670776546,0.8432647036254088,0.8432647036254088,static,0.05249710753560066,0.10080430656671524,0.014130424708127975,0.00045216045691631734,0.021264064919866977,186956.953125,0.003062761388719082,1.4728970199939795e-05,0.0038378340505993477,0.013455137610435486,0.00042635033605620265,0.02064825261508108,186956.953125,0.002264411887153983,7.789843948557973e-06,0.002791029191634866,0.013757951557636261,0.0004383666964713484,0.020937208421166094,186956.953125,0.004135822411626577,2.815268271660898e-05,0.005305910168539322,0.012845229357481003,0.00039992635720409453,0.019998158845356103,186956.953125,distributed_or_mixed,ok,/home/cilab/ndquan/videoInpainting/SFU_STC_flow/teacher_flows_512x512/train/Class_D/BasketballPass/000030_000031.npz,BasketballPass,0.7131841778755188,BasketballPass,0
0.7183151245117188,BasketballPass__000030-000037,BasketballPass__000024-000031,0.511734127998352,0.6341747780511284,0.45998525619506836,0.9901885986328125,32,31,local_high_frequency_dominant,0.013627834618091583,0.016877740621566772,0.6093561277433583,0.6093561277433583,static,0.049688950181007385,0.08183013647794724,0.029005957767367363,0.0014642685418948531,0.03826576200593493,186933.9375,0.016739768907427788,0.0004147498984821141,0.020365409362006797,0.021292194724082947,0.0010091753210872412,0.031767519907717715,186933.9375,0.01600073277950287,0.0003767144517041743,0.01940913320331885,0.021967273205518723,0.0010517763439565897,0.03243110149157117,186933.9375,0.01757141388952732,0.00046065050992183387,0.021462770322626896,0.02025701478123665,0.0009368787868879735,0.030608475736109003,186933.9375,distributed_or_mixed,ok,/home/cilab/ndquan/videoInpainting/SFU_STC_flow/teacher_flows_512x512/train/Class_D/BasketballPass/000031_000032.npz,BasketballPass,0.7130963802337646,BasketballPass,1
0.7136154174804688,BasketballPass__000030-000037,BasketballPass__000030-000037,0.49881109595298767,0.5741371838837559,0.5357741117477417,0.9891014099121094,33,32,local_high_frequency_dominant,0.011048567481338978,0.013169294223189354,0.6472585151067483,0.6472585151067483,static,0.06840131431818008,0.11432813853025436,0.023372437804937363,0.0010458303149789572,0.03233929985294915,186889.078125,0.012454882264137268,0.00023398365010507405,0.01529652411840919,0.017892010509967804,0.0007878217729739845,0.02806816297825678,186889.078125,0.01203588955104351,0.00021395512158051133,0.014627204845099809,0.01840319111943245,0.0008138655102811754,0.028528328206909977,186889.078125,0.013077063485980034,0.0002621815074235201,0.016192019868550067,0.01713433489203453,0.0007396707078441978,0.027196887833798148,186889.078125,distributed_or_mixed,ok,/home/cilab/ndquan/videoInpainting/SFU_STC_flow/teacher_flows_512x512/train/Class_D/BasketballPass/000032_000033.npz,BasketballPass,0.7129252552986145,BasketballPass,0
0.7121810913085938,BasketballPass__000030-000037,BasketballPass__000030-000037,0.43013516068458557,0.5436177620654561,0.5538514256477356,0.9865188598632812,34,33,local_high_frequency_dominant,0.010206707753241062,0.0122880470007658,0.6678804856064648,0.6678804856064648,static,0.0710279643535614,0.11556895077228546,0.025531141087412834,0.0012623053044080734,0.03552893615643555,186627.65625,0.012779193930327892,0.00024462427245453,0.015640469061205614,0.020040566101670265,0.000989255029708147,0.0314524248621334,186627.65625,0.012395559810101986,0.00022286223247647285,0.01492857101254078,0.020536812022328377,0.0010196545626968145,0.03193203035663117,186627.65625,0.013588509522378445,0.00027823311393149197,0.016680321157924147,0.019180797040462494,0.0009286723798140883,0.03047412639952273,186627.65625,distributed_or_mixed,ok,/home/cilab/ndquan/videoInpainting/SFU_STC_flow/teacher_flows_512x512/train/Class_D/BasketballPass/000033_000034.npz,BasketballPass,0.7119280099868774,BasketballPass,0
0.7162399291992188,BasketballPass__000030-000037,BasketballPass__000030-000037,0.4580478370189667,0.5897629934952019,0.5230371952056885,0.9869384765625,35,34,local_high_frequency_dominant,0.010949728079140186,0.013360169716179371,0.6327337870572689,0.6327337870572689,static,0.057438984513282776,0.09730622917413712,0.025991646572947502,0.0012463255552574992,0.03530333631907187,186256.453125,0.01453065499663353,0.0003052530810236931,0.017471493382756182,0.01933959871530533,0.0009060249431058764,0.030100248223326607,186256.453125,0.013850284740328789,0.0002723168581724167,0.016502025880855257,0.019973987713456154,0.0009421142167411745,0.03069387914130722,186256.453125,0.015441070310771465,0.0003452117962297052,0.01857987610910539,0.01837603747844696,0.0008398756035603583,0.028980607370453063,186256.453125,distributed_or_mixed,ok,/home/cilab/ndquan/videoInpainting/SFU_STC_flow/teacher_flows_512x512/train/Class_D/BasketballPass/000034_000035.npz,BasketballPass,0.7105119824409485,BasketballPass,0
0.7139167785644531,BasketballPass__000030-000037,BasketballPass__000030-000037,0.32715904712677,0.47343258454249654,0.5931823253631592,0.9864349365234375,36,35,local_high_frequency_dominant,0.00816011056303978,0.008403250947594643,0.7268946535680076,0.7268946535680076,static,0.04644661024212837,0.08982663601636887,0.023178817704319954,0.0011164912721142173,0.033413938290991936,185259.5625,0.009679518640041351,0.00013446874800138175,0.011596066057132554,0.020168816670775414,0.0009525853674858809,0.030863981717948852,185259.5625,0.008939291350543499,0.00011104865552624688,0.010537962588956505,0.020701469853520393,0.0009845790918916464,0.031378003312697356,185259.5625,0.01069795060902834,0.0001691922079771757,0.013007390513749316,0.019231019541621208,0.0008861609967425466,0.029768456405103484,185259.5625,distributed_or_mixed,ok,/home/cilab/ndquan/videoInpainting/SFU_STC_flow/teacher_flows_512x512/train/Class_D/BasketballPass/000035_000036.npz,BasketballPass,0.7067091464996338,BasketballPass,0
0.7133636474609375,BasketballPass__000030-000037,BasketballPass__000030-000037,0.32277292013168335,0.4632483412016475,0.6001597046852112,0.983612060546875,37,36,local_high_frequency_dominant,0.005965279880911112,0.006526381708681583,0.7347705297288069,0.7347705297288069,static,0.06986919790506363,0.10993282496929169,0.018302928656339645,0.00069398432970047,0.026343582324742206,185934.53125,0.007335667964071035,7.761919550830498e-05,0.008810175679763995,0.016045719385147095,0.0005957019748166203,0.024407006674654317,185934.53125,0.006601755972951651,6.226710684131831e-05,0.007890950946579146,0.016514506191015244,0.0006184620433486998,0.024868897107606116,185934.53125,0.008255227468907833,0.00010156901407754049,0.010078145368942665,0.015332315117120743,0.000555134960450232,0.023561302180699437,185934.53125,distributed_or_mixed,ok,/home/cilab/ndquan/videoInpainting/SFU_STC_flow/teacher_flows_512x512/train/Class_D/BasketballPass/000036_000037.npz,BasketballPass,0.7092839479446411,BasketballPass,0
0.7051849365234375,BasketballPass__000036-000043,BasketballPass__000030-000037,0.4136927127838135,0.5101386885850294,0.568518877029419,0.9881134033203125,38,37,local_high_frequency_dominant,0.007823564112186432,0.01003277488052845,0.6722258870534562,0.6722258870534562,static,0.11569517105817795,0.1790817230939865,0.021719064563512802,0.0009464501054026186,0.03076442922276665,184412.53125,0.010567345656454563,0.00017710654356051236,0.013308138245468911,0.01766641065478325,0.0007449305267073214,0.02729341544598846,184412.53125,0.009993299841880798,0.00015626904496457428,0.012500761775370902,0.018121659755706787,0.0007704143645241857,0.027756339177279588,184412.53125,0.011388720013201237,0.00020678876899182796,0.014380151911291756,0.016818080097436905,0.0006919557927176356,0.026305052608151833,184412.109375,distributed_or_mixed,ok,/home/cilab/ndquan/videoInpainting/SFU_STC_flow/teacher_flows_512x512/train/Class_D/BasketballPass/000037_000038.npz,BasketballPass,0.7034779787063599,BasketballPass,1
0.7088241577148438,BasketballPass__000036-000043,BasketballPass__000036-000043,0.20707722008228302,0.3638347078587948,0.6749827861785889,0.9810600280761719,39,38,local_high_frequency_dominant,0.002977571217343211,0.003679733956232667,0.7861917475769465,0.7861917475769465,static,0.10165195912122726,0.17530149221420288,0.016432857140898705,0.0006494139088317752,0.02548360078230263,183271.171875,0.005185818299651146,4.353120311861858e-05,0.006597818057404931,0.014999672770500183,0.0005885843420401216,0.02426075724374904,183271.171875,0.0044139232486486435,3.0047875043237582e-05,0.005481594206363472,0.015391756780445576,0.0006072644609957933,0.02464273647539561,183271.171875,0.0061731585301458836,6.414759991457686e-05,0.00800921968200254,0.014356092549860477,0.0005514298682101071,0.023482543904145205,183270.921875,distributed_or_mixed,ok,/home/cilab/ndquan/videoInpainting/SFU_STC_flow/teacher_flows_512x512/train/Class_D/BasketballPass/000038_000039.npz,BasketballPass,0.6991240382194519,BasketballPass,0
0.6988906860351562,BasketballPass__000036-000043,BasketballPass__000036-000043,0.038820721209049225,0.31434247558081785,0.7011274695396423,0.9772529602050781,40,39,local_high_frequency_dominant,0.0005834416369907558,0.000656336429528892,0.844706597116701,0.844706597116701,static,0.1953163743019104,0.2610712945461273,0.015866456553339958,0.0006320076063275337,0.025139761461229773,181126.03125,0.00337786553427577,2.021753061853815e-05,0.0044963908436142595,0.015190118923783302,0.0005981827271170914,0.02445777436965783,181126.03125,0.0027259397320449352,1.2489867003750987e-05,0.0035341005933265377,0.015469789505004883,0.0006124713690951467,0.024748158903141595,181126.03125,0.00437706895172596,3.6224169889464974e-05,0.006018651833215224,0.014587902463972569,0.0005637154099531472,0.023742691716676676,181125.96875,distributed_or_mixed,ok,/home/cilab/ndquan/videoInpainting/SFU_STC_flow/teacher_flows_512x512/train/Class_D/BasketballPass/000039_000040.npz,BasketballPass,0.6909409761428833,BasketballPass,0
0.6948165893554688,BasketballPass__000036-000043,BasketballPass__000036-000043,0.4289691746234894,0.5410980535562906,0.5755268335342407,0.9800682067871094,41,40,local_high_frequency_dominant,0.011907778680324554,0.014428029768168926,0.6788392175993885,0.6788392175993885,static,0.2111373096704483,0.26116809248924255,0.03001801110804081,0.0017968389438465238,0.04238913709721541,180520.375,0.015017520636320114,0.0003194866585545242,0.01787418973141228,0.02368919551372528,0.0014273864217102528,0.03778076788142683,180520.375,0.014166099019348621,0.000279285479336977,0.016711836504016458,0.024395255371928215,0.0014803563244640827,0.038475398951331,180520.375,0.016055068001151085,0.00037722993874922395,0.019422408160401323,0.022545604035258293,0.0013230565236881375,0.036373843949851346,180520.375,distributed_or_mixed,ok,/home/cilab/ndquan/videoInpainting/SFU_STC_flow/teacher_flows_512x512/train/Class_D/BasketballPass/000040_000041.npz,BasketballPass,0.6886305809020996,BasketballPass,0
0.6833343505859375,BasketballPass__000036-000043,BasketballPass__000036-000043,0.0976325049996376,0.2920958339417493,0.7374882102012634,0.9784431457519531,42,41,local_high_frequency_dominant,0.0019140592776238918,0.0022378265857696533,0.8434660017738598,0.8434660017738598,static,0.30730193853378296,0.3866318464279175,0.021387245506048203,0.001236829673871398,0.03516858930738334,177881.859375,0.004934173543006182,4.024566078442149e-05,0.006343946782912156,0.020200923085212708,0.0011685219360515475,0.03418365012767869,177881.859375,0.003755208570510149,2.3818201952963136e-05,0.004880389528814594,0.020640859380364418,0.0011994607048109174,0.03463323122105296,177881.859375,0.006467659492045641,7.431475387420505e-05,0.008620600551829614,0.019392946735024452,0.0010968651622533798,0.03311895472766886,177881.859375,distributed_or_mixed,ok,/home/cilab/ndquan/videoInpainting/SFU_STC_flow/teacher_flows_512x512/train/Class_D/BasketballPass/000041_000042.npz,BasketballPass,0.6785654425621033,BasketballPass,0
0.6807174682617188,BasketballPass__000036-000043,BasketballPass__000036-000043,0.3462624251842499,0.389026953615887,0.7071505188941956,0.9737281799316406,43,42,local_high_frequency_dominant,0.007495695725083351,0.009444489143788815,0.7409181735770219,0.7409181735770219,static,0.28912004828453064,0.35011422634124756,0.024645594879984856,0.0016329907812178135,0.04041028063770176,177275.25,0.010299879126250744,0.00015839982370380312,0.01258569917421369,0.020787877961993217,0.001295451889745891,0.03599238655251817,177135.796875,0.009460045956075191,0.0001352175895590335,0.011628309832431948,0.02127649448812008,0.0013281976571306586,0.036444446176758655,177155.796875,0.011401191353797913,0.0001961275120265782,0.014004553260514174,0.01997002586722374,0.0012134856078773737,0.03483512032241849,177127.796875,distributed_or_mixed,ok,/home/cilab/ndquan/videoInpainting/SFU_STC_flow/teacher_flows_512x512/train/Class_D/BasketballPass/000042_000043.npz,BasketballPass,0.6762514114379883,BasketballPass,0
0.6777458190917969,BasketballPass__000042-000049,BasketballPass__000036-000043,0.40636587142944336,0.5029275439986773,0.6105669140815735,0.9740180969238281,44,43,local_high_frequency_dominant,0.011484804563224316,0.015195176005363464,0.6813659801605362,0.6813659801605362,static,0.16508397459983826,0.2291371077299118,0.03365075960755348,0.0024171764962375164,0.0491647891914276,175305.484375,0.016909971833229065,0.0004217306850478053,0.020536082514632757,0.026347069069743156,0.0019284652080386877,0.043914293892065345,175305.484375,0.015828970819711685,0.0003677447675727308,0.019176672484368367,0.027170458808541298,0.002000241307541728,0.044724057368956675,175305.484375,0.018310343846678734,0.0004985469859093428,0.02232816575335607,0.02507273480296135,0.0017930237809196115,0.042344111525920713,175304.484375,distributed_or_mixed,ok,/home/cilab/ndquan/videoInpainting/SFU_STC_flow/teacher_flows_512x512/train/Class_D/BasketballPass/000043_000044.npz,BasketballPass,0.6687373518943787,BasketballPass,1
0.6793327331542969,BasketballPass__000042-000049,BasketballPass__000042-000049,0.1453552097082138,0.3020849813538253,0.7190170884132385,0.9806709289550781,45,44,local_high_frequency_dominant,0.003372049890458584,0.003400534624233842,0.8496350150482721,0.8496350150482721,static,0.23261016607284546,0.2896866202354431,0.021887807175517082,0.0012618752662092447,0.035522883697825615,176752.40625,0.00484988559037447,3.761978223337792e-05,0.006133496737863151,0.02084352634847164,0.0012011234648525715,0.03465722817613335,176752.40625,0.003931157290935516,2.4906141334213316e-05,0.00499060530739642,0.02121817320585251,0.001226161140948534,0.03501658379894495,176752.40625,0.006239736918359995,6.808980833739042e-05,0.008251654884772534,0.020040662959218025,0.0011345093371346593,0.03368247819170465,176752.40625,distributed_or_mixed,ok,/home/cilab/ndquan/videoInpainting/SFU_STC_flow/teacher_flows_512x512/train/Class_D/BasketballPass/000044_000045.npz,BasketballPass,0.6742569208145142,BasketballPass,0
0.6842422485351562,BasketballPass__000042-000049,BasketballPass__000042-000049,0.44843387603759766,0.534012164749335,0.56608647108078,0.9748878479003906,46,45,local_high_frequency_dominant,0.010487114079296589,0.013418501242995262,0.6711132099242295,0.6711132099242295,static,0.41868165135383606,0.5246589779853821,0.02654697559773922,0.0014100862899795175,0.03755111569553583,176834.3125,0.013319951482117176,0.0002669211244210601,0.01633772090657262,0.0213753841817379,0.0011114288354292512,0.033338098857452134,176834.3125,0.0128643112257123,0.00024425401352345943,0.01562862801155173,0.02190951630473137,0.0011468278244137764,0.033864846440132816,176834.3125,0.014132465235888958,0.0003045925695914775,0.017452580599770267,0.020388705655932426,0.0010411704424768686,0.03226717283055441,176834.3125,distributed_or_mixed,ok,/home/cilab/ndquan/videoInpainting/SFU_STC_flow/teacher_flows_512x512/train/Class_D/BasketballPass/000045_000046.npz,BasketballPass,0.6745693683624268,BasketballPass,0
0.6680641174316406,BasketballPass__000042-000049,BasketballPass__000042-000049,0.45840445160865784,0.5135499959962021,0.6258975267410278,0.9809188842773438,47,46,local_high_frequency_dominant,0.016588730737566948,0.019445789977908134,0.6859314996885383,0.6859314996885383,moderate,0.6543949842453003,0.7507990002632141,0.0378628745675087,0.003134772414341569,0.055989038340924994,174789.703125,0.019515391439199448,0.0005323750665411353,0.023073254355229895,0.02969248592853546,0.0025393960531800985,0.050392420592586126,174789.703125,0.01881961151957512,0.00048118658014573157,0.02193596544822524,0.03047255240380764,0.0026083793491125107,0.05107229531862172,174789.703125,0.02072521299123764,0.0006090047536417842,0.02467802167196115,0.02848515845835209,0.002389040309935808,0.048877809995291406,174789.703125,distributed_or_mixed,ok,/home/cilab/ndquan/videoInpainting/SFU_STC_flow/teacher_flows_512x512/train/Class_D/BasketballPass/000046_000047.npz,BasketballPass,0.666769802570343,BasketballPass,0
0.6558609008789062,BasketballPass__000042-000049,BasketballPass__000042-000049,0.44057339429855347,0.5170372796500134,0.57937091588974,0.9735260009765625,48,47,local_high_frequency_dominant,0.015419647097587585,0.019309064373373985,0.6890017353830382,0.6890017353830382,moderate,1.052525281906128,1.1379503011703491,0.039100322872400284,0.003093714825809002,0.05562117245985562,170894.140625,0.01851208321750164,0.0005115611711516976,0.022617718080118022,0.03167237713932991,0.0025108586996793747,0.05010846934081478,170894.140625,0.01780850626528263,0.0004579273227136582,0.02139923649838139,0.03243527561426163,0.002588789677247405,0.05088015012996134,170894.140625,0.019809061661362648,0.0005929007311351597,0.02434955299661905,0.03038954548537731,0.002367293229326606,0.04865483767650043,170894.140625,distributed_or_mixed,ok,/home/cilab/ndquan/videoInpainting/SFU_STC_flow/teacher_flows_512x512/train/Class_D/BasketballPass/000047_000048.npz,BasketballPass,0.6519094109535217,BasketballPass,0
0.6538734436035156,BasketballPass__000042-000049,BasketballPass__000042-000049,0.12079650908708572,0.36378870374072464,0.6399284601211548,0.9745101928710938,49,48,local_high_frequency_dominant,0.0026266120839864016,0.0033185696229338646,0.8394361931877242,0.8394361931877242,moderate,1.3319131135940552,1.4506698846817017,0.025761554017663002,0.0014607569901272655,0.038219850733974166,169817.328125,0.005598922725766897,5.0378424930386245e-05,0.007097776055243378,0.024548927322030067,0.001376970554701984,0.037107553876562435,169817.328125,0.004531661979854107,3.2007770641939715e-05,0.005657541042002234,0.02501232735812664,0.0014121024869382381,0.037577952138697475,169817.328125,0.007294464856386185,9.07305657165125e-05,0.009525259351666626,0.023612845689058304,0.0013005150249227881,0.03606265415804539,169817.328125,distributed_or_mixed,ok,/home/cilab/ndquan/videoInpainting/SFU_STC_flow/teacher_flows_512x512/train/Class_D/BasketballPass/000048_000049.npz,BasketballPass,0.6478016972541809,BasketballPass,0
0.6502914428710938,BasketballPass__000048-000055,BasketballPass__000042-000049,0.09982322156429291,0.3388368831729213,0.6662228107452393,0.9760704040527344,50,49,local_high_frequency_dominant,0.0026242088060826063,0.0032398621551692486,0.8476531503359859,0.8476531503359859,moderate,1.8248990774154663,1.9282814264297485,0.03054293431341648,0.0021599787287414074,0.046475571311619265,167005.296875,0.006509509868919849,6.603752262890339e-05,0.008126347434666044,0.029011419042944908,0.0020443731918931007,0.04521474529280355,167005.296875,0.0049382420256733894,3.893947723554447e-05,0.006240150417701842,0.029658526182174683,0.0020996422972530127,0.04582185392640735,167005.296875,0.008706052787601948,0.00012508333020377904,0.011184065906627117,0.027865419164299965,0.0019353297539055347,0.043992382907789104,167005.296875,distributed_or_mixed,ok,/home/cilab/ndquan/videoInpainting/SFU_STC_flow/teacher_flows_512x512/train/Class_D/BasketballPass/000049_000050.npz,BasketballPass,0.6370746493339539,BasketballPass,1
0.6490325927734375,BasketballPass__000048-000055,BasketballPass__000048-000055,0.22934690117835999,0.3871469723517358,0.634116530418396,0.9726943969726562,51,50,local_high_frequency_dominant,0.007182402070611715,0.008414579555392265,0.7979011469412917,0.7979011469412917,moving,2.1716630458831787,2.325439453125,0.033842429518699646,0.0025254255160689354,0.05025361197037418,168160.578125,0.009929599240422249,0.00014818825002294034,0.012173259630145919,0.03134336322546005,0.0023098525125533342,0.048060925007258594,168160.578125,0.008529425598680973,0.00010859596659429371,0.010420938853783458,0.03204379975795746,0.002385906409472227,0.04884574095529954,168160.578125,0.011988472193479538,0.00022840171004645526,0.015112964965434654,0.030025620013475418,0.0021591982804238796,0.046467174224648945,168160.578125,distributed_or_mixed,ok,/home/cilab/ndquan/videoInpainting/SFU_STC_flow/teacher_flows_512x512/train/Class_D/BasketballPass/000050_000051.npz,BasketballPass,0.6414816975593567,BasketballPass,0
0.63037109375,BasketballPass__000048-000055,BasketballPass__000048-000055,0.23665519058704376,0.3883119169160359,0.6433941125869751,0.9737892150878906,52,51,local_high_frequency_dominant,0.00811909232288599,0.009107453748583794,0.7865224717703726,0.7865224717703726,moving,2.658259630203247,2.7934741973876953,0.03552846238017082,0.002832211786881089,0.05321852860499893,164790.9375,0.011128826066851616,0.00018879194976761937,0.013740158287575124,0.03257577866315842,0.0025627214927226305,0.05062332953019418,164790.9375,0.009783348999917507,0.00014555024972651154,0.012064420820184926,0.03337617963552475,0.002650355687364936,0.05148160533010734,164790.9375,0.013359669595956802,0.0002846150891855359,0.016870539089950145,0.031053515151143074,0.0023699579760432243,0.0486822141653728,164790.9375,distributed_or_mixed,ok,/home/cilab/ndquan/videoInpainting/SFU_STC_flow/teacher_flows_512x512/train/Class_D/BasketballPass/000051_000052.npz,BasketballPass,0.6286275386810303,BasketballPass,0
0.6179733276367188,BasketballPass__000048-000055,BasketballPass__000048-000055,0.05325325205922127,0.3315059798638508,0.6534393429756165,0.9675025939941406,53,52,local_high_frequency_dominant,0.0014471919275820255,0.0019252764759585261,0.8528075561494446,0.8528075561494446,moving,3.389167070388794,3.5778045654296875,0.033897846937179565,0.002663062885403633,0.05160487269050892,160582.34375,0.006431913003325462,7.480625936295837e-05,0.008649061183906515,0.032605502754449844,0.002511128783226013,0.05011116425733903,160582.34375,0.004672103561460972,3.528031811583787e-05,0.005939723740700225,0.03324175626039505,0.0025929633993655443,0.05092114884176853,160582.34375,0.009285514242947102,0.000167663543834351,0.012948495813582017,0.031088145449757576,0.0022987041156738997,0.047944802801491423,160582.34375,distributed_or_mixed,ok,/home/cilab/ndquan/videoInpainting/SFU_STC_flow/teacher_flows_512x512/train/Class_D/BasketballPass/000052_000053.npz,BasketballPass,0.6125730276107788,BasketballPass,0
0.6002044677734375,BasketballPass__000048-000055,BasketballPass__000048-000055,0.14654286205768585,0.3114469948323923,0.6868401765823364,0.9718971252441406,54,53,local_high_frequency_dominant,0.005577266216278076,0.006614747457206249,0.8387165139632322,0.8387165139632322,moving,3.8866755962371826,4.050441741943359,0.04193225875496864,0.004349005874246359,0.06594699291284144,154708.0,0.009821364656090736,0.00015107702347449958,0.012291339368616407,0.03950777277350426,0.004085535649210215,0.06391819497772301,154708.0,0.008044079877436161,9.86432860372588e-05,0.009931932643612662,0.04038460552692413,0.004211991094052792,0.06489985434538965,154708.0,0.013261466287076473,0.00029963653651066124,0.01731001260862225,0.037568774074316025,0.0037478774320334196,0.06121991042163832,154708.0,distributed_or_mixed,ok,/home/cilab/ndquan/videoInpainting/SFU_STC_flow/teacher_flows_512x512/train/Class_D/BasketballPass/000053_000054.npz,BasketballPass,0.5901641845703125,BasketballPass,0
0.60540771484375,BasketballPass__000048-000055,BasketballPass__000048-000055,0.2249571979045868,0.33015465613688716,0.703253984451294,0.9591789245605469,55,54,local_high_frequency_dominant,0.010759503580629826,0.012928910553455353,0.7842365270812115,0.7842365270812115,moving,4.47265100479126,4.69447135925293,0.052405476570129395,0.006920278072357178,0.0831882087339136,151747.703125,0.017788203433156013,0.00047246989561244845,0.021736372641552877,0.04656344652175903,0.006241837050765753,0.07900529761203202,151304.078125,0.015991443768143654,0.0003621887299232185,0.019031256656438074,0.047691505402326584,0.006429624278098345,0.08018493797527279,151314.09375,0.020802786573767662,0.0006934744887985289,0.02633390378957379,0.04438572749495506,0.005738598760217428,0.07575353958870455,151299.0625,distributed_or_mixed,ok,/home/cilab/ndquan/videoInpainting/SFU_STC_flow/teacher_flows_512x512/train/Class_D/BasketballPass/000054_000055.npz,BasketballPass,0.5788715481758118,BasketballPass,0
0.6100540161132812,BasketballPass__000054-000061,BasketballPass__000048-000055,0.2667076289653778,0.36645517132439087,0.6693130731582642,0.9640159606933594,56,55,local_high_frequency_dominant,0.013614028692245483,0.015572519041597843,0.7575053398088876,0.7575053398088876,moving,5.231025695800781,5.4708991050720215,0.05334312096238136,0.006629355251789093,0.08142085268399671,151742.375,0.019408326596021652,0.0005883215344510972,0.024255340328494614,0.04608222842216492,0.005740923807024956,0.07576888416114465,149494.421875,0.017317133024334908,0.00045913111534900963,0.02142734503733511,0.047138866037130356,0.005953906569629908,0.07716156147739564,149261.078125,0.023456694558262825,0.0009331696783192456,0.030547826081723812,0.0435931496322155,0.005179122090339661,0.07196611765504417,151600.015625,distributed_or_mixed,ok,/home/cilab/ndquan/videoInpainting/SFU_STC_flow/teacher_flows_512x512/train/Class_D/BasketballPass/000055_000056.npz,BasketballPass,0.5788512229919434,BasketballPass,1
0.6217613220214844,BasketballPass__000054-000061,BasketballPass__000054-000061,0.24999983608722687,0.3358374352498518,0.6864542365074158,0.9600486755371094,57,56,local_high_frequency_dominant,0.012159100733697414,0.014801017940044403,0.7043150941177744,0.7043150941177744,moving,5.930578231811523,6.324117660522461,0.05449582263827324,0.0070985169149935246,0.08425269678172637,155113.171875,0.022367512807250023,0.0009955805726349354,0.031552821944081884,0.04635385051369667,0.005648746620863676,0.07515814407543388,155113.171875,0.018446583300828934,0.0005980049027130008,0.024454138764491398,0.04764450341463089,0.005897129885852337,0.07679277235425438,151030.96875,0.026600774377584457,0.0015110536478459835,0.038872273510125226,0.04260249063372612,0.004855803679674864,0.06968359691975483,155113.171875,distributed_or_mixed,ok,/home/cilab/ndquan/videoInpainting/SFU_STC_flow/teacher_flows_512x512/train/Class_D/BasketballPass/000056_000057.npz,BasketballPass,0.5917097926139832,BasketballPass,0
0.6059303283691406,BasketballPass__000054-000061,BasketballPass__000054-000061,0.2969926595687866,0.45623578869441067,0.574006974697113,0.9602432250976562,58,57,local_high_frequency_dominant,0.013430955819785595,0.016911650076508522,0.700155766889498,0.700155766889498,moving,7.114207744598389,7.509800434112549,0.05191836878657341,0.005371678154915571,0.073291733196286,151132.0625,0.023443646728992462,0.0007936985930427909,0.028172656833227335,0.04249495640397072,0.004327664151787758,0.06578498424251357,150987.828125,0.021393438801169395,0.0006396148237399757,0.02529060742133284,0.04422164335846901,0.004601548425853252,0.06783471401762708,150454.359375,0.026856888085603714,0.0010983544634655118,0.03314143122234633,0.03913426026701927,0.0037479379680007696,0.061220404833688985,151102.4375,distributed_or_mixed,ok,/home/cilab/ndquan/videoInpainting/SFU_STC_flow/teacher_flows_512x512/train/Class_D/BasketballPass/000057_000058.npz,BasketballPass,0.5765230655670166,BasketballPass,0
0.6146965026855469,BasketballPass__000054-000061,BasketballPass__000054-000061,0.09248407930135727,0.3764808465164458,0.5990418195724487,0.9617385864257812,59,58,local_high_frequency_dominant,0.003645996330305934,0.004188747610896826,0.7912432449286447,0.7912432449286447,moving,8.237153053283691,8.95129680633545,0.042468298226594925,0.003747612237930298,0.06121774446947795,152472.375,0.011652204208076,0.00022930381237529218,0.015142780866647056,0.03876553475856781,0.003294202033430338,0.057395139458235815,152337.65625,0.008067435584962368,0.00010383276094216853,0.01018983615874998,0.040557656437158585,0.0035430784337222576,0.05952376360515402,152104.265625,0.01662079244852066,0.0004903988447040319,0.022144950772219656,0.0355675108730793,0.0028157210908830166,0.05306336863489743,152354.5,distributed_or_mixed,ok,/home/cilab/ndquan/videoInpainting/SFU_STC_flow/teacher_flows_512x512/train/Class_D/BasketballPass/000058_000059.npz,BasketballPass,0.5816359519958496,BasketballPass,0
0.6105766296386719,BasketballPass__000054-000061,BasketballPass__000054-000061,0.24087101221084595,0.4023563199634477,0.5641484260559082,0.9536514282226562,60,59,local_high_frequency_dominant,0.009476481936872005,0.011336307972669601,0.7504605669349046,0.7504605669349046,moving,9.286874771118164,9.946857452392578,0.04375150054693222,0.003817100776359439,0.061782689941110844,153082.890625,0.014387193135917187,0.000353128561982885,0.01879171524855794,0.03910486772656441,0.003193818498402834,0.056513878812224826,153079.5625,0.011724386364221573,0.00021866367023903877,0.014787280691156125,0.04090270400047302,0.0034864123445004225,0.0590458495112097,152856.5,0.01927276886999607,0.0006718710064888,0.025920474657860723,0.03546544164419174,0.0026249545626342297,0.05123431040459342,153082.671875,distributed_or_mixed,ok,/home/cilab/ndquan/videoInpainting/SFU_STC_flow/teacher_flows_512x512/train/Class_D/BasketballPass/000059_000060.npz,BasketballPass,0.5839648842811584,BasketballPass,0
0.6135902404785156,BasketballPass__000054-000061,BasketballPass__000054-000061,0.26281002163887024,0.426804845969293,0.5640588402748108,0.9465599060058594,61,60,local_high_frequency_dominant,0.013981270603835583,0.015506885945796967,0.7545752590801903,0.7545752590801903,moving,10.185790061950684,10.771675109863281,0.05429176613688469,0.005845789797604084,0.07645776479602372,151194.265625,0.019045041874051094,0.0005300658522173762,0.023023159040787087,0.048787716776132584,0.005010698456317186,0.07078628720534215,151193.8125,0.016439488157629967,0.00037867750506848097,0.019459637845255007,0.05050130933523178,0.005334267858415842,0.07303607230961863,151130.15625,0.023306356742978096,0.0008850602898746729,0.02974996285501333,0.04517830163240433,0.004320809617638588,0.06573286558213165,151194.125,distributed_or_mixed,ok,/home/cilab/ndquan/videoInpainting/SFU_STC_flow/teacher_flows_512x512/train/Class_D/BasketballPass/000060_000061.npz,BasketballPass,0.5767603516578674,BasketballPass,0
0.6074981689453125,BasketballPass__000060-000067,BasketballPass__000054-000061,0.09543806314468384,0.3523502279924835,0.6065269708633423,0.9473876953125,62,61,local_high_frequency_dominant,0.005628886166960001,0.005979855544865131,0.7701706142129107,0.7701706142129107,moving,11.012273788452148,11.354950904846191,0.059008870273828506,0.007536015007644892,0.08681022409627158,152143.84375,0.016155190765857697,0.0005789836286567152,0.024062078643723096,0.05508994683623314,0.006501731928437948,0.08063331773180332,152143.84375,0.012912352569401264,0.0003420533030293882,0.018494683101621077,0.05696656554937363,0.006953048519790173,0.08338494180480174,152132.84375,0.02176833711564541,0.0011464073322713375,0.03385863748397649,0.05001901835203171,0.0052796825766563416,0.07266142426801406,152143.734375,distributed_or_mixed,ok,/home/cilab/ndquan/videoInpainting/SFU_STC_flow/teacher_flows_512x512/train/Class_D/BasketballPass/000061_000062.npz,BasketballPass,0.5803827047348022,BasketballPass,1
0.5928306579589844,BasketballPass__000060-000067,BasketballPass__000060-000067,0.09682036936283112,0.33237953452797203,0.6131434440612793,0.9392890930175781,63,62,local_high_frequency_dominant,0.004523445852100849,0.006195053458213806,0.7793048988763517,0.7793048988763517,moving,11.86949348449707,12.404582977294922,0.05969671159982681,0.007950165309011936,0.08916369950272328,146399.671875,0.01605604961514473,0.0005505731096491218,0.023464294356513725,0.055582571774721146,0.006865061353892088,0.08285566579234088,146399.671875,0.011676744557917118,0.0002555368992034346,0.015985521549309382,0.057790081948041916,0.007453488651663065,0.08633358935931637,146396.15625,0.023164600133895874,0.0012051392113789916,0.03471511502759269,0.05077597498893738,0.005678931251168251,0.07535868397980587,146399.609375,distributed_or_mixed,ok,/home/cilab/ndquan/videoInpainting/SFU_STC_flow/teacher_flows_512x512/train/Class_D/BasketballPass/000062_000063.npz,BasketballPass,0.5584704279899597,BasketballPass,0
0.5754280090332031,BasketballPass__000060-000067,BasketballPass__000060-000067,0.13635534048080444,0.36447994778549486,0.613200843334198,0.9331932067871094,64,63,local_high_frequency_dominant,0.00696697598323226,0.008156822063028812,0.7931077411891598,0.7931077411891598,moving,12.400032997131348,13.010568618774414,0.05566897615790367,0.0067222402431070805,0.08198926907289197,140962.0,0.015615813434123993,0.0003836566465906799,0.019587155142865437,0.05005597695708275,0.005637916270643473,0.07508605909650254,139287.921875,0.010756009258329868,0.0001726509362924844,0.01313967032662861,0.05243704095482826,0.006096388678997755,0.07807937422263164,139394.4375,0.02337620034813881,0.0011156711261719465,0.03340166352402147,0.04588964208960533,0.004817410372197628,0.06940756711049327,140962.0,distributed_or_mixed,ok,/home/cilab/ndquan/videoInpainting/SFU_STC_flow/teacher_flows_512x512/train/Class_D/BasketballPass/000063_000064.npz,BasketballPass,0.5377273559570312,BasketballPass,0
0.5405807495117188,BasketballPass__000060-000067,BasketballPass__000060-000067,0.1646539568901062,0.42978284873021716,0.5377858877182007,0.9321250915527344,65,64,local_high_frequency_dominant,0.008137380704283714,0.008851667866110802,0.7403546497886189,0.7403546497886189,moving,12.699923515319824,13.312737464904785,0.05031132325530052,0.004786361940205097,0.06918353807232684,135728.6875,0.016915753483772278,0.0004687110777013004,0.021649736203965635,0.043722957372665405,0.003810866503044963,0.061732216087266485,133349.625,0.011784002184867859,0.00020813469018321484,0.014426873888102537,0.046776071190834045,0.0043143234215676785,0.06568350951013259,133375.78125,0.02448154240846634,0.0010732283117249608,0.032760163487457764,0.03840397670865059,0.0029535049106925726,0.05434615819625682,135725.40625,distributed_or_mixed,ok,/home/cilab/ndquan/videoInpainting/SFU_STC_flow/teacher_flows_512x512/train/Class_D/BasketballPass/000064_000065.npz,BasketballPass,0.5177638530731201,BasketballPass,0
0.5143814086914062,BasketballPass__000060-000067,BasketballPass__000060-000067,0.1448040008544922,0.3642563512938842,0.5987340211868286,0.9341926574707031,66,65,local_high_frequency_dominant,0.006593117956072092,0.007908893749117851,0.7278708317387537,0.7278708317387537,moving,12.995079040527344,13.792607307434082,0.05131062492728233,0.005482519511133432,0.07404403764742595,127035.2265625,0.017828021198511124,0.0005951482453383505,0.024395660379222174,0.044830650091171265,0.004257783759385347,0.06525169545218995,125218.078125,0.012911487370729446,0.000276105449302122,0.016616421073808944,0.04819722846150398,0.004937420133501291,0.0702667783059768,125076.2421875,0.025753669440746307,0.0013961230870336294,0.03736473052269519,0.038274168968200684,0.0031046795193105936,0.05571965110542773,127035.2265625,distributed_or_mixed,ok,/home/cilab/ndquan/videoInpainting/SFU_STC_flow/teacher_flows_512x512/train/Class_D/BasketballPass/000065_000066.npz,BasketballPass,0.4846009314060211,BasketballPass,0
0.4921150207519531,BasketballPass__000060-000067,BasketballPass__000060-000067,0.18085630238056183,0.3711535932671445,0.6102238297462463,0.9388275146484375,67,66,local_high_frequency_dominant,0.00815547164529562,0.00942681822925806,0.745712616660105,0.745712616660105,moving,12.935629844665527,13.758947372436523,0.04856644570827484,0.005001473240554333,0.07072109473526504,121665.09375,0.01710200123488903,0.0004866932285949588,0.022061124826149702,0.04326566308736801,0.004185512661933899,0.064695538191856,120139.625,0.014096667990088463,0.00032120433752425015,0.017922174464172873,0.0453219898045063,0.004553795792162418,0.06748181823396891,120075.65625,0.022822454571723938,0.000941833364777267,0.030689303751914396,0.03801203891634941,0.00323461159132421,0.05687364584167442,121665.0,distributed_or_mixed,ok,/home/cilab/ndquan/videoInpainting/SFU_STC_flow/teacher_flows_512x512/train/Class_D/BasketballPass/000066_000067.npz,BasketballPass,0.4641155004501343,BasketballPass,0
0.4785957336425781,BasketballPass__000066-000073,BasketballPass__000060-000067,0.15675590932369232,0.3616321727694331,0.6163875460624695,0.935516357421875,68,67,local_high_frequency_dominant,0.008421727456152439,0.0088405292481184,0.7163439911283205,0.7163439911283205,moving,13.009735107421875,14.039219856262207,0.052666861563920975,0.006037314888089895,0.07770016015485358,115552.296875,0.0192960724234581,0.000744704098906368,0.027289267100938566,0.046521514654159546,0.004749446641653776,0.06891622916014613,115279.296875,0.015188452787697315,0.00043790318886749446,0.02092613650121528,0.04926099255681038,0.005332110449671745,0.07302130134194916,115282.296875,0.02563542313873768,0.001414005528204143,0.03760326486096843,0.04090796038508415,0.0036937145050615072,0.06077593689168031,115278.5390625,distributed_or_mixed,ok,/home/cilab/ndquan/videoInpainting/SFU_STC_flow/teacher_flows_512x512/train/Class_D/BasketballPass/000067_000068.npz,BasketballPass,0.44079703092575073,BasketballPass,1
0.4718170166015625,BasketballPass__000066-000073,BasketballPass__000066-000073,0.3424431085586548,0.481648849179707,0.5618730783462524,0.9445304870605469,69,68,local_high_frequency_dominant,0.02327515371143818,0.028361905366182327,0.6752133338642289,0.6752133338642289,moving,12.588292121887207,13.199601173400879,0.07522717118263245,0.01101842150092125,0.10496866913951634,116155.9375,0.03723125532269478,0.0019418577430769801,0.04406651498674453,0.059723224490880966,0.008392726071178913,0.09161182276965628,115879.53125,0.034769315272569656,0.0015728536527603865,0.03965921901349529,0.0626959279179573,0.009031906723976135,0.0950363442267017,115961.515625,0.04158871993422508,0.002628007438033819,0.05126409501818811,0.0549861416220665,0.007392073981463909,0.0859771712808924,116093.9921875,distributed_or_mixed,ok,/home/cilab/ndquan/videoInpainting/SFU_STC_flow/teacher_flows_512x512/train/Class_D/BasketballPass/000068_000069.npz,BasketballPass,0.4430997371673584,BasketballPass,0
0.4433860778808594,BasketballPass__000066-000073,BasketballPass__000066-000073,0.1604003608226776,0.2913281727253663,0.6857585906982422,0.9239921569824219,70,69,local_high_frequency_dominant,0.011746569536626339,0.013240011408925056,0.802727890051264,0.802727890051264,moving,12.145844459533691,12.856513023376465,0.07672611624002457,0.014530817978084087,0.12054384255566142,109648.671875,0.021039262413978577,0.0007790253148414195,0.027911024969381176,0.07047141343355179,0.012899025343358517,0.11357387614834019,109308.4375,0.015442325733602047,0.0003831389476545155,0.019573935415611126,0.07357589155435562,0.013828819617629051,0.11759600170766459,107951.859375,0.02869640290737152,0.0016529939603060484,0.04065702842444401,0.06566262245178223,0.011557149700820446,0.1075041845735339,109574.0703125,distributed_or_mixed,ok,/home/cilab/ndquan/videoInpainting/SFU_STC_flow/teacher_flows_512x512/train/Class_D/BasketballPass/000069_000070.npz,BasketballPass,0.41827648878097534,BasketballPass,0
0.3669586181640625,BasketballPass__000066-000073,BasketballPass__000066-000073,0.4225178360939026,0.5729282552607285,0.5287156701087952,0.9292945861816406,71,70,local_high_frequency_dominant,0.035692423582077026,0.03992728888988495,0.6418793260644368,0.6418793260644368,moving,11.214344024658203,12.005404472351074,0.08492138236761093,0.01306278444826603,0.1142925389002538,84408.8203125,0.046829596161842346,0.002973792375996709,0.0545324891784403,0.06261718273162842,0.009553414769470692,0.0977415713474604,84096.25,0.04427371919155121,0.00256932619959116,0.05068852137901795,0.06513296067714691,0.01014024019241333,0.10069875963691574,84102.40625,0.05103718489408493,0.0036679310724139214,0.060563446668877106,0.0571260042488575,0.008209611289203167,0.09060690530640127,84107.171875,distributed_or_mixed,ok,/home/cilab/ndquan/videoInpainting/SFU_STC_flow/teacher_flows_512x512/train/Class_D/BasketballPass/000070_000071.npz,BasketballPass,0.3219940960407257,BasketballPass,0
0.3427925109863281,BasketballPass__000066-000073,BasketballPass__000066-000073,0.049201831221580505,0.37020674378538027,0.6105561256408691,0.9297904968261719,72,71,local_high_frequency_dominant,0.0015389492036774755,0.0022120552603155375,0.7822297659185095,0.7822297659185095,moving,10.303646087646484,10.838907241821289,0.042601078748703,0.003777620382606983,0.06146234930920704,81150.046875,0.01264720968902111,0.00025347931659780443,0.015921033779180433,0.03872579708695412,0.0032705001067370176,0.05718828644693787,79843.5625,0.009368501603603363,0.00012610037811100483,0.011229442466614486,0.0402703620493412,0.0035533409100025892,0.059609906139857234,75833.3671875,0.017356960102915764,0.0005426623392850161,0.02329511406464918,0.03510110080242157,0.0027386716101318598,0.05233231898293692,79902.6796875,distributed_or_mixed,ok,/home/cilab/ndquan/videoInpainting/SFU_STC_flow/teacher_flows_512x512/train/Class_D/BasketballPass/000071_000072.npz,BasketballPass,0.3095628619194031,BasketballPass,0
0.3241844177246094,BasketballPass__000066-000073,BasketballPass__000066-000073,0.2610226571559906,0.36024844720496896,0.6489889621734619,0.9283599853515625,73,72,local_high_frequency_dominant,0.011238266713917255,0.013172626495361328,0.7629444176223071,0.7629444176223071,moving,9.427732467651367,10.163800239562988,0.04748179391026497,0.004964694380760193,0.07046058742843543,77903.84375,0.015981359407305717,0.0004003382346127182,0.02000845407853186,0.041797902435064316,0.004146794322878122,0.06439560794711176,76853.5625,0.013429950922727585,0.00026261553284712136,0.0162054167748664,0.04393775016069412,0.004481704905629158,0.06694553686116168,73573.84375,0.0212439876049757,0.0007390613900497556,0.02718568354943012,0.03805610164999962,0.0034980252385139465,0.0591441056954448,76847.5625,distributed_or_mixed,ok,/home/cilab/ndquan/videoInpainting/SFU_STC_flow/teacher_flows_512x512/train/Class_D/BasketballPass/000072_000073.npz,BasketballPass,0.29717957973480225,BasketballPass,0
0.3177375793457031,BasketballPass__000072-000079,BasketballPass__000066-000073,0.07980777323246002,0.30353274677078596,0.6841155886650085,0.9377365112304688,74,73,local_high_frequency_dominant,0.0034565862733870745,0.004097792319953442,0.8006910454199756,0.8006910454199756,moving,8.03266716003418,8.520160675048828,0.0484846755862236,0.0057052006013691425,0.07553277832417621,74667.5625,0.0124563192948699,0.0003003756864927709,0.017331349817390766,0.04474052041769028,0.00484775984659791,0.0696258561642003,72837.1875,0.008213398046791553,0.0001246780011570081,0.01116593037579082,0.046632710844278336,0.005226487293839455,0.0722944485686104,72853.7890625,0.01845884509384632,0.0007468242547474802,0.02732808545704364,0.04049118980765343,0.004042946267873049,0.06358416680175222,72958.46875,distributed_or_mixed,ok,/home/cilab/ndquan/videoInpainting/SFU_STC_flow/teacher_flows_512x512/train/Class_D/BasketballPass/000073_000074.npz,BasketballPass,0.2848341464996338,BasketballPass,1
0.32825469970703125,BasketballPass__000072-000079,BasketballPass__000072-000079,0.1268509030342102,0.3115917670786575,0.6869438290596008,0.9216194152832031,75,74,local_high_frequency_dominant,0.005291840527206659,0.005951523315161467,0.756374112448837,0.756374112448837,moving,6.677675247192383,7.326139450073242,0.04417690634727478,0.004731619264930487,0.06878676664105159,77036.921875,0.01422905083745718,0.0004093594616279006,0.020232633581120887,0.03993085026741028,0.0039457655511796474,0.06281532895066018,75963.890625,0.01075285580009222,0.00019267143215984106,0.013880613536866484,0.04163527861237526,0.004322483204305172,0.06574559456195656,74234.3203125,0.019085891544818878,0.0008484875434078276,0.029128809508935094,0.03632181137800217,0.003222670406103134,0.0567685688220439,75951.421875,distributed_or_mixed,ok,/home/cilab/ndquan/videoInpainting/SFU_STC_flow/teacher_flows_512x512/train/Class_D/BasketballPass/000074_000075.npz,BasketballPass,0.29387253522872925,BasketballPass,0
0.3395233154296875,BasketballPass__000072-000079,BasketballPass__000072-000079,0.20568601787090302,0.32474447164898373,0.7151142954826355,0.921600341796875,76,75,local_high_frequency_dominant,0.008104548789560795,0.008626759052276611,0.7963407086801725,0.7963407086801725,moving,5.388766288757324,5.725820064544678,0.03899434581398964,0.00381826376542449,0.061792101157223084,77062.3828125,0.011700916104018688,0.00022008871019352227,0.014835387092810294,0.03582814335823059,0.0033650160767138004,0.058008758620692796,76636.7109375,0.009836682118475437,0.00014292362902779132,0.011955067085875818,0.036783598363399506,0.0035113682970404625,0.05925679958486167,76575.25,0.015157310292124748,0.00041575913201086223,0.020390172437006564,0.033415600657463074,0.0029594788793474436,0.054401092630088264,76779.359375,distributed_or_mixed,ok,/home/cilab/ndquan/videoInpainting/SFU_STC_flow/teacher_flows_512x512/train/Class_D/BasketballPass/000075_000076.npz,BasketballPass,0.29396966099739075,BasketballPass,0
0.3613243103027344,BasketballPass__000072-000079,BasketballPass__000072-000079,0.0562627799808979,0.2763303292979397,0.7351815104484558,0.9227867126464844,77,76,local_high_frequency_dominant,0.0013202071422711015,0.0020598494447767735,0.813779888355097,0.813779888355097,moving,4.195340156555176,4.469332695007324,0.0345524363219738,0.003174679586663842,0.05634429506759173,81185.5234375,0.008755087852478027,0.00014828135317657143,0.012177083114464294,0.03221164271235466,0.0028317002579569817,0.05321372245912685,80961.625,0.006333467084914446,7.39315219107084e-05,0.008598344137722588,0.033310338854789734,0.0030257569160312414,0.05500688062443863,80899.15625,0.012679455801844597,0.00037309282924979925,0.019315611024500346,0.029784850776195526,0.0023863681126385927,0.048850466862033086,80966.71875,distributed_or_mixed,ok,/home/cilab/ndquan/videoInpainting/SFU_STC_flow/teacher_flows_512x512/train/Class_D/BasketballPass/000076_000077.npz,BasketballPass,0.3096981942653656,BasketballPass,0
0.37108612060546875,BasketballPass__000072-000079,BasketballPass__000072-000079,0.17549486458301544,0.300287290278097,0.7103636264801025,0.9132270812988281,78,77,local_high_frequency_dominant,0.005288759246468544,0.006291060708463192,0.789245438113229,0.789245438113229,moving,3.2251474857330322,3.4039206504821777,0.03351179137825966,0.0028574184980243444,0.0534548267046517,86835.203125,0.010204900056123734,0.00018258101772516966,0.013512254353925168,0.031254347413778305,0.002560506109148264,0.05060144374569034,86701.5859375,0.0085099833086133,0.00011591450311243534,0.010766359789289755,0.032104283571243286,0.0026816262397915125,0.051784420821242294,86669.46875,0.01259235292673111,0.00032705863122828305,0.018084762404529484,0.029198404401540756,0.0022798441350460052,0.04774771340123007,86735.5859375,distributed_or_mixed,ok,/home/cilab/ndquan/videoInpainting/SFU_STC_flow/teacher_flows_512x512/train/Class_D/BasketballPass/000077_000078.npz,BasketballPass,0.33125001192092896,BasketballPass,0
0.36011505126953125,BasketballPass__000072-000079,BasketballPass__000072-000079,0.048490870743989944,0.31813115469911635,0.6956208348274231,0.912872314453125,79,78,local_high_frequency_dominant,0.001447063754312694,0.001753970398567617,0.7858623933607757,0.7858623933607757,moving,2.5985190868377686,2.8222718238830566,0.0339730829000473,0.002816771622747183,0.05307326655433207,86937.453125,0.011252996511757374,0.00018819168326444924,0.013718297389415686,0.0310509093105793,0.0025345890317112207,0.05034470212158595,86676.5078125,0.009749139659106731,0.00013720216520596296,0.011713332796687839,0.031921762973070145,0.002636513439938426,0.05134699056359999,86575.0078125,0.013548579066991806,0.00030489469645544887,0.01746123410459435,0.029254427179694176,0.0022769940551370382,0.04771785886999791,86744.4375,distributed_or_mixed,ok,/home/cilab/ndquan/videoInpainting/SFU_STC_flow/teacher_flows_512x512/train/Class_D/BasketballPass/000078_000079.npz,BasketballPass,0.3316400647163391,BasketballPass,0
0.36214447021484375,BasketballPass__000078-000085,BasketballPass__000072-000079,0.0843990370631218,0.28588065724992795,0.7348096966743469,0.9083442687988281,80,79,local_high_frequency_dominant,0.0024530591908842325,0.003429603297263384,0.7988811879981607,0.7988811879981607,moving,2.162210702896118,2.3187801837921143,0.03814157471060753,0.003820431884378195,0.061809642325273126,86505.859375,0.010557830333709717,0.00021480116993188858,0.014656096681309405,0.03543432056903839,0.003389187855646014,0.058216731749953246,86092.65625,0.008344167843461037,0.00012391099880915135,0.011131531736879311,0.03660707548260689,0.003599930088967085,0.05999941740523057,85564.515625,0.014376629143953323,0.00046249994193203747,0.02150581181755382,0.03287477046251297,0.0029413816519081593,0.05423450609997439,86156.484375,distributed_or_mixed,ok,/home/cilab/ndquan/videoInpainting/SFU_STC_flow/teacher_flows_512x512/train/Class_D/BasketballPass/000079_000080.npz,BasketballPass,0.32999366521835327,BasketballPass,1
0.3597602844238281,BasketballPass__000078-000085,BasketballPass__000078-000085,0.07112659513950348,0.29813995086662665,0.7148308157920837,0.8990402221679688,81,80,local_high_frequency_dominant,0.0024036054965108633,0.0026995616499334574,0.8070546387190808,0.8070546387190808,moderate,1.677082896232605,1.811053991317749,0.03556405007839203,0.0031967503018677235,0.05653981165398169,88310.0234375,0.00960505660623312,0.00016608674195595086,0.012887464527825125,0.03336048498749733,0.0029058430809527636,0.0539058724162105,88307.328125,0.007486168295145035,8.985267777461559e-05,0.009479065237385783,0.03441833704710007,0.0030394457280635834,0.05513116839015462,88276.640625,0.012859547510743141,0.0003201394574716687,0.017892441350236942,0.031119288876652718,0.002576926490291953,0.05076343654927189,88308.6328125,distributed_or_mixed,ok,/home/cilab/ndquan/videoInpainting/SFU_STC_flow/teacher_flows_512x512/train/Class_D/BasketballPass/000080_000081.npz,BasketballPass,0.3368760049343109,BasketballPass,0
0.365631103515625,BasketballPass__000078-000085,BasketballPass__000078-000085,0.13050150871276855,0.33294465262133066,0.6715691089630127,0.8945159912109375,82,81,local_high_frequency_dominant,0.003927482757717371,0.004721495788544416,0.7754780447599899,0.7754780447599899,moderate,1.264945149421692,1.4016376733779907,0.03375926613807678,0.002667693654075265,0.05164972075505602,88040.3828125,0.009985556825995445,0.00019511031860020012,0.013968189524780945,0.031108783558011055,0.002327563939616084,0.04824483329452061,87734.03125,0.008037008345127106,0.00010400613973615691,0.01019834004807434,0.03236788883805275,0.00249478523619473,0.04994782513978691,87745.4140625,0.013334573246538639,0.000378432625439018,0.019453344839359066,0.028814470395445824,0.002010733587667346,0.04484120412820496,87648.90625,distributed_or_mixed,ok,/home/cilab/ndquan/videoInpainting/SFU_STC_flow/teacher_flows_512x512/train/Class_D/BasketballPass/000081_000082.npz,BasketballPass,0.335847407579422,BasketballPass,0
0.353118896484375,BasketballPass__000078-000085,BasketballPass__000078-000085,0.107485331594944,0.334490219057063,0.6625164151191711,0.8870506286621094,83,82,local_high_frequency_dominant,0.0038618389517068863,0.004237624816596508,0.7994278168597555,0.7994278168597555,moderate,1.1852205991744995,1.261786699295044,0.03690430894494057,0.003147126641124487,0.05609925704610077,88605.34375,0.00988804455846548,0.00017740894691087306,0.013319494994588685,0.03444251790642738,0.0028183350805193186,0.05308799375112341,88368.640625,0.007184584625065327,8.789248386165127e-05,0.009375099138763882,0.03590038791298866,0.002992484485730529,0.05470360578362754,88329.8125,0.01334463618695736,0.00036408062442205846,0.019080896845328273,0.03191221505403519,0.002495351480320096,0.049953493174352645,88360.609375,distributed_or_mixed,ok,/home/cilab/ndquan/videoInpainting/SFU_STC_flow/teacher_flows_512x512/train/Class_D/BasketballPass/000082_000083.npz,BasketballPass,0.3380025625228882,BasketballPass,0
0.3598518371582031,BasketballPass__000078-000085,BasketballPass__000078-000085,0.18968768417835236,0.3678203613033936,0.6379060745239258,0.8889541625976562,84,83,local_high_frequency_dominant,0.005751419812440872,0.007907702587544918,0.764522131003228,0.764522131003228,moderate,1.0636066198349,1.3084436655044556,0.03882269933819771,0.0033271457068622112,0.057681415610768526,88669.1875,0.011915149167180061,0.00027832650812342763,0.01668312045522143,0.035196054726839066,0.002933826996013522,0.05416481326482647,87778.5234375,0.00975072756409645,0.00018575390276964754,0.013629156348418912,0.0364859364926815,0.0031046222429722548,0.05571913713413242,87138.34375,0.01478294376283884,0.00044314019032754004,0.021050895238149375,0.03272732347249985,0.0026188832707703114,0.05117502585021635,88669.171875,distributed_or_mixed,ok,/home/cilab/ndquan/videoInpainting/SFU_STC_flow/teacher_flows_512x512/train/Class_D/BasketballPass/000083_000084.npz,BasketballPass,0.33824610710144043,BasketballPass,0
0.37277984619140625,BasketballPass__000078-000085,BasketballPass__000078-000085,0.2022872269153595,0.35982717041800644,0.6490200161933899,0.8904991149902344,85,84,local_high_frequency_dominant,0.008759450167417526,0.009195350110530853,0.7735703341384476,0.7735703341384476,moderate,0.8705650568008423,0.9754555821418762,0.04195546731352806,0.00397471571341157,0.06304534648498308,89586.40625,0.013804462738335133,0.0002977192052640021,0.01725454158371071,0.037683531641960144,0.0034748800098896027,0.058948112861139185,89322.234375,0.011592266149818897,0.00021182338241487741,0.014554153442054863,0.03907788544893265,0.0036975766997784376,0.060807702635261904,87510.953125,0.016874363645911217,0.0004927654517814517,0.02219832092257096,0.03506917133927345,0.003029008163139224,0.05503642578455858,89362.1875,distributed_or_mixed,ok,/home/cilab/ndquan/videoInpainting/SFU_STC_flow/teacher_flows_512x512/train/Class_D/BasketballPass/000084_000085.npz,BasketballPass,0.3417450189590454,BasketballPass,0
0.381561279296875,BasketballPass__000084-000091,BasketballPass__000078-000085,0.09780684858560562,0.3530515928349244,0.6563110947608948,0.8950920104980469,86,85,local_high_frequency_dominant,0.002897879108786583,0.0032283931504935026,0.7712028430993711,0.7712028430993711,moderate,0.8794093132019043,0.9888436198234558,0.031137729063630104,0.002164543839171529,0.04652465839929971,93254.171875,0.00946122407913208,0.000165155332069844,0.012851277448948178,0.028569728136062622,0.0018764137057587504,0.04331759118139824,92129.65625,0.007636383641511202,9.173197759082541e-05,0.009577681222029965,0.029854444786906242,0.002023617969825864,0.04498464148824423,91676.59375,0.012121161445975304,0.0003121935878880322,0.017669000760881532,0.026243340224027634,0.0016351747326552868,0.04043729383447026,93187.6171875,distributed_or_mixed,ok,/home/cilab/ndquan/videoInpainting/SFU_STC_flow/teacher_flows_512x512/train/Class_D/BasketballPass/000085_000086.npz,BasketballPass,0.3557364344596863,BasketballPass,1
0.3856658935546875,BasketballPass__000084-000091,BasketballPass__000084-000091,0.01736600324511528,0.36161501705025284,0.6646859645843506,0.8902854919433594,87,86,local_high_frequency_dominant,0.0004389194946270436,0.0005670471000485122,0.7408905440496215,0.7408905440496215,moderate,0.7448011636734009,0.9195654988288879,0.030535636469721794,0.002140786498785019,0.04626863407088023,93686.875,0.011448032222688198,0.00021828297758474946,0.014774402782676173,0.026680314913392067,0.0017846844857558608,0.04224552622178899,92997.671875,0.00919061154127121,0.00013504714297596365,0.01162097857221859,0.028167687356472015,0.001946894684806466,0.04412362955159589,92159.3125,0.014256982132792473,0.0003833166847471148,0.019578475036302362,0.02450556866824627,0.0014983012806624174,0.03870789687728355,93674.03125,distributed_or_mixed,ok,/home/cilab/ndquan/videoInpainting/SFU_STC_flow/teacher_flows_512x512/train/Class_D/BasketballPass/000086_000087.npz,BasketballPass,0.35738706588745117,BasketballPass,0
0.3991203308105469,BasketballPass__000084-000091,BasketballPass__000084-000091,0.14757053554058075,0.3305470487057935,0.693877637386322,0.8676681518554688,88,87,local_high_frequency_dominant,0.004405573010444641,0.005236519034951925,0.770198641032398,0.770198641032398,moderate,0.7268342971801758,0.8159011006355286,0.033237274736166,0.0027017523534595966,0.05197838352103302,95415.25,0.010438922792673111,0.000202724157134071,0.014238123371219642,0.029955105856060982,0.002277224324643612,0.04772027163212309,95285.84375,0.008186638355255127,0.00011134405940538272,0.010551969456238144,0.031189803034067154,0.002428085310384631,0.049275605631840094,93339.671875,0.013106515631079674,0.0004210494225844741,0.020519488848031134,0.028095845133066177,0.002029508352279663,0.04505006495311259,95334.75,distributed_or_mixed,ok,/home/cilab/ndquan/videoInpainting/SFU_STC_flow/teacher_flows_512x512/train/Class_D/BasketballPass/000087_000088.npz,BasketballPass,0.3639802932739258,BasketballPass,0
0.419403076171875,BasketballPass__000084-000091,BasketballPass__000084-000091,0.23414921760559082,0.3982474130698238,0.61029452085495,0.8609962463378906,89,88,local_high_frequency_dominant,0.006848058197647333,0.007687982637435198,0.7381635824933481,0.7381635824933481,moderate,0.7623670101165771,0.8474518656730652,0.03063029609620571,0.0019681404810398817,0.04436372934098171,96620.828125,0.011189070530235767,0.00020608566410373896,0.014355684034686015,0.026805736124515533,0.0016379208536818624,0.04047123489198053,96514.7734375,0.009807441383600235,0.00014509668108075857,0.012045608373210486,0.02794766053557396,0.0017651338130235672,0.0420134956058594,94581.15625,0.012953388504683971,0.00031716455123387277,0.017809114274266218,0.02492750808596611,0.0014655510894954205,0.03828251676020557,96527.34375,distributed_or_mixed,ok,/home/cilab/ndquan/videoInpainting/SFU_STC_flow/teacher_flows_512x512/train/Class_D/BasketballPass/000088_000089.npz,BasketballPass,0.3685792088508606,BasketballPass,0
0.4605751037597656,BasketballPass__000084-000091,BasketballPass__000084-000091,0.14170753955841064,0.34072963986325105,0.6640638113021851,0.8658218383789062,90,89,local_high_frequency_dominant,0.004628639202564955,0.004694963339716196,0.7785875672573018,0.7785875672573018,moderate,0.7494038939476013,0.854383111000061,0.030983230099081993,0.0022470438852906227,0.04740299447598878,106833.828125,0.008838621899485588,0.00015984642959665507,0.012643038780161004,0.028366992250084877,0.001976577565073967,0.04445871753744103,106829.0234375,0.007039892021566629,8.935306686908007e-05,0.009452675117080882,0.02943022921681404,0.0021153597626835108,0.04599304037225101,104923.546875,0.011515834368765354,0.0002891506301239133,0.01700442972063201,0.02629675902426243,0.0017455522902309895,0.04177980720672356,106829.1953125,distributed_or_mixed,ok,/home/cilab/ndquan/videoInpainting/SFU_STC_flow/teacher_flows_512x512/train/Class_D/BasketballPass/000089_000090.npz,BasketballPass,0.4075387120246887,BasketballPass,0
0.4763450622558594,BasketballPass__000084-000091,BasketballPass__000084-000091,0.08283119648694992,0.32095642167584615,0.6946743130683899,0.8866729736328125,91,90,local_high_frequency_dominant,0.0023085447028279305,0.0028977335896342993,0.7942777446350598,0.7942777446350598,moderate,0.6395595073699951,0.7375794649124146,0.032741472125053406,0.002601838205009699,0.05100821703421615,113911.296875,0.008663292042911053,0.00015492161037400365,0.012446750996706075,0.030264316126704216,0.002309373812749982,0.04805594461406395,113715.296875,0.0064474232494831085,7.900036871433258e-05,0.008888215159093112,0.03136641904711723,0.0024572196416556835,0.04957035042901839,112681.0,0.011397653259336948,0.0003030721563845873,0.017408967700141997,0.02832021936774254,0.0020719431340694427,0.045518602066292005,113864.2421875,distributed_or_mixed,ok,/home/cilab/ndquan/videoInpainting/SFU_STC_flow/teacher_flows_512x512/train/Class_D/BasketballPass/000090_000091.npz,BasketballPass,0.4345371127128601,BasketballPass,0
0.5424003601074219,BasketballPass__000090-000097,BasketballPass__000084-000091,0.11821401119232178,0.33324978067426997,0.6768110394477844,0.8747177124023438,92,91,local_high_frequency_dominant,0.004098754376173019,0.004263595212250948,0.7481346237793746,0.7481346237793746,moderate,0.6559344530105591,0.802776038646698,0.03379645571112633,0.0027444567531347275,0.05238756296235517,119744.0859375,0.00933514442294836,0.0002577648847363889,0.016055057917565695,0.03150540217757225,0.0022742925211787224,0.0476895431009642,118723.640625,0.007267463952302933,0.0001193056014017202,0.010922710350536638,0.0327003113925457,0.0025127793196588755,0.05012763030164976,118828.75,0.012000266462564468,0.0004960848018527031,0.022272961227746593,0.029425879940390587,0.001983756199479103,0.04453937807692316,119525.34375,distributed_or_mixed,ok,/home/cilab/ndquan/videoInpainting/SFU_STC_flow/teacher_flows_512x512/train/Class_D/BasketballPass/000091_000092.npz,BasketballPass,0.45678743720054626,BasketballPass,1
0.5256729125976562,BasketballPass__000090-000097,BasketballPass__000090-000097,0.26810237765312195,0.42938897625714395,0.5932624340057373,0.8874664306640625,93,92,local_high_frequency_dominant,0.008259765803813934,0.009531720541417599,0.6998627410442151,0.6998627410442151,moderate,0.708268940448761,0.7924448847770691,0.03265032917261124,0.002202043542638421,0.04692593677955104,130290.953125,0.014205928891897202,0.0003200658829882741,0.01789038521072909,0.02760269120335579,0.0017403047531843185,0.041716960018490304,129849.2109375,0.012523320503532887,0.00024019820557441562,0.015498329122018787,0.028912534937262535,0.0018956703133881092,0.04353929619766619,129864.46875,0.016288558021187782,0.00047934611211530864,0.021893974333485198,0.0256339143961668,0.00149537471588701,0.03867007519887969,129825.8828125,distributed_or_mixed,ok,/home/cilab/ndquan/videoInpainting/SFU_STC_flow/teacher_flows_512x512/train/Class_D/BasketballPass/000092_000093.npz,BasketballPass,0.49702054262161255,BasketballPass,0
0.5401687622070312,BasketballPass__000090-000097,BasketballPass__000090-000097,0.13149292767047882,0.3398014440433213,0.6774563193321228,0.8781585693359375,94,93,local_high_frequency_dominant,0.004414720926433802,0.004970199428498745,0.7717910307224263,0.7717910307224263,moderate,0.7818368077278137,0.8819364309310913,0.03534960746765137,0.0029931485187262297,0.0547096748183192,128657.8828125,0.012026430107653141,0.00023006118135526776,0.015167767843531485,0.031753893941640854,0.0026313425041735172,0.05129661298929508,128506.171875,0.009690438397228718,0.00014862854732200503,0.01219133082653428,0.033111557364463806,0.0027728076092898846,0.0526574554008251,128036.359375,0.014908477663993835,0.00037323267315514386,0.01931923065639892,0.029756858944892883,0.002386604668572545,0.04885288802693803,128553.484375,distributed_or_mixed,ok,/home/cilab/ndquan/videoInpainting/SFU_STC_flow/teacher_flows_512x512/train/Class_D/BasketballPass/000093_000094.npz,BasketballPass,0.49079087376594543,BasketballPass,0
0.5379638671875,BasketballPass__000090-000097,BasketballPass__000090-000097,0.26947101950645447,0.412779322803835,0.6249954104423523,0.9205551147460938,95,94,local_high_frequency_dominant,0.009370379149913788,0.010083821602165699,0.7549009200100185,0.7549009200100185,moderate,0.7692305445671082,0.8501971364021301,0.03430567681789398,0.0025477982126176357,0.05047571904012498,133476.515625,0.012633939273655415,0.00023380466154776514,0.01529067237068943,0.030561883002519608,0.0022179395891726017,0.047095005989728905,133271.359375,0.01114899292588234,0.00016770004003774375,0.012949905020414001,0.03154315426945686,0.002321625594049692,0.04818325013995727,133062.921875,0.014849323779344559,0.00034486959339119494,0.01857066486131272,0.02885998599231243,0.0020162679720669985,0.044902872648272724,133469.46875,distributed_or_mixed,ok,/home/cilab/ndquan/videoInpainting/SFU_STC_flow/teacher_flows_512x512/train/Class_D/BasketballPass/000094_000095.npz,BasketballPass,0.5091724991798401,BasketballPass,0
0.5515289306640625,BasketballPass__000090-000097,BasketballPass__000090-000097,0.1296854466199875,0.358797083927576,0.6571726202964783,0.9186363220214844,96,95,local_high_frequency_dominant,0.003316592425107956,0.003845338709652424,0.8078491061582933,0.8078491061582933,moderate,0.9199304580688477,1.013197422027588,0.027774162590503693,0.0017384706297889352,0.04169497127698897,138109.21875,0.00746617466211319,8.958092075772583e-05,0.009464719792879547,0.02583177015185356,0.001583402045071125,0.03979198468374159,138106.671875,0.005598972085863352,4.761089076055214e-05,0.006900064547564185,0.026624605059623718,0.0016543512465432286,0.04067371690100658,137911.734375,0.009876486845314503,0.00016766486805863678,0.012948546947771275,0.02435186132788658,0.0014398485654965043,0.03794533654477852,138109.21875,distributed_or_mixed,ok,/home/cilab/ndquan/videoInpainting/SFU_STC_flow/teacher_flows_512x512/train/Class_D/BasketballPass/000095_000096.npz,BasketballPass,0.52684485912323,BasketballPass,0
0.5519981384277344,BasketballPass__000090-000097,BasketballPass__000090-000097,0.1670312136411667,0.3507963206677411,0.661316990852356,0.9413948059082031,97,96,local_high_frequency_dominant,0.003617208218201995,0.004479028284549713,0.7834836116676902,0.7834836116676902,moderate,1.1272870302200317,1.23656165599823,0.02513064257800579,0.0014375171158462763,0.03791460293668228,142016.578125,0.007730296812951565,9.84484504442662e-05,0.009922119251665251,0.023162629455327988,0.0012891016667708755,0.035904061981492784,142016.46875,0.006612570956349373,6.751578621333465e-05,0.008216799024762298,0.023796861991286278,0.0013408170780166984,0.03661716916989485,141961.84375,0.009475694969296455,0.00015505986812058836,0.012452303727446917,0.02187291719019413,0.0011750588892027736,0.0342791319785489,142016.5625,distributed_or_mixed,ok,/home/cilab/ndquan/videoInpainting/SFU_STC_flow/teacher_flows_512x512/train/Class_D/BasketballPass/000096_000097.npz,BasketballPass,0.5417502522468567,BasketballPass,0
0.5656929016113281,BasketballPass__000096-000103,BasketballPass__000090-000097,0.154252290725708,0.38531472419928825,0.6265706419944763,0.9523963928222656,98,97,local_high_frequency_dominant,0.003604815574362874,0.004029069095849991,0.7790567960037924,0.7790567960037924,moderate,1.2556942701339722,1.3912185430526733,0.024340838193893433,0.0012775072827935219,0.03574223388085196,143666.078125,0.007646295242011547,9.129388490691781e-05,0.009554783352170672,0.022207200527191162,0.0011350595159456134,0.033690644338534304,143009.625,0.006464256905019283,6.197913899086416e-05,0.007872683087160574,0.022986281663179398,0.0011904292041435838,0.034502597063751354,143004.4375,0.009488689713180065,0.00014947167073842138,0.012225860736096309,0.020946908742189407,0.001029298990033567,0.032082689881516586,143008.625,distributed_or_mixed,ok,/home/cilab/ndquan/videoInpainting/SFU_STC_flow/teacher_flows_512x512/train/Class_D/BasketballPass/000097_000098.npz,BasketballPass,0.5480425953865051,BasketballPass,1
0.5715103149414062,BasketballPass__000096-000103,BasketballPass__000096-000103,0.1732284426689148,0.38513545879438593,0.6274405121803284,0.9457969665527344,99,98,local_high_frequency_dominant,0.003925694152712822,0.004842946771532297,0.7676770021798613,0.7676770021798613,moderate,1.590908169746399,1.7334538698196411,0.026185937225818634,0.0014633843675255775,0.0382542071872569,146113.15625,0.008916306309401989,0.00011792351870099083,0.010859259583461059,0.023493314161896706,0.0012875766260549426,0.03588281797817645,144294.875,0.007895859889686108,9.099185263039544e-05,0.0095389649664099,0.024162624031305313,0.00133576150983572,0.03654807121909062,144257.515625,0.01042206957936287,0.00017006168491207063,0.01304077010425652,0.022519929334521294,0.0012033467646688223,0.03468928890405253,146113.15625,distributed_or_mixed,ok,/home/cilab/ndquan/videoInpainting/SFU_STC_flow/teacher_flows_512x512/train/Class_D/BasketballPass/000098_000099.npz,BasketballPass,0.5573774576187134,BasketballPass,0
0.5829505920410156,BasketballPass__000096-000103,BasketballPass__000096-000103,0.10974682122468948,0.35331425846447306,0.6409046649932861,0.9252052307128906,100,99,local_high_frequency_dominant,0.0028096192982047796,0.003402638714760542,0.8201269023909878,0.8201269023909878,moderate,1.8438692092895508,1.9817640781402588,0.029029127210378647,0.001873847795650363,0.04328796363482998,146790.765625,0.006869934964925051,8.312211139127612e-05,0.009117132849272085,0.027449440211057663,0.0017280100146308541,0.041569339838766435,146790.765625,0.005182200111448765,4.0050013922154903e-05,0.006328508032874328,0.027818312868475914,0.0017644374165683985,0.042005207017325824,144088.671875,0.00913573894649744,0.00015570547839161009,0.012478200126284643,0.026159541681408882,0.0016002226620912552,0.0400027831793146,146790.734375,distributed_or_mixed,ok,/home/cilab/ndquan/videoInpainting/SFU_STC_flow/teacher_flows_512x512/train/Class_D/BasketballPass/000099_000100.npz,BasketballPass,0.5599623322486877,BasketballPass,0
0.5708770751953125,BasketballPass__000096-000103,BasketballPass__000096-000103,0.14438092708587646,0.3668094740980762,0.6247957944869995,0.9397964477539062,101,100,local_high_frequency_dominant,0.004761584103107452,0.004851498641073704,0.7865250638981569,0.7865250638981569,moving,2.021596908569336,2.1378867626190186,0.0315132737159729,0.0021349263843148947,0.04620526359966897,147403.1875,0.009004950523376465,0.00014068109157960862,0.011860906018496589,0.029158182442188263,0.0019097084878012538,0.043700211530394835,147403.1875,0.0076024504378438,9.539711754769087e-05,0.009767144800180393,0.029621565714478493,0.001950005884282291,0.04415887095796597,144058.984375,0.011210481636226177,0.00023358014004770666,0.015283328827441574,0.027525098994374275,0.0017325843218713999,0.041624323680648556,147403.1875,distributed_or_mixed,ok,/home/cilab/ndquan/videoInpainting/SFU_STC_flow/teacher_flows_512x512/train/Class_D/BasketballPass/000100_000101.npz,BasketballPass,0.5622985363006592,BasketballPass,0
0.5682220458984375,BasketballPass__000096-000103,BasketballPass__000096-000103,0.1948813796043396,0.3515272909364046,0.6877273321151733,0.9448814392089844,102,101,local_high_frequency_dominant,0.006557375192642212,0.007164222653955221,0.7592720219062792,0.7592720219062792,moving,2.1693127155303955,2.2988038063049316,0.03406370431184769,0.0028158416971564293,0.05306450505899805,145608.53125,0.0119643434882164,0.00024310164735652506,0.015591717267720226,0.031003786250948906,0.0024184079375118017,0.04917731120661033,145608.53125,0.009906377643346786,0.000154511712025851,0.012430274012500731,0.03168381750583649,0.0025815682020038366,0.05080913502514914,142163.40625,0.014493164606392384,0.0004309098294470459,0.020758367697076906,0.029207969084382057,0.002114290604367852,0.045981415858668946,145608.53125,distributed_or_mixed,ok,/home/cilab/ndquan/videoInpainting/SFU_STC_flow/teacher_flows_512x512/train/Class_D/BasketballPass/000101_000102.npz,BasketballPass,0.5554524660110474,BasketballPass,0
0.5771713256835938,BasketballPass__000096-000103,BasketballPass__000096-000103,0.04658260941505432,0.2875433865632408,0.7192676067352295,0.9375991821289062,103,102,local_high_frequency_dominant,0.001454864046536386,0.001759010599926114,0.801327609093168,0.801327609093168,moving,2.317652702331543,2.4736878871917725,0.035635437816381454,0.003302927128970623,0.05747109820571226,147171.21875,0.00955869909375906,0.00018229859415441751,0.013501799663541801,0.03350180760025978,0.00296570872887969,0.05445832102516281,147171.21875,0.006659553851932287,7.710601494181901e-05,0.008781003071507207,0.034483205527067184,0.0031293572392314672,0.05594065819447844,147171.21875,0.012974568642675877,0.00036525094765238464,0.019111539646307532,0.031811054795980453,0.002685658633708954,0.0518233406266805,147171.21875,distributed_or_mixed,ok,/home/cilab/ndquan/videoInpainting/SFU_STC_flow/teacher_flows_512x512/train/Class_D/BasketballPass/000102_000103.npz,BasketballPass,0.5614136457443237,BasketballPass,0
0.5766181945800781,BasketballPass__000102-000109,BasketballPass__000096-000103,0.09467733651399612,0.2927863544298653,0.7191007137298584,0.9363021850585938,104,103,local_high_frequency_dominant,0.0032110586762428284,0.0035760554019361734,0.8147349842441788,0.8147349842441788,moving,2.372861623764038,2.520146608352661,0.03534305468201637,0.003316613147035241,0.05759004381866054,147471.21875,0.00896442960947752,0.00015641056234017015,0.012506420844517033,0.03327697888016701,0.0030249066185206175,0.05499915107090852,147471.21875,0.007041820324957371,8.344630623469129e-05,0.009134894976664554,0.03408382833003998,0.003167141694575548,0.056277363962569785,147471.21875,0.011810807511210442,0.0003161455679219216,0.017780482780901132,0.03151489049196243,0.002702813595533371,0.0519885910131576,147471.21875,distributed_or_mixed,ok,/home/cilab/ndquan/videoInpainting/SFU_STC_flow/teacher_flows_512x512/train/Class_D/BasketballPass/000103_000104.npz,BasketballPass,0.5625580549240112,BasketballPass,1
0.56005859375,BasketballPass__000102-000109,BasketballPass__000102-000109,0.13654962182044983,0.3265766545097198,0.6815158128738403,0.9323310852050781,105,104,local_high_frequency_dominant,0.005216744262725115,0.005439350847154856,0.7740218012397561,0.7740218012397561,moving,2.4051449298858643,2.554154396057129,0.03730294480919838,0.0033509936183691025,0.05788776743293096,144448.8125,0.01217043586075306,0.0002507371245883405,0.01583468106999129,0.03395655006170273,0.002941656392067671,0.05423703893159794,144448.8125,0.010417933575809002,0.0001675290404818952,0.012943300988615508,0.03466613218188286,0.0030700291972607374,0.05540784418528425,141567.875,0.014948353171348572,0.00041435883031226695,0.020355805813385697,0.03210756927728653,0.0026282493490725756,0.051266454422678534,144448.8125,distributed_or_mixed,ok,/home/cilab/ndquan/videoInpainting/SFU_STC_flow/teacher_flows_512x512/train/Class_D/BasketballPass/000104_000105.npz,BasketballPass,0.5510284900665283,BasketballPass,0
0.5707817077636719,BasketballPass__000102-000109,BasketballPass__000102-000109,0.06092207133769989,0.3194089584069019,0.6822308301925659,0.9433441162109375,106,105,local_high_frequency_dominant,0.0021931855008006096,0.00231296569108963,0.7984581430121256,0.7984581430121256,moving,2.354362726211548,2.475356340408325,0.03566101938486099,0.0030833608470857143,0.05552801857698251,144112.078125,0.009752854704856873,0.00017574007506482303,0.013256699252258197,0.03307199105620384,0.0027583197224885225,0.05251970794367122,144023.4375,0.0074469298124313354,9.65800354606472e-05,0.009827514205568324,0.033746689558029175,0.0028830028604716063,0.053693601671629426,141552.921875,0.012547939084470272,0.00033338507637381554,0.018258835570041577,0.031377632170915604,0.0024859122931957245,0.049858923907317984,144112.0625,distributed_or_mixed,ok,/home/cilab/ndquan/videoInpainting/SFU_STC_flow/teacher_flows_512x512/train/Class_D/BasketballPass/000105_000106.npz,BasketballPass,0.5497439503669739,BasketballPass,0
0.5649604797363281,BasketballPass__000102-000109,BasketballPass__000102-000109,0.2022491693496704,0.364162129964399,0.6586974859237671,0.9424285888671875,107,106,local_high_frequency_dominant,0.007190367206931114,0.007971620187163353,0.7664614355048233,0.7664614355048233,moving,2.1128838062286377,2.2981739044189453,0.03662377968430519,0.0030353995971381664,0.05509446067562661,144193.09375,0.012701866216957569,0.00024187662347685546,0.015552383208912243,0.03287730738520622,0.0026052973698824644,0.05104211368940813,143199.4375,0.0106141222640872,0.00016040372429415584,0.01266505919031395,0.034024108201265335,0.002780265174806118,0.05272821990932482,143215.453125,0.0157781969755888,0.00041655899258330464,0.020409776887151527,0.030933240428566933,0.0023146800231188536,0.04811112161568106,143196.390625,distributed_or_mixed,ok,/home/cilab/ndquan/videoInpainting/SFU_STC_flow/teacher_flows_512x512/train/Class_D/BasketballPass/000106_000107.npz,BasketballPass,0.5500530004501343,BasketballPass,0
0.5608634948730469,BasketballPass__000102-000109,BasketballPass__000102-000109,0.1988196223974228,0.37925261417619444,0.6165211200714111,0.9367103576660156,108,107,local_high_frequency_dominant,0.006802221294492483,0.008159050717949867,0.7842013158914016,0.7842013158914016,moving,2.0716142654418945,2.2503161430358887,0.038396190851926804,0.0031129580456763506,0.05579388896354466,143233.140625,0.011060656048357487,0.0002068946632789448,0.014383833399999626,0.0350155383348465,0.0027321644593030214,0.05227011057289836,142994.578125,0.008846631273627281,0.00012855444219894707,0.01133818513691442,0.03642141819000244,0.002895902842283249,0.05381359347119693,143014.28125,0.014704978093504906,0.0003790166520047933,0.019468350007250057,0.0324668325483799,0.0024147459771484137,0.049140064887507155,142986.609375,distributed_or_mixed,ok,/home/cilab/ndquan/videoInpainting/SFU_STC_flow/teacher_flows_512x512/train/Class_D/BasketballPass/000107_000108.npz,BasketballPass,0.5463910698890686,BasketballPass,0
0.5892562866210938,BasketballPass__000102-000109,BasketballPass__000102-000109,0.188424751162529,0.39649970247471034,0.6191484332084656,0.9410476684570312,109,108,local_high_frequency_dominant,0.0054730866104364395,0.007599588017910719,0.7493641353275216,0.7493641353275216,moderate,1.97710120677948,2.0901951789855957,0.03742437809705734,0.002994364593178034,0.05472078757819585,142729.8125,0.013254229910671711,0.0002707024978008121,0.016453039166087587,0.03275556117296219,0.0024198677856475115,0.04919215166718682,141074.53125,0.011294140480458736,0.0001981704554054886,0.014077302845555629,0.03379184380173683,0.002551272278651595,0.05051012055669235,141125.5,0.015968061983585358,0.00040983606595546007,0.02024440826389994,0.03151159733533859,0.0023406618274748325,0.04838038680575872,142508.375,distributed_or_mixed,ok,/home/cilab/ndquan/videoInpainting/SFU_STC_flow/teacher_flows_512x512/train/Class_D/BasketballPass/000108_000109.npz,BasketballPass,0.544471025466919,BasketballPass,0
0.6009979248046875,BasketballPass__000108-000115,BasketballPass__000102-000109,0.17570514976978302,0.3494004605733344,0.66073077917099,0.9245529174804688,110,109,local_high_frequency_dominant,0.005443472880870104,0.006822927854955196,0.7289701393887146,0.7289701393887146,moderate,1.7710847854614258,1.8737331628799438,0.03596204146742821,0.0030265001114457846,0.05501363568648944,151107.796875,0.012594138272106647,0.0003485030320007354,0.018668235910249673,0.032067928463220596,0.0025211097672581673,0.05021065392183383,150783.5,0.010375641286373138,0.0002142131415894255,0.014636022054828474,0.03319348767399788,0.0026607464533299208,0.05158242387994113,150592.078125,0.015209457837045193,0.0005157988634891808,0.02271120568109894,0.03023320995271206,0.0022804485633969307,0.04775404237755094,151056.75,distributed_or_mixed,ok,/home/cilab/ndquan/videoInpainting/SFU_STC_flow/teacher_flows_512x512/train/Class_D/BasketballPass/000109_000110.npz,BasketballPass,0.5764304995536804,BasketballPass,1
0.5932464599609375,BasketballPass__000108-000115,BasketballPass__000108-000115,0.20014001429080963,0.3720561743086694,0.6363527178764343,0.9200172424316406,111,110,local_high_frequency_dominant,0.007139872759580612,0.007878771051764488,0.7457491170000231,0.7457491170000231,moderate,1.448054313659668,1.5649261474609375,0.03625667467713356,0.002963996259495616,0.05444259600253845,152017.09375,0.012489166110754013,0.0002871864417102188,0.01694657610581615,0.03235333785414696,0.0024707254488021135,0.04970639243399297,151685.34375,0.01051805354654789,0.00018707537674345076,0.013677550100198893,0.03353646770119667,0.002650144509971142,0.05147955429071955,151509.296875,0.015436450019478798,0.0004860579501837492,0.02204672198272907,0.030219731852412224,0.002207349520176649,0.04698243842306026,151959.734375,distributed_or_mixed,ok,/home/cilab/ndquan/videoInpainting/SFU_STC_flow/teacher_flows_512x512/train/Class_D/BasketballPass/000110_000111.npz,BasketballPass,0.5798991918563843,BasketballPass,0
0.5725440979003906,BasketballPass__000108-000115,BasketballPass__000108-000115,0.23340600728988647,0.35728912659813816,0.6637971997261047,0.9285812377929688,112,111,local_high_frequency_dominant,0.0075258053839206696,0.009008867666125298,0.7058211170589987,0.7058211170589987,moderate,1.301482915878296,1.4478505849838257,0.03566351160407066,0.0029221833683550358,0.05405722309141523,148528.703125,0.013918282464146614,0.00040609537973068655,0.02015180834889729,0.030856234952807426,0.002337730024009943,0.04835007780769275,148458.3125,0.011740404181182384,0.0002503142168279737,0.01582132158917117,0.03227224573493004,0.0025446596555411816,0.0504446196887357,148495.546875,0.016362935304641724,0.0006153757567517459,0.024806768365745385,0.02860192209482193,0.0020260883029550314,0.04501209063079643,148457.953125,distributed_or_mixed,ok,/home/cilab/ndquan/videoInpainting/SFU_STC_flow/teacher_flows_512x512/train/Class_D/BasketballPass/000111_000112.npz,BasketballPass,0.5665920376777649,BasketballPass,0
0.548004150390625,BasketballPass__000108-000115,BasketballPass__000108-000115,0.2059139460325241,0.309634448574969,0.7104148864746094,0.9396476745605469,113,112,local_high_frequency_dominant,0.006353070493787527,0.007085335906594992,0.6932357376514603,0.6932357376514603,moderate,1.2022910118103027,1.3204814195632935,0.03183257207274437,0.0025925266090780497,0.0509168597723588,141966.3125,0.011640436016023159,0.00039301443030126393,0.01982459155446245,0.027883481234312057,0.002007062314078212,0.04480024904035927,141939.671875,0.009656260721385479,0.00022014784917701036,0.014837380131849771,0.02943427301943302,0.0022216620855033398,0.04713451055758763,141949.296875,0.014262920245528221,0.0006071016541682184,0.024639432910848788,0.025686748325824738,0.001707143965177238,0.04131759873440418,141925.4375,distributed_or_mixed,ok,/home/cilab/ndquan/videoInpainting/SFU_STC_flow/teacher_flows_512x512/train/Class_D/BasketballPass/000112_000113.npz,BasketballPass,0.5415585041046143,BasketballPass,0
0.5330886840820312,BasketballPass__000108-000115,BasketballPass__000108-000115,0.3011239469051361,0.3981975194157876,0.6662096977233887,0.8940544128417969,114,113,local_high_frequency_dominant,0.012980807572603226,0.014745914377272129,0.7081900265461973,0.7081900265461973,moderate,1.0145912170410156,1.1088281869888306,0.04467510059475899,0.004643450025469065,0.06814286481700828,138008.015625,0.020133493468165398,0.0006490835221484303,0.025477117618530366,0.037327397614717484,0.003822961589321494,0.06183010261451532,137787.828125,0.018278978765010834,0.0004930486320517957,0.022204698422896803,0.038021594285964966,0.003928776364773512,0.0626799518568219,136969.671875,0.022337447851896286,0.0008328032563440502,0.028858330796219835,0.035209719091653824,0.0034764623269438744,0.058961532603417584,137797.78125,distributed_or_mixed,ok,/home/cilab/ndquan/videoInpainting/SFU_STC_flow/teacher_flows_512x512/train/Class_D/BasketballPass/000113_000114.npz,BasketballPass,0.5264587998390198,BasketballPass,0
0.5237083435058594,BasketballPass__000108-000115,BasketballPass__000108-000115,0.3507162034511566,0.4676752553129679,0.6328084468841553,0.8776473999023438,115,114,local_high_frequency_dominant,0.015689386054873466,0.01717536151409149,0.6707594503321205,0.6707594503321205,moderate,0.9171899557113647,0.958355188369751,0.0444960743188858,0.0042419107630848885,0.06512995288716927,134235.34375,0.022119568660855293,0.0007737590349279344,0.02781652449404732,0.03577448055148125,0.003211535280570388,0.056670409214777936,133960.78125,0.019411427900195122,0.0005121964495629072,0.02263175754471816,0.03559831902384758,0.002997267059981823,0.054747301851158135,131728.25,0.024448083713650703,0.0010222155833616853,0.031972106332890944,0.03316054865717888,0.002829932374879718,0.053197108707896124,134071.515625,distributed_or_mixed,ok,/home/cilab/ndquan/videoInpainting/SFU_STC_flow/teacher_flows_512x512/train/Class_D/BasketballPass/000114_000115.npz,BasketballPass,0.5120671987533569,BasketballPass,0
0.521942138671875,BasketballPass__000114-000121,BasketballPass__000108-000115,0.44076278805732727,0.5258499950790755,0.5944862961769104,0.8861351013183594,116,115,local_high_frequency_dominant,0.02040993981063366,0.024334702640771866,0.6531889915503931,0.6531889915503931,moderate,0.7727084755897522,0.828803300857544,0.04934489354491234,0.004980158060789108,0.07057023494922705,132003.09375,0.025779712945222855,0.000950068118982017,0.030823175030843548,0.037427421659231186,0.0033701304346323013,0.05805282451898703,130860.234375,0.024375932291150093,0.0008233922999352217,0.02869481311901546,0.037699051201343536,0.00322671583853662,0.0568041885650752,129970.6015625,0.02815302088856697,0.0012916765408590436,0.03593990179256259,0.035749416798353195,0.003255145624279976,0.05705388351619876,131806.25,distributed_or_mixed,ok,/home/cilab/ndquan/videoInpainting/SFU_STC_flow/teacher_flows_512x512/train/Class_D/BasketballPass/000115_000116.npz,BasketballPass,0.5035518407821655,BasketballPass,1
0.5186233520507812,BasketballPass__000114-000121,BasketballPass__000114-000121,0.4099618196487427,0.47399927164577704,0.6270691156387329,0.8952102661132812,117,116,local_high_frequency_dominant,0.01761935092508793,0.020331472158432007,0.6670644823232214,0.6670644823232214,moderate,0.833653450012207,0.8707927465438843,0.04467189684510231,0.004332763142883778,0.06582372781059864,131764.0,0.02187483012676239,0.0006791861960664392,0.02606120097129906,0.033963948488235474,0.002726492006331682,0.05221582141776267,129691.171875,0.020666349679231644,0.0005645625642500818,0.023760525336155382,0.0349481999874115,0.0028072723653167486,0.05298369905279121,129294.53125,0.02451770380139351,0.0010753562673926353,0.03279262519824595,0.033404938876628876,0.0028405175544321537,0.0532965060246181,131550.46875,distributed_or_mixed,ok,/home/cilab/ndquan/videoInpainting/SFU_STC_flow/teacher_flows_512x512/train/Class_D/BasketballPass/000116_000117.npz,BasketballPass,0.5026397705078125,BasketballPass,0
0.5115165710449219,BasketballPass__000114-000121,BasketballPass__000114-000121,0.13329046964645386,0.3297437971746713,0.6784104108810425,0.900146484375,118,117,local_high_frequency_dominant,0.0035243246238678694,0.004008467309176922,0.7662384017466278,0.7662384017466278,moderate,0.5347023010253906,0.7402330040931702,0.028056127950549126,0.0018933077808469534,0.04351215670185694,131071.03125,0.00889471173286438,0.00014274482964538038,0.01194758677078264,0.02494230307638645,0.0015337051590904593,0.0391625479136695,130009.5,0.007579592056572437,8.657515718368813e-05,0.009304577216815825,0.025380661711096764,0.0015133124543353915,0.03890131687148125,129377.671875,0.011243347078561783,0.0002628382353577763,0.016212286555504017,0.023910440504550934,0.001462797517888248,0.03824653602469442,131058.0,distributed_or_mixed,ok,/home/cilab/ndquan/videoInpainting/SFU_STC_flow/teacher_flows_512x512/train/Class_D/BasketballPass/000117_000118.npz,BasketballPass,0.4999963045120239,BasketballPass,0
0.5052757263183594,BasketballPass__000114-000121,BasketballPass__000114-000121,0.09290394932031631,0.3188265412025185,0.6815711855888367,0.8816680908203125,119,118,local_high_frequency_dominant,0.002304782858118415,0.0024149352684617043,0.7964038333499388,0.7964038333499388,static,0.4518234133720398,0.5784773826599121,0.024427659809589386,0.0014408144634217024,0.03795806190286462,130026.6015625,0.00609834399074316,7.1121467044577e-05,0.008433354436081588,0.02171487733721733,0.001088248798623681,0.032988616197465466,128522.609375,0.004321887623518705,3.136234590783715e-05,0.005600209452139906,0.022571338340640068,0.001172669231891632,0.034244258378473204,128645.609375,0.0087386230006814,0.00020400148059707135,0.014282908688256442,0.020896555855870247,0.0010736268013715744,0.03276624484696979,129860.6015625,distributed_or_mixed,ok,/home/cilab/ndquan/videoInpainting/SFU_STC_flow/teacher_flows_512x512/train/Class_D/BasketballPass/000118_000119.npz,BasketballPass,0.4960121214389801,BasketballPass,0
0.5043754577636719,BasketballPass__000114-000121,BasketballPass__000114-000121,0.28830164670944214,0.3922703510082151,0.6504951119422913,0.8940200805664062,120,119,local_high_frequency_dominant,0.007363824639469385,0.009348833933472633,0.7308584488763412,0.7308584488763412,static,0.39830636978149414,0.4963388741016388,0.02970777079463005,0.0020080048125237226,0.04481076670314538,128483.921875,0.0111200837418437,0.00020464083354454488,0.014305272927999133,0.02533610910177231,0.0015090281376615167,0.038846211368182566,126973.2578125,0.009675389155745506,0.00014530131011269987,0.012054099307401606,0.02642694115638733,0.001631709630601108,0.040394425736741305,127082.3203125,0.013789304532110691,0.0003758863895200193,0.01938778970176898,0.023911267518997192,0.0014036772772669792,0.03746568132660848,128415.828125,distributed_or_mixed,ok,/home/cilab/ndquan/videoInpainting/SFU_STC_flow/teacher_flows_512x512/train/Class_D/BasketballPass/000119_000120.npz,BasketballPass,0.4901272654533386,BasketballPass,0
0.5064811706542969,BasketballPass__000114-000121,BasketballPass__000114-000121,0.15522882342338562,0.29808571674235734,0.7311691045761108,0.9135246276855469,121,120,local_high_frequency_dominant,0.0038148844614624977,0.0046579549089074135,0.7255386408584612,0.7255386408584612,static,0.45726320147514343,0.5093636512756348,0.027971886098384857,0.0020877583883702755,0.04569199479526228,127859.8203125,0.010793429799377918,0.00021716869377996773,0.014736644590271143,0.024096395820379257,0.001517595024779439,0.03895632201298576,126065.984375,0.00995082687586546,0.00016336028056684881,0.012781247222663711,0.024853646755218506,0.0016275313682854176,0.04034267428276685,126185.65625,0.012762666679918766,0.00037770552444271743,0.019434647525559023,0.02302483655512333,0.001475697848945856,0.03841481288443113,127781.6796875,distributed_or_mixed,ok,/home/cilab/ndquan/videoInpainting/SFU_STC_flow/teacher_flows_512x512/train/Class_D/BasketballPass/000120_000121.npz,BasketballPass,0.4877465069293976,BasketballPass,0
0.5173187255859375,BasketballPass__000120-000127,BasketballPass__000114-000121,0.14810046553611755,0.3261178469379875,0.7041659355163574,0.9193191528320312,122,121,local_high_frequency_dominant,0.00301282643340528,0.0036589240189641714,0.7294763228506881,0.7294763228506881,static,0.4481523334980011,0.5649089813232422,0.023180555552244186,0.0013185091083869338,0.03631128073184604,129429.078125,0.008292408660054207,0.00012806840823031962,0.011316731340379148,0.019347159191966057,0.000931223330553621,0.03051595206697017,127024.5078125,0.0073205470107495785,8.842811803333461e-05,0.009403622601600652,0.020089035853743553,0.000995037378743291,0.03154421307852347,127157.9296875,0.010446019470691681,0.00024837322416715324,0.015759861172204317,0.01858220063149929,0.0009060048614628613,0.030099914642119193,128384.71875,distributed_or_mixed,ok,/home/cilab/ndquan/videoInpainting/SFU_STC_flow/teacher_flows_512x512/train/Class_D/BasketballPass/000121_000122.npz,BasketballPass,0.493732750415802,BasketballPass,1
0.5342445373535156,BasketballPass__000120-000127,BasketballPass__000120-000127,0.12815134227275848,0.352027876242728,0.6702383756637573,0.9196395874023438,123,122,local_high_frequency_dominant,0.003050153376534581,0.003329741768538952,0.7383865822581294,0.7383865822581294,static,0.36408933997154236,0.44466298818588257,0.0241575688123703,0.0013621201505884528,0.0369069119622389,132895.4375,0.009246422909200191,0.0001270926877623424,0.011273539273996538,0.020360521972179413,0.0010124372784048319,0.03181881956334697,129262.9765625,0.00818180013448,9.206878166878596e-05,0.009595247869064455,0.021133363246917725,0.0010899275075644255,0.03301405015390304,129210.0390625,0.011216627433896065,0.00022501756029669195,0.01500058533180262,0.019671548157930374,0.000988199608400464,0.031435642325240695,132715.8125,distributed_or_mixed,ok,/home/cilab/ndquan/videoInpainting/SFU_STC_flow/teacher_flows_512x512/train/Class_D/BasketballPass/000122_000123.npz,BasketballPass,0.5069558620452881,BasketballPass,0
0.5436897277832031,BasketballPass__000120-000127,BasketballPass__000120-000127,0.08512663096189499,0.3269241927529084,0.6945346593856812,0.9197578430175781,124,123,local_high_frequency_dominant,0.0016815656563267112,0.0021097802091389894,0.7692736545695755,0.7692736545695755,static,0.26306360960006714,0.34353089332580566,0.023035788908600807,0.0013196849031373858,0.03632746761250206,137761.296875,0.006705501116812229,9.49638124438934e-05,0.009744937785532209,0.020748449489474297,0.001055663451552391,0.03249097492462162,136225.765625,0.005495372693985701,5.609374420600943e-05,0.0074895757026689725,0.021445905789732933,0.0011235817801207304,0.033519871421601996,136285.0,0.008947493508458138,0.0001920944341691211,0.013859813641211815,0.019927015528082848,0.0010112838353961706,0.03180068922831973,137613.640625,distributed_or_mixed,ok,/home/cilab/ndquan/videoInpainting/SFU_STC_flow/teacher_flows_512x512/train/Class_D/BasketballPass/000123_000124.npz,BasketballPass,0.5255176424980164,BasketballPass,0
0.5595779418945312,BasketballPass__000120-000127,BasketballPass__000120-000127,0.11053069680929184,0.3113803966234384,0.7073996067047119,0.9145545959472656,125,124,local_high_frequency_dominant,0.0027425435837358236,0.002816887339577079,0.7907271466526101,0.7907271466526101,static,0.2771203815937042,0.3499701917171478,0.023848731070756912,0.0014558716211467981,0.038155885799530304,138655.59375,0.006506261881440878,8.150872599799186e-05,0.00902821831802886,0.021518666297197342,0.0011636747512966394,0.03411267728127828,137174.25,0.004555664956569672,3.348247992107645e-05,0.005786404749157844,0.021874751895666122,0.0012102792970836163,0.034789068643521,133267.234375,0.00892600417137146,0.00018764006381388754,0.013698177390218289,0.02076292596757412,0.0011232215911149979,0.0335144982226349,138592.21875,distributed_or_mixed,ok,/home/cilab/ndquan/videoInpainting/SFU_STC_flow/teacher_flows_512x512/train/Class_D/BasketballPass/000124_000125.npz,BasketballPass,0.5289291143417358,BasketballPass,0
0.5849609375,BasketballPass__000120-000127,BasketballPass__000120-000127,0.15615315735340118,0.2742119015509103,0.7450053095817566,0.931854248046875,126,125,local_high_frequency_dominant,0.004433961119502783,0.00457316217944026,0.7250411467448342,0.7250411467448342,static,0.34990933537483215,0.36772823333740234,0.027327701449394226,0.00208720238879323,0.04568591017801035,142232.46875,0.009206472896039486,0.00020094831415917724,0.014175623942499929,0.023498745635151863,0.0013972504530102015,0.03737981344268857,141069.109375,0.0075052534230053425,0.0001048632911988534,0.010240277886798453,0.023792309686541557,0.0013993545435369015,0.03740794759856388,136330.140625,0.01202583871781826,0.000437581300502643,0.020918444026806655,0.022452687844634056,0.0013500982895493507,0.03674368366875252,142162.125,distributed_or_mixed,ok,/home/cilab/ndquan/videoInpainting/SFU_STC_flow/teacher_flows_512x512/train/Class_D/BasketballPass/000125_000126.npz,BasketballPass,0.5425738096237183,BasketballPass,0
0.6089324951171875,BasketballPass__000120-000127,BasketballPass__000120-000127,0.43286505341529846,0.5135913015669972,0.5938581824302673,0.9330787658691406,127,126,local_high_frequency_dominant,0.023604145273566246,0.026044361293315887,0.634885361219101,0.634885361219101,static,0.3820040225982666,0.28266438841819763,0.054487310349941254,0.0059234932996332645,0.07696423389882644,146987.78125,0.030199401080608368,0.001350817154161632,0.036753464519166515,0.041065916419029236,0.004084404092282057,0.06390934276208805,145617.46875,0.028667008504271507,0.0011590415379032493,0.03404469911606283,0.04238301143050194,0.004294690676033497,0.06553388952315814,141667.640625,0.03259076550602913,0.001724841771647334,0.04153121442538533,0.03821757435798645,0.0035910808946937323,0.059925628029197424,146773.5625,distributed_or_mixed,ok,/home/cilab/ndquan/videoInpainting/SFU_STC_flow/teacher_flows_512x512/train/Class_D/BasketballPass/000126_000127.npz,BasketballPass,0.5607138872146606,BasketballPass,0
0.6100578308105469,BasketballPass__000126-000133,BasketballPass__000120-000127,0.3709656298160553,0.4470179808928169,0.6408043503761292,0.9219169616699219,128,127,local_high_frequency_dominant,0.019213693216443062,0.021035833284258842,0.6261453312798302,0.6261453312798302,static,0.374051570892334,0.25314226746559143,0.051763035356998444,0.005748720373958349,0.0758203163667783,150936.546875,0.02701309323310852,0.0014228844083845615,0.03772114007270408,0.04062017425894737,0.00399129930883646,0.06317673075457815,149535.96875,0.023034242913126945,0.0008015109924599528,0.02831096947227263,0.04018938168883324,0.0037984272930771112,0.06163138237194677,142333.4375,0.029716117307543755,0.001736699603497982,0.04167372797696388,0.0376833975315094,0.0034697633236646652,0.058904696957582804,150748.890625,distributed_or_mixed,ok,/home/cilab/ndquan/videoInpainting/SFU_STC_flow/teacher_flows_512x512/train/Class_D/BasketballPass/000127_000128.npz,BasketballPass,0.5757772326469421,BasketballPass,1
0.6104621887207031,BasketballPass__000126-000133,BasketballPass__000126-000133,0.3499722182750702,0.42448477798194245,0.6309892535209656,0.9229393005371094,129,128,local_high_frequency_dominant,0.010142399929463863,0.011358656920492649,0.7162389987196873,0.7162389987196873,static,0.33962833881378174,0.28099530935287476,0.029595306143164635,0.0019089494599029422,0.04369152617960309,151347.8125,0.01258943509310484,0.00023575541854370385,0.015354328983830712,0.02509923093020916,0.0015020078280940652,0.03875574574297423,149971.96875,0.011047492735087872,0.00017169234342873096,0.013103142502038622,0.024641485884785652,0.0013895989395678043,0.03727732473726896,142697.84375,0.014623619616031647,0.0003832044603768736,0.01957560881241944,0.023406242951750755,0.0012937573483213782,0.03596883857342878,151168.8125,distributed_or_mixed,ok,/home/cilab/ndquan/videoInpainting/SFU_STC_flow/teacher_flows_512x512/train/Class_D/BasketballPass/000128_000129.npz,BasketballPass,0.5773460865020752,BasketballPass,0
0.6398887634277344,BasketballPass__000126-000133,BasketballPass__000126-000133,0.4194529950618744,0.542722378139331,0.5390859842300415,0.92498779296875,130,129,local_high_frequency_dominant,0.022995060309767723,0.02638993039727211,0.6533416655504285,0.6533416655504285,static,0.33645734190940857,0.4587770700454712,0.056763291358947754,0.00597704853862524,0.07731137392793663,152865.921875,0.028808923438191414,0.0011994987726211548,0.03463378080171373,0.04431939125061035,0.004260663408786058,0.06527375742812772,152377.921875,0.0263788104057312,0.0009986128425225616,0.03160083610480206,0.04527317360043526,0.004457011353224516,0.06676085195100881,145594.375,0.03202031925320625,0.0015533410478383303,0.03941244787929735,0.04087940976023674,0.003683633403852582,0.060692943608401315,152461.421875,distributed_or_mixed,ok,/home/cilab/ndquan/videoInpainting/SFU_STC_flow/teacher_flows_512x512/train/Class_D/BasketballPass/000129_000130.npz,BasketballPass,0.5831372141838074,BasketballPass,0
0.6876449584960938,BasketballPass__000126-000133,BasketballPass__000126-000133,0.34612777829170227,0.4606927436144184,0.5862929224967957,0.9219589233398438,131,130,local_high_frequency_dominant,0.017626019194722176,0.019020523875951767,0.7096467316930761,0.7096467316930761,static,0.19722019135951996,0.2729385793209076,0.05042978376150131,0.005000869743525982,0.07071682786668235,158886.1875,0.02165122516453266,0.0006578161264769733,0.02564792635822579,0.04292707517743111,0.003929483704268932,0.06268559407287237,158521.8125,0.019785361364483833,0.0005151408258825541,0.022696713988649416,0.043708086013793945,0.00405843835324049,0.0637058737734637,154912.71875,0.024626292288303375,0.0009305526036769152,0.030504960312659236,0.03968510031700134,0.003407792653888464,0.05837630216011001,158470.9375,distributed_or_mixed,ok,/home/cilab/ndquan/videoInpainting/SFU_STC_flow/teacher_flows_512x512/train/Class_D/BasketballPass/000130_000131.npz,BasketballPass,0.606102705001831,BasketballPass,0
0.6295356750488281,BasketballPass__000126-000133,BasketballPass__000126-000133,0.22946558892726898,0.3809280661552257,0.6344692707061768,0.9365386962890625,132,131,local_high_frequency_dominant,0.008648532442748547,0.010730485431849957,0.7464542106484126,0.7464542106484126,static,0.11725389957427979,0.281939834356308,0.043658722192049026,0.004102067556232214,0.06404738524118073,160569.203125,0.016147730872035027,0.00040103576611727476,0.020025877411920676,0.03843441978096962,0.003475975012406707,0.05895739998004243,159506.59375,0.013806036673486233,0.00028006493812426925,0.01673514081578847,0.03949792683124542,0.0036325971595942974,0.06027103084894349,156721.09375,0.019256718456745148,0.0006355337100103498,0.02520979393034282,0.0358809232711792,0.003087915712967515,0.055569017563454504,160457.796875,distributed_or_mixed,ok,/home/cilab/ndquan/videoInpainting/SFU_STC_flow/teacher_flows_512x512/train/Class_D/BasketballPass/000131_000132.npz,BasketballPass,0.6125229001045227,BasketballPass,0
0.5551376342773438,BasketballPass__000126-000133,BasketballPass__000126-000133,0.12222537398338318,0.36903902255856275,0.6290133595466614,0.9259529113769531,133,132,local_high_frequency_dominant,0.004676174838095903,0.005775539670139551,0.7672463385209636,0.7672463385209636,static,0.1600876748561859,0.43221986293792725,0.044414542615413666,0.004252059385180473,0.06520781690242722,138457.25,0.01448795385658741,0.0003348912578076124,0.018300034366295938,0.03965034335851669,0.0036389862652868032,0.060324010686349454,138195.71875,0.011729084886610508,0.00020042284450028092,0.01415707754094329,0.04109844192862511,0.003862454555928707,0.06214864886647744,135063.546875,0.018413320183753967,0.0005912696360610425,0.024316036602642352,0.03662145510315895,0.003208105219528079,0.05664013788408428,138154.625,distributed_or_mixed,ok,/home/cilab/ndquan/videoInpainting/SFU_STC_flow/teacher_flows_512x512/train/Class_D/BasketballPass/000132_000133.npz,BasketballPass,0.528172492980957,BasketballPass,0
0.5282020568847656,BasketballPass__000132-000139,BasketballPass__000126-000133,0.18180504441261292,0.37101550641388137,0.6328940987586975,0.9106483459472656,134,133,local_high_frequency_dominant,0.005889030639082193,0.0069521223194897175,0.7492071794684918,0.7492071794684918,static,0.13180463016033173,0.1548161655664444,0.03598834201693535,0.0027997298166155815,0.052912473166688984,134370.53125,0.012087034992873669,0.00026356152375228703,0.016234578028156046,0.03231857344508171,0.0023520994000136852,0.048498447397970226,134370.53125,0.00832321960479021,0.00011493801139295101,0.010720914671470481,0.032999321818351746,0.0024101403541862965,0.04909318032258958,130857.6484375,0.015893174335360527,0.0004789973609149456,0.021886008336719276,0.029575692489743233,0.0019898386672139168,0.044607607727986456,134330.03125,distributed_or_mixed,ok,/home/cilab/ndquan/videoInpainting/SFU_STC_flow/teacher_flows_512x512/train/Class_D/BasketballPass/000133_000134.npz,BasketballPass,0.5125828981399536,BasketballPass,1
0.5115776062011719,BasketballPass__000132-000139,BasketballPass__000132-000139,0.0958704799413681,0.3776794432647747,0.6023995280265808,0.9178352355957031,135,134,local_high_frequency_dominant,0.001798491459339857,0.0029889559373259544,0.7552617649017405,0.7552617649017405,static,0.07670252025127411,0.1305171251296997,0.029543237760663033,0.0017821122892200947,0.042215071825357525,128956.375,0.009393835440278053,0.00015950131637509912,0.012629383055996802,0.026975691318511963,0.0015189924743026495,0.038974253992894455,128908.90625,0.007079493720084429,8.573231025366113e-05,0.009259174382938315,0.027473118156194687,0.0015454734675586224,0.03931251031870926,125140.625,0.012254913337528706,0.00028375524561852217,0.016845036230846232,0.02473815344274044,0.0012962940381839871,0.03600408363205467,128955.375,distributed_or_mixed,ok,/home/cilab/ndquan/videoInpainting/SFU_STC_flow/teacher_flows_512x512/train/Class_D/BasketballPass/000134_000135.npz,BasketballPass,0.4919295310974121,BasketballPass,0
0.5331764221191406,BasketballPass__000132-000139,BasketballPass__000132-000139,0.09753302484750748,0.4053452796868669,0.5700759887695312,0.9063873291015625,136,135,local_high_frequency_dominant,0.0021768452133983374,0.003595848800614476,0.7495055983727892,0.7495055983727892,static,0.0725766271352768,0.1826280802488327,0.03486286848783493,0.0023751473054289818,0.04873548302242404,130809.2734375,0.011291081085801125,0.00022678403183817863,0.015059350312619022,0.031717926263809204,0.0020303279161453247,0.04505916018020448,130735.1015625,0.009400778450071812,0.0001517846976639703,0.012320093248996546,0.03258852660655975,0.0021193232387304306,0.046036107988517344,127298.625,0.014053292572498322,0.00036722165532410145,0.019163028344291032,0.029036086052656174,0.0017494745552539825,0.041826720589283384,130805.9609375,distributed_or_mixed,ok,/home/cilab/ndquan/videoInpainting/SFU_STC_flow/teacher_flows_512x512/train/Class_D/BasketballPass/000135_000136.npz,BasketballPass,0.4989977777004242,BasketballPass,0
0.4870147705078125,BasketballPass__000132-000139,BasketballPass__000132-000139,0.1017378494143486,0.33653621941511813,0.6641756296157837,0.9033088684082031,137,136,local_high_frequency_dominant,0.003655633656308055,0.0038391391281038523,0.752483673775268,0.752483673775268,static,0.07066132873296738,0.15665268898010254,0.035504795610904694,0.002926492365077138,0.054097064292594824,124338.515625,0.008414237760007381,0.0002708336978685111,0.016457025790479612,0.03333699330687523,0.002503163181245327,0.05003162181306266,124266.328125,0.00565345399081707,6.697726348647848e-05,0.008183963800413493,0.03362841159105301,0.0025407744105905294,0.05040609497462117,118020.90625,0.011419801041483879,0.00044973514741286635,0.021206959881436716,0.031357232481241226,0.002251868136227131,0.04745385270162088,124278.0390625,distributed_or_mixed,ok,/home/cilab/ndquan/videoInpainting/SFU_STC_flow/teacher_flows_512x512/train/Class_D/BasketballPass/000136_000137.npz,BasketballPass,0.47431379556655884,BasketballPass,0
0.4867134094238281,BasketballPass__000132-000139,BasketballPass__000132-000139,0.12741205096244812,0.35610744490005125,0.6420519351959229,0.9046859741210938,138,137,local_high_frequency_dominant,0.004852746147662401,0.004905414767563343,0.7586539989260935,0.7586539989260935,static,0.06626442074775696,0.13120952248573303,0.036150168627500534,0.0029096670914441347,0.053941330085975216,124799.625,0.011511964723467827,0.00025355315301567316,0.01592335244273872,0.0331912487745285,0.0025053955614566803,0.05005392653385626,124686.578125,0.009691505692899227,0.00014475968782790005,0.012031612021167407,0.03437337279319763,0.002684088656678796,0.05180819101916989,122064.6484375,0.014226689003407955,0.000430922897066921,0.020758682450168195,0.031001314520835876,0.002223906572908163,0.047158313931990437,124679.3359375,distributed_or_mixed,ok,/home/cilab/ndquan/videoInpainting/SFU_STC_flow/teacher_flows_512x512/train/Class_D/BasketballPass/000137_000138.npz,BasketballPass,0.4760727882385254,BasketballPass,0
0.4735984802246094,BasketballPass__000132-000139,BasketballPass__000132-000139,0.12124999612569809,0.37501227054088543,0.6368045210838318,0.9076461791992188,139,138,local_high_frequency_dominant,0.003274891758337617,0.004167782608419657,0.7898219095739564,0.7898219095739564,static,0.05275115370750427,0.1044350415468216,0.032195210456848145,0.002267611911520362,0.04761944887879701,122238.90625,0.009174245409667492,0.00014114346413407475,0.011880381480999453,0.029562629759311676,0.001993169542402029,0.04464492739832857,120341.609375,0.006993466522544622,7.403029303532094e-05,0.008604085833795532,0.03027663566172123,0.002070470480248332,0.045502422795366974,117165.9375,0.012284988537430763,0.0002746261307038367,0.016571847534413195,0.027731014415621758,0.0017987246392294765,0.04241137393706406,122105.859375,distributed_or_mixed,ok,/home/cilab/ndquan/videoInpainting/SFU_STC_flow/teacher_flows_512x512/train/Class_D/BasketballPass/000138_000139.npz,BasketballPass,0.4663044214248657,BasketballPass,0
0.444580078125,BasketballPass__000138-000145,BasketballPass__000132-000139,0.06434162706136703,0.37878827566335754,0.6153237819671631,0.9143867492675781,140,139,local_high_frequency_dominant,0.0024622275959700346,0.0025046097580343485,0.780053067673342,0.780053067673342,static,0.03692201152443886,0.06327400356531143,0.03655199334025383,0.0028408500365912914,0.05329962510741789,114513.2734375,0.010388561524450779,0.00019787930068559945,0.014066957762273954,0.03335937485098839,0.002488930942490697,0.04988918662887477,114061.9375,0.008204324170947075,0.00011357733455952257,0.010657266749008517,0.03425970301032066,0.002602245658636093,0.05101221087775057,110875.3671875,0.013546423055231571,0.0003527832159306854,0.018782524216161292,0.031173596158623695,0.0022299312986433506,0.04722214839080652,114464.296875,distributed_or_mixed,ok,/home/cilab/ndquan/videoInpainting/SFU_STC_flow/teacher_flows_512x512/train/Class_D/BasketballPass/000139_000140.npz,BasketballPass,0.4368334710597992,BasketballPass,1
0.4283332824707031,BasketballPass__000138-000145,BasketballPass__000138-000145,0.2711678147315979,0.45160708162639185,0.5841939449310303,0.8890838623046875,141,140,local_high_frequency_dominant,0.015060264617204666,0.015689129009842873,0.7166224752042365,0.7166224752042365,static,0.061809927225112915,0.11546925455331802,0.053220391273498535,0.005643564276397228,0.07512365989751317,110808.40625,0.021874502301216125,0.0007240097038447857,0.026907428413818844,0.04569738358259201,0.004630143288522959,0.06804515624585603,110618.984375,0.01880868524312973,0.0005142636364325881,0.022677381604422238,0.04675360023975372,0.004853119608014822,0.06966433526572131,106558.0859375,0.025526033714413643,0.001079016481526196,0.03284838628496377,0.04229247570037842,0.004011322278529406,0.06333500042258945,110761.5,distributed_or_mixed,ok,/home/cilab/ndquan/videoInpainting/SFU_STC_flow/teacher_flows_512x512/train/Class_D/BasketballPass/000140_000141.npz,BasketballPass,0.42270052433013916,BasketballPass,0
0.420318603515625,BasketballPass__000138-000145,BasketballPass__000138-000145,0.12618336081504822,0.36111732468403984,0.6555807590484619,0.8866310119628906,142,141,local_high_frequency_dominant,0.006202229764312506,0.0063001736998558044,0.7759944495125793,0.7759944495125793,static,0.07224429398775101,0.09930690377950668,0.0464310497045517,0.0049215578474104404,0.07015381562973208,107252.1953125,0.013024210929870605,0.0003537505108397454,0.018808256454008312,0.042460255324840546,0.004245186224579811,0.06515509361960745,106828.796875,0.008930560201406479,0.00013853659038431942,0.01177015676974268,0.043344754725694656,0.004381577484309673,0.06619348521047727,103088.2890625,0.0178773682564497,0.0007121370290406048,0.026685895694928526,0.03933453932404518,0.0037189065478742123,0.060982838142170884,107232.9375,distributed_or_mixed,ok,/home/cilab/ndquan/videoInpainting/SFU_STC_flow/teacher_flows_512x512/train/Class_D/BasketballPass/000141_000142.npz,BasketballPass,0.4091346561908722,BasketballPass,0
0.40566253662109375,BasketballPass__000138-000145,BasketballPass__000138-000145,0.2254544198513031,0.35494624070291725,0.6974598169326782,0.8881874084472656,143,142,local_high_frequency_dominant,0.008512617088854313,0.010262659750878811,0.6801914977336165,0.6801914977336165,static,0.08744165301322937,0.10106214135885239,0.04188419505953789,0.004443315789103508,0.06665820121413049,103769.6875,0.01833210326731205,0.0007204064168035984,0.026840387791602385,0.03625143691897392,0.00325881689786911,0.05708604818928273,103541.3984375,0.015585185028612614,0.0004133751499466598,0.020331629298869773,0.037552185356616974,0.003584971884265542,0.05987463473179224,100101.796875,0.021392066031694412,0.001246067346073687,0.03529967912139836,0.03277233615517616,0.00256356131285429,0.05063162364426298,103674.359375,distributed_or_mixed,ok,/home/cilab/ndquan/videoInpainting/SFU_STC_flow/teacher_flows_512x512/train/Class_D/BasketballPass/000142_000143.npz,BasketballPass,0.39584994316101074,BasketballPass,0
0.4085845947265625,BasketballPass__000138-000145,BasketballPass__000138-000145,0.030825462192296982,0.34712216207796254,0.656866192817688,0.8869285583496094,144,143,local_high_frequency_dominant,0.000751103216316551,0.0010586519492790103,0.788027027420511,0.788027027420511,static,0.059057921171188354,0.07216097414493561,0.032300885766744614,0.002404416212812066,0.04903484692351008,102693.7734375,0.008903022855520248,0.00015302325482480228,0.012370256861714807,0.029717935249209404,0.002114845672622323,0.045987451251643885,102468.90625,0.006053355056792498,6.165722152218223e-05,0.007852211250481116,0.03011358715593815,0.0020765739027410746,0.04556944044796989,98952.53125,0.011902729980647564,0.0002984308230224997,0.01727515044862127,0.027388757094740868,0.0018529248191043735,0.043045613238800226,102635.78125,distributed_or_mixed,ok,/home/cilab/ndquan/videoInpainting/SFU_STC_flow/teacher_flows_512x512/train/Class_D/BasketballPass/000143_000144.npz,BasketballPass,0.3917456567287445,BasketballPass,0
0.3944282531738281,BasketballPass__000138-000145,BasketballPass__000138-000145,0.09927228093147278,0.35137786585306036,0.6506033539772034,0.90380859375,145,144,local_high_frequency_dominant,0.0022136566694825888,0.0031295637600123882,0.7777898625296016,0.7777898625296016,static,0.07191658765077591,0.10803510248661041,0.029596485197544098,0.00199214112944901,0.04463340822129775,101906.5,0.00919077917933464,0.0001428399555152282,0.011951567073619601,0.02718169614672661,0.0017500341637060046,0.04183340965909908,101532.109375,0.00697106821462512,7.40998875699006e-05,0.00860812915620465,0.027388494461774826,0.001703768502920866,0.04127673076832595,98414.109375,0.011894358322024345,0.0002660791215021163,0.016311931875229137,0.025077687576413155,0.0015391722554340959,0.03923228588081627,101796.578125,distributed_or_mixed,ok,/home/cilab/ndquan/videoInpainting/SFU_STC_flow/teacher_flows_512x512/train/Class_D/BasketballPass/000144_000145.npz,BasketballPass,0.38874244689941406,BasketballPass,0
0.4167976379394531,BasketballPass__000142-000149,BasketballPass__000138-000145,0.1523750126361847,0.3874905476936372,0.6114622354507446,0.8986282348632812,146,145,local_high_frequency_dominant,0.00434273574501276,0.005998364184051752,0.7680457583830361,0.7680457583830361,static,0.07595440745353699,0.16599945724010468,0.037084273993968964,0.0028608532156795263,0.053486944347939026,101762.96875,0.011880967766046524,0.00023110619804356247,0.015202177411264561,0.03422430157661438,0.0025338514242321253,0.05033737601655578,101251.296875,0.00988908763974905,0.00015488766075577587,0.012445387127597754,0.03420092537999153,0.0024705827236175537,0.04970495673086894,98172.078125,0.014421324245631695,0.0003604085650295019,0.01898442954185092,0.032084871083498,0.002296990714967251,0.047926930998836666,101669.75,distributed_or_mixed,ok,/home/cilab/ndquan/videoInpainting/SFU_STC_flow/teacher_flows_512x512/train/Class_D/BasketballPass/000145_000146.npz,BasketballPass,0.3881949186325073,BasketballPass,1
0.44338226318359375,BasketballPass__000142-000149,BasketballPass__000142-000149,0.15136484801769257,0.37067423002246164,0.6111735701560974,0.9111518859863281,147,146,local_high_frequency_dominant,0.0051029096357524395,0.006323569919914007,0.765712848313617,0.765712848313617,static,0.07982518523931503,0.16121913492679596,0.039635952562093735,0.0032874704338610172,0.05733646687633462,105012.40625,0.01229450199753046,0.00026909750886261463,0.01640419180766351,0.0360686369240284,0.002874382771551609,0.05361327047990646,104546.5,0.010405884124338627,0.0001911105791805312,0.013824274996560623,0.036824509501457214,0.002967317821457982,0.054473092637172545,100779.6015625,0.014582755044102669,0.00039064991869963706,0.019764865764776575,0.03421573340892792,0.0026374843437224627,0.05135644403307595,104626.3359375,distributed_or_mixed,ok,/home/cilab/ndquan/videoInpainting/SFU_STC_flow/teacher_flows_512x512/train/Class_D/BasketballPass/000146_000147.npz,BasketballPass,0.40059053897857666,BasketballPass,0
0.4817047119140625,BasketballPass__000142-000149,BasketballPass__000142-000149,0.19465167820453644,0.3849098250808027,0.63078373670578,0.9166030883789062,148,147,local_high_frequency_dominant,0.00775590306147933,0.009381216950714588,0.750913055107735,0.750913055107735,static,0.09884599596261978,0.2123158574104309,0.0451677143573761,0.004356334451586008,0.06600253367550377,114115.015625,0.01618235558271408,0.00041155467624776065,0.020286810401040394,0.03994816169142723,0.00374028692021966,0.06115788518432975,113763.953125,0.014042137190699577,0.00028262994601391256,0.016811601530309733,0.0403803251683712,0.0037621937226504087,0.06133672409454558,110700.484375,0.018813155591487885,0.0005793703603558242,0.02407011342631821,0.03791598975658417,0.0034495191648602486,0.05873260733919659,113749.09375,distributed_or_mixed,ok,/home/cilab/ndquan/videoInpainting/SFU_STC_flow/teacher_flows_512x512/train/Class_D/BasketballPass/000147_000148.npz,BasketballPass,0.43531423807144165,BasketballPass,0
0.501983642578125,BasketballPass__000142-000149,BasketballPass__000142-000149,0.2833119332790375,0.3586392864550923,0.6713058352470398,0.916900634765625,149,148,local_high_frequency_dominant,0.015287521295249462,0.017037875950336456,0.6436090874259778,0.6436090874259778,static,0.08487524092197418,0.17137549817562103,0.056113988161087036,0.007059607654809952,0.08402147139160294,115639.40625,0.026165960356593132,0.0015568950911983848,0.03945750994675646,0.04601435735821724,0.005077505949884653,0.07125662039336873,115212.9375,0.022138675674796104,0.0008125256281346083,0.028504835171153126,0.0471256822347641,0.0052118306048214436,0.07219300939025498,111201.578125,0.02937030792236328,0.0020214219111949205,0.044960225880159015,0.04295056313276291,0.004513671156018972,0.06718386082995657,115639.40625,distributed_or_mixed,ok,/home/cilab/ndquan/videoInpainting/SFU_STC_flow/teacher_flows_512x512/train/Class_D/BasketballPass/000148_000149.npz,BasketballPass,0.44112932682037354,BasketballPass,0
