bg_current_fraction,clip_current,clip_previous,directional_coherence,energy_support90_fraction,energy_top10_fraction,flow_valid_fraction,frame_current,frame_previous,frequency_diagnosis,global_dc_l1,global_dc_rmse,local_frequency_share,local_rmse_share,motion_band,motion_mean_px,motion_p90_px,raw_temporal_l1,raw_temporal_mse,raw_temporal_rmse,raw_weight,sigma_16_coarse_l1,sigma_16_coarse_mse,sigma_16_coarse_rmse,sigma_16_local_l1,sigma_16_local_mse,sigma_16_local_rmse,sigma_16_weight,sigma_32_coarse_l1,sigma_32_coarse_mse,sigma_32_coarse_rmse,sigma_32_local_l1,sigma_32_local_mse,sigma_32_local_rmse,sigma_32_weight,sigma_8_coarse_l1,sigma_8_coarse_mse,sigma_8_coarse_rmse,sigma_8_local_l1,sigma_8_local_mse,sigma_8_local_rmse,sigma_8_weight,spatial_scope_diagnosis,status,teacher_flow,unit_id,valid_coverage,video,window_boundary
0.9725074768066406,ParkScene__000000-000007,ParkScene__000000-000007,0.05997214466333389,0.27327404513442655,0.7180116772651672,0.9949073791503906,1,0,local_high_frequency_dominant,0.0016712864162400365,0.0017927009612321854,0.9173173378211398,0.9173173378211398,moderate,0.7442593574523926,1.9683421850204468,0.027606593444943428,0.002092489041388035,0.04574373226342637,252856.0,0.0032379126641899347,1.6746345863793977e-05,0.004092229937796015,0.027187442407011986,0.0020612485241144896,0.04540097492471378,252856.0,0.0023731922265142202,8.606715709902346e-06,0.002933720455309665,0.02740929275751114,0.0020773739088326693,0.04557821748195808,252856.0,0.004528404679149389,3.469637886155397e-05,0.00589036321983237,0.026745418086647987,0.0020231474190950394,0.04497941105767215,252856.0,distributed_or_mixed,ok,/home/cilab/ndquan/videoInpainting/code/BrushNet/examples/brushnet/dataset_test_stc/teacher_flows_512x512/test/Class_B/ParkScene/000000_000001.npz,ParkScene,0.964569091796875,ParkScene,0
0.9741668701171875,ParkScene__000000-000007,ParkScene__000000-000007,0.05324674770236015,0.2666177242568845,0.7215377688407898,0.9951171875,2,1,local_high_frequency_dominant,0.0014190630754455924,0.0016023552743718028,0.9253448312157644,0.9253448312157644,moderate,0.7699428796768188,1.965611457824707,0.027917323634028435,0.002139694755896926,0.046256834693879846,253323.375,0.002920143073424697,1.3760244655713905e-05,0.0037094803754318347,0.02752562426030636,0.00211404194124043,0.04597871182667507,253323.375,0.0021843824069947004,7.43861846785876e-06,0.0027273830805111996,0.027698775753378868,0.00212723296135664,0.04612193579368325,253323.375,0.004155178088694811,2.9182594516896643e-05,0.00540209167979373,0.02713066339492798,0.002078437013551593,0.045589878411239404,253323.375,distributed_or_mixed,ok,/home/cilab/ndquan/videoInpainting/code/BrushNet/examples/brushnet/dataset_test_stc/teacher_flows_512x512/test/Class_B/ParkScene/000001_000002.npz,ParkScene,0.9663519859313965,ParkScene,0
0.9681930541992188,ParkScene__000000-000007,ParkScene__000000-000007,0.08724488317966461,0.2569463135063249,0.7252666354179382,0.994384765625,3,2,local_high_frequency_dominant,0.002527527743950486,0.0026446024421602488,0.920417631103896,0.920417631103896,moderate,0.7267319560050964,2.0266339778900146,0.028250861912965775,0.0022203626576811075,0.04712072429071,252624.0,0.0032777085434645414,1.6390869859606028e-05,0.004048563925592138,0.02782747521996498,0.0021924925968050957,0.046824060020518254,252624.0,0.0028311230707913637,1.0826381185324863e-05,0.0032903466664357516,0.027981506660580635,0.002205369295552373,0.046961359600765105,252624.0,0.0043687112629413605,3.1470921385334805e-05,0.005609894953146164,0.027448978275060654,0.0021564315538853407,0.046437393917890576,252624.0,distributed_or_mixed,ok,/home/cilab/ndquan/videoInpainting/code/BrushNet/examples/brushnet/dataset_test_stc/teacher_flows_512x512/test/Class_B/ParkScene/000002_000003.npz,ParkScene,0.96368408203125,ParkScene,0
0.9700508117675781,ParkScene__000000-000007,ParkScene__000000-000007,0.03096570260822773,0.2475388114308316,0.7381317019462585,0.9943580627441406,4,3,local_high_frequency_dominant,0.0006624729721806943,0.0009336309740319848,0.9320786255550816,0.9320786255550816,moderate,0.7026059031486511,1.9964720010757446,0.028017906472086906,0.002252672566100955,0.047462327862220946,252780.5,0.0026861478108912706,1.18404277600348e-05,0.0034409922638731403,0.027691278606653214,0.0022297673858702183,0.047220412809188976,252780.5,0.001944473828189075,6.044610927347094e-06,0.0024585790463898236,0.027851415798068047,0.002242036396637559,0.04735014674356943,252780.5,0.00391005165874958,2.6094903660123236e-05,0.0051083171064571975,0.02732035703957081,0.0021971974056214094,0.04687427232098019,252780.5,spatially_localized,ok,/home/cilab/ndquan/videoInpainting/code/BrushNet/examples/brushnet/dataset_test_stc/teacher_flows_512x512/test/Class_B/ParkScene/000003_000004.npz,ParkScene,0.9642810821533203,ParkScene,0
0.9819793701171875,ParkScene__000000-000007,ParkScene__000000-000007,0.04458323493599892,0.25877626162464545,0.7248325943946838,0.9940185546875,5,4,local_high_frequency_dominant,0.0014550996711477637,0.0014805688988417387,0.9264703799431125,0.9264703799431125,moderate,0.6705377697944641,2.1096534729003906,0.031034445390105247,0.0026577289681881666,0.051553166422521196,253101.171875,0.003128155367448926,1.6542011508136056e-05,0.004067187173973686,0.030641689896583557,0.0026261936873197556,0.051246401701190256,253101.171875,0.0022860588505864143,8.696379154571332e-06,0.002948962386089611,0.030832437798380852,0.0026426969561725855,0.051407168334509395,253101.171875,0.004567292053252459,3.6008863389724866e-05,0.006000738570353225,0.030163532122969627,0.002580334898084402,0.050796996939626284,253101.171875,distributed_or_mixed,ok,/home/cilab/ndquan/videoInpainting/code/BrushNet/examples/brushnet/dataset_test_stc/teacher_flows_512x512/test/Class_B/ParkScene/000004_000005.npz,ParkScene,0.9655043482780457,ParkScene,0
0.9696121215820312,ParkScene__000000-000007,ParkScene__000000-000007,0.0968368649482727,0.28653382479283873,0.6968478560447693,0.9951744079589844,6,5,local_high_frequency_dominant,0.0032323773484677076,0.0032948264852166176,0.8995521173851054,0.8995521173851054,moderate,0.7628757953643799,2.0499730110168457,0.03171225264668465,0.0025987850967794657,0.05097828063773302,252565.21875,0.0045696585439145565,3.1766732718097046e-05,0.0056361984278498435,0.03096935898065567,0.0025476727169007063,0.05047447589525528,252565.21875,0.003874109825119376,2.0814093659282662e-05,0.004562246558361643,0.031227853149175644,0.00256916880607605,0.05068696879944637,252565.21875,0.005874139256775379,5.587877967627719e-05,0.007475211012157261,0.03042265586555004,0.0024964327458292246,0.04996431472390295,252565.21875,distributed_or_mixed,ok,/home/cilab/ndquan/videoInpainting/code/BrushNet/examples/brushnet/dataset_test_stc/teacher_flows_512x512/test/Class_B/ParkScene/000005_000006.npz,ParkScene,0.963459849357605,ParkScene,0
0.9819793701171875,ParkScene__000000-000007,ParkScene__000000-000007,0.056390199810266495,0.2800589531069238,0.7049610018730164,0.9952735900878906,7,6,local_high_frequency_dominant,0.0017108594765886664,0.0018437090329825878,0.9077040918378312,0.9077040918378312,moderate,0.7106403708457947,2.0548653602600098,0.03048868477344513,0.0024374753702431917,0.04937079470945543,252396.171875,0.003823071951046586,2.4728677090024576e-05,0.004972793690675753,0.029940685257315636,0.002391798421740532,0.04890601621212396,252396.171875,0.002742779441177845,1.1965173143835273e-05,0.003459071138880389,0.0302260871976614,0.0024148691445589066,0.04914131809952707,252396.171875,0.005333472043275833,5.065742880105972e-05,0.007117403234400853,0.0293830968439579,0.0023382508661597967,0.04835546366399351,252396.171875,distributed_or_mixed,ok,/home/cilab/ndquan/videoInpainting/code/BrushNet/examples/brushnet/dataset_test_stc/teacher_flows_512x512/test/Class_B/ParkScene/000006_000007.npz,ParkScene,0.96281498670578,ParkScene,0
0.9707069396972656,ParkScene__000006-000013,ParkScene__000000-000007,0.09393586963415146,0.2941705314602781,0.6896499395370483,0.9929733276367188,8,7,local_high_frequency_dominant,0.0028475371655076742,0.0030266752000898123,0.8944817799352848,0.8944817799352848,moderate,0.7877557873725891,2.1347105503082275,0.029886577278375626,0.0022890809923410416,0.047844341278159966,252469.015625,0.004591973498463631,3.115904110018164e-05,0.005582028403741926,0.0292400810867548,0.0022390931844711304,0.04731905730750699,252469.015625,0.003838922129943967,1.9650802641990595e-05,0.004432922584705332,0.029495039954781532,0.0022599492222070694,0.04753892323356798,252469.015625,0.005796503741294146,5.4368025303119794e-05,0.007373467657969335,0.02868981845676899,0.0021915382239967585,0.04681386785982075,252469.015625,distributed_or_mixed,ok,/home/cilab/ndquan/videoInpainting/code/BrushNet/examples/brushnet/dataset_test_stc/teacher_flows_512x512/test/Class_B/ParkScene/000007_000008.npz,ParkScene,0.9630928635597229,ParkScene,1
0.9728012084960938,ParkScene__000006-000013,ParkScene__000006-000013,0.06464088708162308,0.2697423535920335,0.7187585830688477,0.9934577941894531,9,8,local_high_frequency_dominant,0.00151967687997967,0.0018017695983871818,0.9203723490658049,0.9203723490658049,moderate,0.7799150347709656,2.1714911460876465,0.025827355682849884,0.0018199901096522808,0.042661342098582425,253037.46875,0.0029201118741184473,1.344402971881209e-05,0.0036666101127352073,0.025425994768738747,0.001796092838048935,0.042380335511283236,253037.46875,0.0023160730488598347,7.90932790550869e-06,0.002812352734901632,0.025589492172002792,0.0018077836139127612,0.042518038688452706,253037.46875,0.003988843411207199,2.7035541279474273e-05,0.005199571259197654,0.025056444108486176,0.0017652335809543729,0.042014682921026225,253037.46875,distributed_or_mixed,ok,/home/cilab/ndquan/videoInpainting/code/BrushNet/examples/brushnet/dataset_test_stc/teacher_flows_512x512/test/Class_B/ParkScene/000008_000009.npz,ParkScene,0.9652613401412964,ParkScene,0
0.98443603515625,ParkScene__000006-000013,ParkScene__000006-000013,0.17060677707195282,0.30235159727419547,0.6828830242156982,0.9943466186523438,10,9,local_high_frequency_dominant,0.005791887175291777,0.005877742078155279,0.866317518761163,0.866317518761163,moderate,0.797604501247406,2.112813949584961,0.031978197395801544,0.0025519824121147394,0.050517149683199064,253845.953125,0.006886414252221584,5.894984496990219e-05,0.007677880239356576,0.03045536018908024,0.0024756421335041523,0.04975582512132778,253845.953125,0.00645426893606782,4.904995876131579e-05,0.0070035675738380505,0.030688375234603882,0.002494795946404338,0.04994793235364541,253845.953125,0.007689228281378746,8.114048978313804e-05,0.009007801606559618,0.029923029243946075,0.0024284659884870052,0.04927946822447463,253845.953125,distributed_or_mixed,ok,/home/cilab/ndquan/videoInpainting/code/BrushNet/examples/brushnet/dataset_test_stc/teacher_flows_512x512/test/Class_B/ParkScene/000009_000010.npz,ParkScene,0.9683454632759094,ParkScene,0
0.98443603515625,ParkScene__000006-000013,ParkScene__000006-000013,0.320686399936676,0.3121176415506586,0.6820254325866699,0.9930000305175781,11,10,local_high_frequency_dominant,0.013924580067396164,0.014165444299578667,0.7849326729941402,0.7849326729941402,moderate,0.746055006980896,2.1752729415893555,0.0411703921854496,0.004123376682400703,0.06421352413939531,256303.15625,0.015560069121420383,0.00028583602397702634,0.01690668577743806,0.035992588847875595,0.003807438537478447,0.06170444503825026,256303.15625,0.015012376010417938,0.00026131694903597236,0.016165300771590126,0.036330461502075195,0.0038385260850191116,0.06195583979754541,256303.15625,0.01617557182908058,0.0003208642592653632,0.01791268431211144,0.035410892218351364,0.0037448855582624674,0.06119547007959386,256303.15625,distributed_or_mixed,ok,/home/cilab/ndquan/videoInpainting/code/BrushNet/examples/brushnet/dataset_test_stc/teacher_flows_512x512/test/Class_B/ParkScene/000010_000011.npz,ParkScene,0.9777189493179321,ParkScene,0
0.9825019836425781,ParkScene__000006-000013,ParkScene__000006-000013,0.2188190370798111,0.24932403697215383,0.7356116771697998,0.9936370849609375,12,11,local_high_frequency_dominant,0.008731535635888577,0.008836792781949043,0.8540483758141084,0.8540483758141084,moderate,0.7712340950965881,2.218426465988159,0.03745739907026291,0.003993358928710222,0.06319302911484954,256291.65625,0.009596439078450203,0.00011273986456217244,0.010617903020944034,0.035548463463783264,0.0038603313732892275,0.06213156503170693,256291.65625,0.009182329289615154,0.00010018626926466823,0.010009309130238122,0.03575000539422035,0.00388203258626163,0.06230595947629432,256291.65625,0.01028247456997633,0.00013896603195462376,0.011788385468528917,0.03505208343267441,0.0038031945005059242,0.06167004540703634,256291.65625,spatially_localized,ok,/home/cilab/ndquan/videoInpainting/code/BrushNet/examples/brushnet/dataset_test_stc/teacher_flows_512x512/test/Class_B/ParkScene/000011_000012.npz,ParkScene,0.9776750802993774,ParkScene,0
0.9716415405273438,ParkScene__000006-000013,ParkScene__000006-000013,0.2976117432117462,0.35419763064004256,0.6470533013343811,0.995391845703125,13,12,local_high_frequency_dominant,0.012351260520517826,0.012442970648407936,0.7813665563996368,0.7813665563996368,moderate,0.7099151015281677,2.2884726524353027,0.039194509387016296,0.0034064450301229954,0.05836475846024718,253642.515625,0.01455844845622778,0.0002448461891617626,0.015647561764114006,0.03450910747051239,0.003127301810309291,0.055922283665005054,253642.515625,0.013943581841886044,0.00021926223416812718,0.014807506007701877,0.034907251596450806,0.0031635744962841272,0.056245662021920655,253642.515625,0.015191140584647655,0.00028514486621133983,0.01688623303793181,0.03377065062522888,0.003053533611819148,0.055258787643406984,253642.515625,distributed_or_mixed,ok,/home/cilab/ndquan/videoInpainting/code/BrushNet/examples/brushnet/dataset_test_stc/teacher_flows_512x512/test/Class_B/ParkScene/000012_000013.npz,ParkScene,0.9675694108009338,ParkScene,0
0.9734535217285156,ParkScene__000012-000019,ParkScene__000006-000013,0.031644467264413834,0.2675432017872791,0.7276219129562378,0.99493408203125,14,13,local_high_frequency_dominant,0.0006946860812604427,0.0008513624779880047,0.928457774599195,0.928457774599195,moderate,0.7266969680786133,2.2603657245635986,0.024912286549806595,0.0017161634750664234,0.04142660347007009,253332.6875,0.0023687686771154404,1.0065961760119535e-05,0.0031726899880258606,0.024576961994171143,0.0016953317681327462,0.04117440671257749,253332.6875,0.0015942633617669344,4.434148650034331e-06,0.0021057418289131104,0.02475215494632721,0.0017073488561436534,0.04132007812363928,253332.6875,0.003663179464638233,2.4089553335215896e-05,0.004908110974215629,0.024179866537451744,0.0016635956708341837,0.040787199840564975,253332.6875,distributed_or_mixed,ok,/home/cilab/ndquan/videoInpainting/code/BrushNet/examples/brushnet/dataset_test_stc/teacher_flows_512x512/test/Class_B/ParkScene/000013_000014.npz,ParkScene,0.9663875102996826,ParkScene,1
0.9739761352539062,ParkScene__000012-000019,ParkScene__000012-000019,0.08429037779569626,0.2684201406664724,0.7246893644332886,0.9947853088378906,15,14,local_high_frequency_dominant,0.0022424038033932447,0.0022565280087292194,0.916323331608402,0.916323331608402,moderate,0.7909576296806335,2.246250867843628,0.02481212094426155,0.0016884759534150362,0.04109106902253866,253915.484375,0.003032733453437686,1.3867844245396554e-05,0.0037239554569565617,0.02440309338271618,0.0016630208119750023,0.04078015218185192,253915.484375,0.002505518961697817,8.469243766739964e-06,0.0029101965168592935,0.024567587301135063,0.0016761451261118054,0.04094075141117717,253915.484375,0.004046243149787188,2.8950507839908823e-05,0.005380567613171385,0.023998545482754707,0.001629797974601388,0.04037075642840233,253915.484375,distributed_or_mixed,ok,/home/cilab/ndquan/videoInpainting/code/BrushNet/examples/brushnet/dataset_test_stc/teacher_flows_512x512/test/Class_B/ParkScene/000014_000015.npz,ParkScene,0.9686107039451599,ParkScene,0
0.9715309143066406,ParkScene__000012-000019,ParkScene__000012-000019,0.036393411457538605,0.2779724215840012,0.7049766778945923,0.9931793212890625,16,15,local_high_frequency_dominant,0.0007832099217921495,0.001060155569575727,0.9312987055941718,0.9312987055941718,moderate,0.8014729022979736,2.3687713146209717,0.026960765942931175,0.0019346346380189061,0.043984481786408555,253157.796875,0.0024725301191210747,1.0394572200311814e-05,0.0032240614448722613,0.026666030287742615,0.0019100941717624664,0.04370462414622126,253157.796875,0.0016392123652622104,4.028149305668194e-06,0.0020070249888001377,0.026855142787098885,0.0019262064015492797,0.04388856800522523,253157.796875,0.003955648746341467,2.895226134569384e-05,0.005380730558733994,0.026219144463539124,0.0018693789606913924,0.04323631529965744,253157.796875,distributed_or_mixed,ok,/home/cilab/ndquan/videoInpainting/code/BrushNet/examples/brushnet/dataset_test_stc/teacher_flows_512x512/test/Class_B/ParkScene/000015_000016.npz,ParkScene,0.9657203555107117,ParkScene,0
0.9721450805664062,ParkScene__000012-000019,ParkScene__000012-000019,0.052680786699056625,0.26644361315094034,0.7200524210929871,0.9934158325195312,17,16,local_high_frequency_dominant,0.0013140783412382007,0.0014528752071782947,0.9242939775472678,0.9242939775472678,moderate,0.8595531582832336,2.4360575675964355,0.025559810921549797,0.0017845910042524338,0.04224441980016336,253115.8125,0.0026942056138068438,1.1813226592494175e-05,0.003437037473245553,0.02524317428469658,0.001760872546583414,0.04196275189478657,253115.8125,0.0018856674432754517,5.43485339221661e-06,0.00233127720192529,0.025415649637579918,0.0017741556512191892,0.042120727097465796,253115.8125,0.003942608833312988,2.73926980298711e-05,0.005233803400001866,0.024826008826494217,0.0017246385104954243,0.04152876726433647,253115.8125,distributed_or_mixed,ok,/home/cilab/ndquan/videoInpainting/code/BrushNet/examples/brushnet/dataset_test_stc/teacher_flows_512x512/test/Class_B/ParkScene/000016_000017.npz,ParkScene,0.9655601978302002,ParkScene,0
0.9715995788574219,ParkScene__000012-000019,ParkScene__000012-000019,0.056250497698783875,0.2609261743900793,0.7323336601257324,0.9889602661132812,18,17,local_high_frequency_dominant,0.0011882871622219682,0.0014718554448336363,0.9306249923398614,0.9306249923398614,moderate,0.8020207285881042,2.377713680267334,0.0241878442466259,0.0016434562858194113,0.0405395644502924,251900.828125,0.0022753735538572073,9.028373824548908e-06,0.003004725249427792,0.02393084019422531,0.0016246240120381117,0.0403066249149952,251900.828125,0.001644965959712863,4.6492395995301194e-06,0.0021562095444390647,0.02407284826040268,0.0016356484265998006,0.04044315055234694,251900.828125,0.0034017092548310757,2.1990072127664462e-05,0.00468935732565396,0.02355731837451458,0.0015940115554258227,0.03992507426950916,251900.828125,distributed_or_mixed,ok,/home/cilab/ndquan/videoInpainting/code/BrushNet/examples/brushnet/dataset_test_stc/teacher_flows_512x512/test/Class_B/ParkScene/000017_000018.npz,ParkScene,0.9609254002571106,ParkScene,0
0.9714889526367188,ParkScene__000012-000019,ParkScene__000012-000019,0.04099815711379051,0.25417703097626854,0.7400988340377808,0.9920310974121094,19,18,local_high_frequency_dominant,0.0008961596176959574,0.0010396401630714536,0.9321557066382581,0.9321557066382581,moderate,0.7652099132537842,2.4857163429260254,0.023440822958946228,0.0015767767326906323,0.03970864808439885,252842.71875,0.0020715335849672556,8.262308256234974e-06,0.0028744231171201943,0.023209407925605774,0.0015597380697727203,0.03949351933890825,252842.71875,0.001415760489180684,3.757341346499743e-06,0.0019383862738112192,0.02333727292716503,0.0015693538589403033,0.03961507110861097,252842.71875,0.0031436949502676725,1.9808992874459364e-05,0.0044507294766655235,0.02286798320710659,0.001531526679173112,0.039134724723359327,252842.71875,distributed_or_mixed,ok,/home/cilab/ndquan/videoInpainting/code/BrushNet/examples/brushnet/dataset_test_stc/teacher_flows_512x512/test/Class_B/ParkScene/000018_000019.npz,ParkScene,0.9645184278488159,ParkScene,0
0.9788055419921875,ParkScene__000018-000025,ParkScene__000012-000019,0.07983516156673431,0.2915983549889582,0.7011409997940063,0.9933738708496094,20,19,local_high_frequency_dominant,0.0023131079506129026,0.002542140893638134,0.90660458330368,0.90660458330368,moderate,0.7087153196334839,2.43925142288208,0.02951332926750183,0.0022562253288924694,0.047499740303421335,253109.875,0.003908349201083183,2.3508389858761802e-05,0.0048485451280525175,0.02873392403125763,0.002215172629803419,0.04706562046550984,253109.875,0.0031790281645953655,1.444820281903958e-05,0.0038010791650582047,0.028995497152209282,0.0022345923352986574,0.0472714748585091,253109.875,0.005300095304846764,4.552272002911195e-05,0.006747052692036127,0.028193747624754906,0.0021678979974240065,0.04656069154795713,253109.875,distributed_or_mixed,ok,/home/cilab/ndquan/videoInpainting/code/BrushNet/examples/brushnet/dataset_test_stc/teacher_flows_512x512/test/Class_B/ParkScene/000019_000020.npz,ParkScene,0.9655375480651855,ParkScene,1
0.9292488098144531,ParkScene__000018-000025,ParkScene__000018-000025,0.1106552705168724,0.3151921727283986,0.6669585108757019,0.9935035705566406,21,20,local_high_frequency_dominant,0.0037231973838061094,0.003745768219232559,0.8801587240792533,0.8801587240792533,moderate,0.7622117400169373,2.454653024673462,0.03133415803313255,0.0023956007789820433,0.04894487490005509,242199.5,0.005393508356064558,4.309717769501731e-05,0.006564844072406999,0.030299898236989975,0.002324652159586549,0.04821464673298508,242153.5,0.004627428017556667,2.912970921897795e-05,0.005397194569308943,0.030635178089141846,0.002355684759095311,0.04853539697061631,242199.5,0.006912338547408581,7.463499059667811e-05,0.008639154507049756,0.02963920123875141,0.0022605028934776783,0.04754474622371728,242143.5,distributed_or_mixed,ok,/home/cilab/ndquan/videoInpainting/code/BrushNet/examples/brushnet/dataset_test_stc/teacher_flows_512x512/test/Class_B/ParkScene/000020_000021.npz,ParkScene,0.9239177703857422,ParkScene,0
0.9783477783203125,ParkScene__000018-000025,ParkScene__000018-000025,0.07118409126996994,0.31453449209241974,0.6705354452133179,0.993072509765625,22,21,local_high_frequency_dominant,0.0022393339313566685,0.002319988561794162,0.8963503024021621,0.8963503024021621,moderate,0.7591261863708496,2.4249372482299805,0.030138354748487473,0.0022231016773730516,0.047149779186896,241957.71875,0.0042843082919716835,2.9019884095760062e-05,0.005387010682721917,0.02939690090715885,0.002170276828110218,0.04658623002680318,241915.5625,0.0033343215472996235,1.6520218196092173e-05,0.004064507128311153,0.02971271052956581,0.002196765039116144,0.046869660113085354,241957.71875,0.00586429750546813,5.7163848396157846e-05,0.007560677773596614,0.02876684069633484,0.0021134570706635714,0.04597235115440118,241905.671875,distributed_or_mixed,ok,/home/cilab/ndquan/videoInpainting/code/BrushNet/examples/brushnet/dataset_test_stc/teacher_flows_512x512/test/Class_B/ParkScene/000021_000022.npz,ParkScene,0.9229954481124878,ParkScene,0
0.9785308837890625,ParkScene__000018-000025,ParkScene__000018-000025,0.0731283649802208,0.2688303951463084,0.722956120967865,0.9940452575683594,23,22,local_high_frequency_dominant,0.0019298791885375977,0.0019400485325604677,0.9154622323911308,0.9154622323911308,moderate,0.7428973317146301,2.4518675804138184,0.024650923907756805,0.0016431135591119528,0.040535337165391296,255119.75,0.0029967082664370537,1.3811155440635048e-05,0.0037163362927263525,0.024241529405117035,0.0016196058131754398,0.04024432647188222,255119.75,0.0025185097474604845,8.647702088637743e-06,0.002940697551370719,0.02437700890004635,0.0016302068252116442,0.040375819808539416,255119.75,0.003943493124097586,2.6984520445694216e-05,0.005194662688346012,0.023872438818216324,0.001588095910847187,0.039850921079031376,255119.75,distributed_or_mixed,ok,/home/cilab/ndquan/videoInpainting/code/BrushNet/examples/brushnet/dataset_test_stc/teacher_flows_512x512/test/Class_B/ParkScene/000022_000023.npz,ParkScene,0.9732046127319336,ParkScene,0
0.9785079956054688,ParkScene__000018-000025,ParkScene__000018-000025,0.012960666790604591,0.2699222126188418,0.7193994522094727,0.9919548034667969,24,23,local_high_frequency_dominant,0.00030847283778712153,0.00036712069413624704,0.9208052414241359,0.9208052414241359,moderate,0.6957572102546692,2.3381547927856445,0.02634126879274845,0.001874567475169897,0.04329627553462188,254535.453125,0.0027496537659317255,1.3659009709954262e-05,0.0036958097502379993,0.02597271278500557,0.0018465535249561071,0.04297154319961185,254535.453125,0.0019414415583014488,6.429258519347059e-06,0.0025355982566934885,0.026178257539868355,0.001862376113422215,0.043155255918859,254535.453125,0.0041097430512309074,3.181972715537995e-05,0.005640897726016662,0.025508981198072433,0.0018073926912620664,0.042513441301099894,254535.453125,distributed_or_mixed,ok,/home/cilab/ndquan/videoInpainting/code/BrushNet/examples/brushnet/dataset_test_stc/teacher_flows_512x512/test/Class_B/ParkScene/000023_000024.npz,ParkScene,0.9709756970405579,ParkScene,0
0.9785079956054688,ParkScene__000018-000025,ParkScene__000018-000025,0.012285136617720127,0.2631415741627546,0.7334380149841309,0.9929008483886719,25,24,local_high_frequency_dominant,0.0002932461502496153,0.0003176885365974158,0.9346955981132425,0.9346955981132425,moderate,0.7488111257553101,2.445526123046875,0.02410036139190197,0.0015975547721609473,0.03996942296507353,254768.0625,0.0020801303908228874,7.711502803431358e-06,0.0027769592729154956,0.023814532905817032,0.001579772331751883,0.03974634991734314,254768.0625,0.0012636439641937613,2.601284222691902e-06,0.00161284972105026,0.023980727419257164,0.0015909394714981318,0.03988658259989356,254768.0625,0.0033471256028860807,2.0514196876320057e-05,0.004529260080445818,0.023453306406736374,0.0015515016857534647,0.039389106181195135,254768.0625,distributed_or_mixed,ok,/home/cilab/ndquan/videoInpainting/code/BrushNet/examples/brushnet/dataset_test_stc/teacher_flows_512x512/test/Class_B/ParkScene/000024_000025.npz,ParkScene,0.9718630313873291,ParkScene,0
0.97894287109375,ParkScene__000024-000031,ParkScene__000018-000025,0.07717934250831604,0.2684505216007544,0.7255560755729675,0.99176025390625,26,25,local_high_frequency_dominant,0.002048609545454383,0.0021062379237264395,0.9113713875013015,0.9113713875013015,moderate,0.7620283365249634,2.538292646408081,0.025416728109121323,0.0017509905155748129,0.04184483857747348,254506.03125,0.003246147418394685,1.630100996408146e-05,0.0040374509240461934,0.024902284145355225,0.0017236829735338688,0.04151726115164473,254506.03125,0.002667211927473545,9.793639947019983e-06,0.0031294791814325883,0.02504955232143402,0.0017357170581817627,0.041661937763164146,254506.03125,0.004215483088046312,3.0406645237235352e-05,0.005514222088131322,0.024552801623940468,0.0016921021742746234,0.04113516955446547,254506.03125,distributed_or_mixed,ok,/home/cilab/ndquan/videoInpainting/code/BrushNet/examples/brushnet/dataset_test_stc/teacher_flows_512x512/test/Class_B/ParkScene/000025_000026.npz,ParkScene,0.9708634614944458,ParkScene,1
0.9784927368164062,ParkScene__000024-000031,ParkScene__000024-000031,0.04506315663456917,0.253834424963645,0.7380834817886353,0.9945335388183594,27,26,local_high_frequency_dominant,0.001049592043273151,0.0012438581325113773,0.927734786161346,0.927734786161346,moderate,0.7436031699180603,2.6609456539154053,0.02568041905760765,0.0018568062223494053,0.04309067442439728,255121.125,0.002528514014557004,1.1130509847134817e-05,0.0033362418747948743,0.02539977617561817,0.0018344427226111293,0.04283039484537972,255121.125,0.0018192543648183346,5.175343176233582e-06,0.002274938059867473,0.02555285394191742,0.001846922212280333,0.04297583288640644,255121.125,0.0036916022654622793,2.55969771387754e-05,0.005059345524746793,0.025022396817803383,0.001802076236344874,0.04245086849930015,255121.125,distributed_or_mixed,ok,/home/cilab/ndquan/videoInpainting/code/BrushNet/examples/brushnet/dataset_test_stc/teacher_flows_512x512/test/Class_B/ParkScene/000026_000027.npz,ParkScene,0.9732098579406738,ParkScene,0
0.9784927368164062,ParkScene__000024-000031,ParkScene__000024-000031,0.05038147047162056,0.26996340727623197,0.7176010608673096,0.995361328125,28,27,local_high_frequency_dominant,0.0014534458750858903,0.001476283767260611,0.9330913109867708,0.9330913109867708,moderate,0.7378841042518616,2.3349530696868896,0.02718232199549675,0.0020025870762765408,0.04475027459442613,255246.34375,0.0024666544049978256,1.0188667147303931e-05,0.0031919691645289953,0.026894135400652885,0.001981529872864485,0.044514378271121396,255246.34375,0.0017517328960821033,4.7487596930295695e-06,0.0021791649072591015,0.027064230293035507,0.0019937888719141483,0.0446518630284801,255246.34375,0.003720722394064069,2.455813591950573e-05,0.00495561660336085,0.026512397453188896,0.001947492826730013,0.04413040705375391,255246.34375,distributed_or_mixed,ok,/home/cilab/ndquan/videoInpainting/code/BrushNet/examples/brushnet/dataset_test_stc/teacher_flows_512x512/test/Class_B/ParkScene/000027_000028.npz,ParkScene,0.9736875295639038,ParkScene,0
0.9781875610351562,ParkScene__000024-000031,ParkScene__000024-000031,0.11772332340478897,0.2592422673944413,0.7320513129234314,0.9943618774414062,29,28,local_high_frequency_dominant,0.003287259489297867,0.003485530847683549,0.9082603868051716,0.9082603868051716,moderate,0.7324059009552002,2.413649559020996,0.02741638571023941,0.002118812408298254,0.046030559504510196,255021.25,0.0037592267617583275,2.129581662302371e-05,0.0046147390633733245,0.02693152241408825,0.002087378641590476,0.04568783909959494,255021.25,0.003444276750087738,1.617354246263858e-05,0.004021634302449513,0.02707287110388279,0.002098654629662633,0.04581107540390897,255021.25,0.004582153167575598,3.463888424448669e-05,0.005885480799772155,0.026601409539580345,0.0020564559381455183,0.045348163558688,255021.25,distributed_or_mixed,ok,/home/cilab/ndquan/videoInpainting/code/BrushNet/examples/brushnet/dataset_test_stc/teacher_flows_512x512/test/Class_B/ParkScene/000028_000029.npz,ParkScene,0.9728288650512695,ParkScene,0
0.9781875610351562,ParkScene__000024-000031,ParkScene__000024-000031,0.3279457092285156,0.3642681030827457,0.6415420174598694,0.9936561584472656,30,29,local_high_frequency_dominant,0.018526412546634674,0.018869537860155106,0.7573330366046677,0.7573330366046677,moderate,0.7373125553131104,2.5304040908813477,0.053640905767679214,0.006311808712780476,0.07944689240480382,254727.359375,0.022564547136425972,0.0005819294601678848,0.02412321413427085,0.04440854489803314,0.0056679085828363895,0.07528551376484316,254727.359375,0.021374037489295006,0.0005266149528324604,0.022948092575036827,0.04501454532146454,0.005731642246246338,0.07570761022675553,254727.359375,0.02352754957973957,0.000650173460599035,0.025498499183266354,0.043564215302467346,0.005562766920775175,0.07458395887035747,254727.359375,distributed_or_mixed,ok,/home/cilab/ndquan/videoInpainting/code/BrushNet/examples/brushnet/dataset_test_stc/teacher_flows_512x512/test/Class_B/ParkScene/000029_000030.npz,ParkScene,0.9717077612876892,ParkScene,0
0.9780387878417969,ParkScene__000024-000031,ParkScene__000024-000031,0.366040974855423,0.4089156550972909,0.6169515252113342,0.995391845703125,31,30,local_high_frequency_dominant,0.018276577815413475,0.01864747330546379,0.727254569110254,0.727254569110254,moderate,0.720981240272522,2.4649269580841064,0.0474863275885582,0.004663536325097084,0.06829008950863283,255220.40625,0.022337688133120537,0.0005673740524798632,0.02381961486842017,0.038388051092624664,0.0040339212864637375,0.06351315837260604,255220.40625,0.021144550293684006,0.0005116442916914821,0.02261955551489644,0.03904343396425247,0.004098373930901289,0.0640185436487061,255220.40625,0.02331409975886345,0.0006367103778757155,0.025233120652739634,0.037512388080358505,0.003929124679416418,0.0626827303123948,255220.40625,distributed_or_mixed,ok,/home/cilab/ndquan/videoInpainting/code/BrushNet/examples/brushnet/dataset_test_stc/teacher_flows_512x512/test/Class_B/ParkScene/000030_000031.npz,ParkScene,0.9735885858535767,ParkScene,0
0.9785079956054688,ParkScene__000030-000037,ParkScene__000024-000031,0.0945872813463211,0.2560408248053022,0.730270504951477,0.9951171875,32,31,local_high_frequency_dominant,0.0031080434564501047,0.003253557253628969,0.9067412386885054,0.9067412386885054,moderate,0.7178822159767151,2.557250738143921,0.031699080020189285,0.0028575642500072718,0.05345619000646484,255117.734375,0.004586967173963785,2.9745862775598653e-05,0.0054539767853923485,0.030910635367035866,0.002811991609632969,0.0530282152220209,255117.734375,0.003948730416595936,2.0471739844651893e-05,0.004524570680700202,0.03109866753220558,0.0028295505326241255,0.05319351964877043,255117.734375,0.0056448159739375114,4.9912126996787265e-05,0.007064851519797657,0.03052709251642227,0.0027682085055857897,0.0526137672628162,255117.734375,distributed_or_mixed,ok,/home/cilab/ndquan/videoInpainting/code/BrushNet/examples/brushnet/dataset_test_stc/teacher_flows_512x512/test/Class_B/ParkScene/000031_000032.npz,ParkScene,0.9731969237327576,ParkScene,1
0.978057861328125,ParkScene__000030-000037,ParkScene__000030-000037,0.16728092730045319,0.2597377131472854,0.7245747447013855,0.9944343566894531,33,32,local_high_frequency_dominant,0.006476464215666056,0.0065063051879405975,0.8814894626325813,0.8814894626325813,moderate,0.7422013282775879,2.582329511642456,0.035878680646419525,0.0036068675108253956,0.06005720198964813,254987.484375,0.0071902708150446415,6.372864299919456e-05,0.00798302217203451,0.03455498069524765,0.0035257781855762005,0.05937826357831796,254987.484375,0.006877134554088116,5.442699330160394e-05,0.007377465235540182,0.03473543003201485,0.0035447021946310997,0.05953740164494164,254987.484375,0.007837023586034775,8.626901399111375e-05,0.009288111432961694,0.034127380698919296,0.0034730734769254923,0.058932787791903175,254987.484375,distributed_or_mixed,ok,/home/cilab/ndquan/videoInpainting/code/BrushNet/examples/brushnet/dataset_test_stc/teacher_flows_512x512/test/Class_B/ParkScene/000032_000033.npz,ParkScene,0.9727000594139099,ParkScene,0
0.97772216796875,ParkScene__000030-000037,ParkScene__000030-000037,0.06720490753650665,0.23582104771877807,0.7484368085861206,0.9939842224121094,34,33,local_high_frequency_dominant,0.0022414803970605135,0.002501788316294551,0.928408125128558,0.928408125128558,moderate,0.7217400074005127,2.4240498542785645,0.03423049673438072,0.0035384853836148977,0.059485169442600544,254963.015625,0.003567341947928071,2.0822712031076662e-05,0.004563190992176052,0.033943768590688705,0.0035017705522477627,0.05917575983667436,254963.015625,0.002895019482821226,1.2334015082160477e-05,0.003511981646045502,0.03408781811594963,0.003519349964335561,0.05932410946938488,254963.015625,0.004758025519549847,4.2108455090783536e-05,0.006489102795516768,0.03353268280625343,0.0034515371080487967,0.058749783897890186,254963.015625,spatially_localized,ok,/home/cilab/ndquan/videoInpainting/code/BrushNet/examples/brushnet/dataset_test_stc/teacher_flows_512x512/test/Class_B/ParkScene/000033_000034.npz,ParkScene,0.9726067185401917,ParkScene,0
0.97772216796875,ParkScene__000030-000037,ParkScene__000030-000037,0.24790838360786438,0.2886927778715586,0.6992676854133606,0.9933357238769531,35,34,local_high_frequency_dominant,0.011976157315075397,0.01212514378130436,0.8237888297489858,0.8237888297489858,moderate,0.7547001242637634,1.64959716796875,0.04514036700129509,0.005287294741719961,0.07271378646254066,254725.0,0.014131059870123863,0.00022996602638158947,0.015164630769708488,0.041030991822481155,0.0050260708667337894,0.07089478730297305,254725.0,0.01350952498614788,0.00020637006673496217,0.014365586195312816,0.04134061932563782,0.005059509538114071,0.07113022942542833,254725.0,0.014795320108532906,0.0002682375197764486,0.016377958351896264,0.040444266051054,0.004946603439748287,0.07033209395253555,254725.0,distributed_or_mixed,ok,/home/cilab/ndquan/videoInpainting/code/BrushNet/examples/brushnet/dataset_test_stc/teacher_flows_512x512/test/Class_B/ParkScene/000034_000035.npz,ParkScene,0.9716987609863281,ParkScene,0
0.97772216796875,ParkScene__000030-000037,ParkScene__000030-000037,0.2647649049758911,0.30032737721391783,0.6950973868370056,0.9940071105957031,36,35,local_high_frequency_dominant,0.012595311738550663,0.01299088541418314,0.8106116321531549,0.8106116321531549,moderate,0.6938551664352417,1.6460124254226685,0.045313555747270584,0.00521738501265645,0.07223146829918696,254763.96875,0.014938081614673138,0.00026801368221640587,0.0163711234256054,0.04103786498308182,0.00490993820130825,0.0700709511945446,254763.96875,0.014183883555233479,0.00023798058100510389,0.015426619234463004,0.04138984531164169,0.004951740615069866,0.07036860532275645,254763.96875,0.015790773555636406,0.00031479960307478905,0.017742592907317382,0.04042036086320877,0.004822028800845146,0.06944082949421865,254763.96875,distributed_or_mixed,ok,/home/cilab/ndquan/videoInpainting/code/BrushNet/examples/brushnet/dataset_test_stc/teacher_flows_512x512/test/Class_B/ParkScene/000035_000036.npz,ParkScene,0.971847414970398,ParkScene,0
0.977569580078125,ParkScene__000030-000037,ParkScene__000030-000037,0.26972496509552,0.28354344845468155,0.7090625166893005,0.9934577941894531,37,36,local_high_frequency_dominant,0.01309167966246605,0.01334610115736723,0.8132199242486923,0.8132199242486923,moderate,0.7407448887825012,1.5263590812683105,0.04586172103881836,0.005504001397639513,0.07418895738342407,254554.28125,0.015392527915537357,0.0002741370699368417,0.01655708518842739,0.04087808355689049,0.005196640733629465,0.07208772942484362,254554.28125,0.01465300377458334,0.0002483114949427545,0.015757902618773682,0.041215069591999054,0.0052319918759167194,0.0723325091222247,254554.28125,0.016099099069833755,0.00031350020435638726,0.017705936980470342,0.04032636433839798,0.005123802926391363,0.07158074410336458,254554.28125,distributed_or_mixed,ok,/home/cilab/ndquan/videoInpainting/code/BrushNet/examples/brushnet/dataset_test_stc/teacher_flows_512x512/test/Class_B/ParkScene/000036_000037.npz,ParkScene,0.9710475206375122,ParkScene,0
0.9778671264648438,ParkScene__000036-000043,ParkScene__000030-000037,0.02195003628730774,0.20068573583067903,0.7802171111106873,0.9935836791992188,38,37,local_high_frequency_dominant,0.0008506025187671185,0.0009563296916894615,0.9508517397414967,0.9508517397414967,moderate,0.6901513934135437,1.4378392696380615,0.03993227705359459,0.005389234516769648,0.0734114059037807,254626.703125,0.0028918616008013487,1.4317685781861655e-05,0.003783871797757114,0.039705321192741394,0.0053589800372719765,0.07320505472487522,254626.703125,0.0020350771956145763,6.504729299194878e-06,0.0025504370800305733,0.03981662541627884,0.005376590881496668,0.07332524041213004,254626.703125,0.004278498236089945,3.5496355849318206e-05,0.0059578818257261705,0.039396390318870544,0.0053049675188958645,0.07283520796219274,254626.703125,spatially_localized,ok,/home/cilab/ndquan/videoInpainting/code/BrushNet/examples/brushnet/dataset_test_stc/teacher_flows_512x512/test/Class_B/ParkScene/000037_000038.npz,ParkScene,0.9713237881660461,ParkScene,1
0.97772216796875,ParkScene__000036-000043,ParkScene__000036-000043,0.35574260354042053,0.40547297030874174,0.6204375624656677,0.9896507263183594,39,38,local_high_frequency_dominant,0.01913241483271122,0.01945394277572632,0.7324539057305688,0.7324539057305688,moderate,0.6370587348937988,1.4167896509170532,0.05113111436367035,0.005415200721472502,0.07358804740902222,253610.234375,0.023430006578564644,0.0006298672524280846,0.02509715626177764,0.041357193142175674,0.004720765165984631,0.06870782463435028,253610.234375,0.022247258573770523,0.0005699709872715175,0.023874065160158994,0.041967976838350296,0.004787310492247343,0.06919039306325224,253610.234375,0.024470001459121704,0.0007032887660898268,0.026519592117712272,0.040472082793712616,0.004602861125022173,0.06784438904597913,253610.234375,distributed_or_mixed,ok,/home/cilab/ndquan/videoInpainting/code/BrushNet/examples/brushnet/dataset_test_stc/teacher_flows_512x512/test/Class_B/ParkScene/000038_000039.npz,ParkScene,0.9674462676048279,ParkScene,0
0.9777107238769531,ParkScene__000036-000043,ParkScene__000036-000043,0.11647867411375046,0.25453945585445464,0.7383863925933838,0.9936332702636719,40,39,local_high_frequency_dominant,0.0034797303378582,0.0035264953039586544,0.9081281699292176,0.9081281699292176,moderate,0.6278648972511292,1.433894157409668,0.02790760062634945,0.002238475251942873,0.047312527431356624,254598.3125,0.003961027134209871,2.2572241505258717e-05,0.004751025310946966,0.027451645582914352,0.0022054857108742,0.046962599064300094,254598.3125,0.003634608117863536,1.7350181224173866e-05,0.004165354873738114,0.027580074965953827,0.002217088360339403,0.047085967764710995,254598.3125,0.00476678553968668,3.642459705588408e-05,0.006035279368503506,0.027121128514409065,0.0021720947697758675,0.04660573751992202,254598.3125,distributed_or_mixed,ok,/home/cilab/ndquan/videoInpainting/code/BrushNet/examples/brushnet/dataset_test_stc/teacher_flows_512x512/test/Class_B/ParkScene/000039_000040.npz,ParkScene,0.9712154865264893,ParkScene,0
0.9775466918945312,ParkScene__000036-000043,ParkScene__000036-000043,0.06497325748205185,0.2514946272866308,0.7402987480163574,0.9808692932128906,41,40,local_high_frequency_dominant,0.001676559098996222,0.001964203780516982,0.9321461577186619,0.9321461577186619,moderate,0.6624984741210938,1.4270951747894287,0.027944864705204964,0.0022534860763698816,0.047470897151516755,251725.28125,0.00267427833750844,1.1823888598883059e-05,0.003438588169421145,0.027653416618704796,0.0022314104717224836,0.047237807651525104,251725.28125,0.0020932622719556093,7.029487278487068e-06,0.0026513180266590176,0.027789054438471794,0.0022426811046898365,0.0473569541323113,251725.28125,0.003780010621994734,2.5587656637071632e-05,0.005058424323548948,0.027324708178639412,0.0021977138239890337,0.04687978054544447,251724.28125,distributed_or_mixed,ok,/home/cilab/ndquan/videoInpainting/code/BrushNet/examples/brushnet/dataset_test_stc/teacher_flows_512x512/test/Class_B/ParkScene/000040_000041.npz,ParkScene,0.9602557420730591,ParkScene,0
0.9777107238769531,ParkScene__000036-000043,ParkScene__000036-000043,0.0830986425280571,0.23432842337568519,0.7578745484352112,0.9810829162597656,42,41,local_high_frequency_dominant,0.002471455605700612,0.002575972117483616,0.9217847504361436,0.9217847504361436,moderate,0.6065170168876648,1.3990134000778198,0.028699278831481934,0.0024758416693657637,0.04975783023169081,251918.1875,0.003343782853335142,1.7612375813769177e-05,0.00419671011791012,0.028226472437381744,0.0024462121073156595,0.04945919638768567,251918.1875,0.002887314883992076,1.1972259926551487e-05,0.003460095363794398,0.028353732079267502,0.002459479495882988,0.04959313960501985,251918.1875,0.004329036455601454,3.3662287023616955e-05,0.005801920977022779,0.02789178490638733,0.002407974097877741,0.04907111266190874,251918.1875,spatially_localized,ok,/home/cilab/ndquan/videoInpainting/code/BrushNet/examples/brushnet/dataset_test_stc/teacher_flows_512x512/test/Class_B/ParkScene/000041_000042.npz,ParkScene,0.960991621017456,ParkScene,0
0.977386474609375,ParkScene__000036-000043,ParkScene__000036-000043,0.05649841949343681,0.2417057091424961,0.7485241293907166,0.9792976379394531,43,42,local_high_frequency_dominant,0.0015913924435153604,0.0017052028561010957,0.9341314612686478,0.9341314612686478,moderate,0.5769301652908325,1.4503459930419922,0.02791638858616352,0.002295438200235367,0.04791073157691674,251652.640625,0.002670509275048971,1.1307322893117089e-05,0.0033626363010467084,0.027605386450886726,0.0022741532884538174,0.04768808329607951,251652.640625,0.002113928319886327,6.3763209254830144e-06,0.0025251378032659947,0.027736220508813858,0.002285081660374999,0.04780252776135378,251652.640625,0.00369139201939106,2.400698940618895e-05,0.004899692786919293,0.027276793494820595,0.0022429530508816242,0.04735982528347866,251651.640625,spatially_localized,ok,/home/cilab/ndquan/videoInpainting/code/BrushNet/examples/brushnet/dataset_test_stc/teacher_flows_512x512/test/Class_B/ParkScene/000042_000043.npz,ParkScene,0.9599786400794983,ParkScene,0
0.9775466918945312,ParkScene__000042-000049,ParkScene__000036-000043,0.07684499770402908,0.24540628342775642,0.7492830753326416,0.9827499389648438,44,43,local_high_frequency_dominant,0.0019184403354302049,0.0022165891714394093,0.9251819531482701,0.9251819531482701,moderate,0.57839035987854,1.3765966892242432,0.026650791987776756,0.0021013254299759865,0.0458402162950393,252411.25,0.0028605025727301836,1.3578585821960587e-05,0.003684913271972705,0.02629741281270981,0.002076328732073307,0.045566750290900786,252411.25,0.0024074723478406668,9.160274203168228e-06,0.003026594489383774,0.02643704041838646,0.002088428707793355,0.04569932940200934,252411.25,0.003859215648844838,2.8020751415169798e-05,0.005293463083385941,0.02594464272260666,0.0020405519753694534,0.04517246921930938,252401.25,spatially_localized,ok,/home/cilab/ndquan/videoInpainting/code/BrushNet/examples/brushnet/dataset_test_stc/teacher_flows_512x512/test/Class_B/ParkScene/000043_000044.npz,ParkScene,0.9628725051879883,ParkScene,1
0.9770545959472656,ParkScene__000042-000049,ParkScene__000042-000049,0.04738691449165344,0.2463466706656301,0.7488642930984497,0.98779296875,45,44,local_high_frequency_dominant,0.001329032122157514,0.0013789102667942643,0.9377719297710109,0.9377719297710109,moderate,0.5600365996360779,1.2771198749542236,0.027003047987818718,0.0021472100634127855,0.04633799805141333,253409.34375,0.0023079020902514458,9.368476639792789e-06,0.0030607967328447,0.026774071156978607,0.0021276038605719805,0.046125956473248124,253409.34375,0.0017180892173200846,4.6206737351894844e-06,0.002149575245296029,0.026894286274909973,0.0021389531902968884,0.04624881825838243,253409.34375,0.0034337665420025587,2.267378476972226e-05,0.004761699777361259,0.026463715359568596,0.002095802454277873,0.04577993506196654,253409.34375,spatially_localized,ok,/home/cilab/ndquan/videoInpainting/code/BrushNet/examples/brushnet/dataset_test_stc/teacher_flows_512x512/test/Class_B/ParkScene/000044_000045.npz,ParkScene,0.9666799306869507,ParkScene,0
0.977874755859375,ParkScene__000042-000049,ParkScene__000042-000049,0.023445364087820053,0.2470347873667967,0.7488851547241211,0.9896430969238281,46,45,local_high_frequency_dominant,0.0006286121788434684,0.0007028691470623016,0.93750495848031,0.93750495848031,moderate,0.5569674372673035,1.446000099182129,0.02775842882692814,0.0022790031507611275,0.04773890604906157,254019.28125,0.0023333746939897537,1.0022581591329072e-05,0.003165846109862113,0.027510948479175568,0.0022554625757038593,0.047491710599891636,254019.28125,0.0015923749888315797,4.115561750950292e-06,0.0020286847342429262,0.02765922248363495,0.0022704266011714935,0.04764899370575934,254019.28125,0.003582471050322056,2.694600698305294e-05,0.005190954342223879,0.027138296514749527,0.002215335611253977,0.047067351861497124,254015.28125,spatially_localized,ok,/home/cilab/ndquan/videoInpainting/code/BrushNet/examples/brushnet/dataset_test_stc/teacher_flows_512x512/test/Class_B/ParkScene/000045_000046.npz,ParkScene,0.9690066576004028,ParkScene,0
0.97772216796875,ParkScene__000042-000049,ParkScene__000042-000049,0.07836136966943741,0.2571790905307462,0.7394101023674011,0.9924125671386719,47,46,local_high_frequency_dominant,0.0023099060636013746,0.002376412972807884,0.9203968358606818,0.9203968358606818,moderate,0.5584008693695068,1.3277257680892944,0.028043288737535477,0.0022718426771461964,0.04766385084260604,254690.296875,0.00318339467048645,1.6756979675847106e-05,0.004093529000245033,0.027660463005304337,0.0022401923779398203,0.04733067058409188,254690.296875,0.002665442181751132,9.720889465825167e-06,0.003117834098508958,0.02782646380364895,0.0022565266117453575,0.04750291161334595,254690.296875,0.004241409711539745,3.5040855436818674e-05,0.0059195316906676555,0.02727033756673336,0.0021996658761054277,0.0469005956903047,254690.296875,distributed_or_mixed,ok,/home/cilab/ndquan/videoInpainting/code/BrushNet/examples/brushnet/dataset_test_stc/teacher_flows_512x512/test/Class_B/ParkScene/000046_000047.npz,ParkScene,0.971566379070282,ParkScene,0
0.9661941528320312,ParkScene__000042-000049,ParkScene__000042-000049,0.10335919260978699,0.2775433586930153,0.7178989052772522,0.985015869140625,48,47,local_high_frequency_dominant,0.0033401029650121927,0.003428409807384014,0.908327367189052,0.908327367189052,moderate,0.5985686182975769,1.2753522396087646,0.030747346580028534,0.002581434091553092,0.05080781526057868,251457.03125,0.004257615189999342,2.5877032385324128e-05,0.0050869472559998226,0.030190691351890564,0.0025405038613826036,0.05040341120780025,251457.03125,0.00377936870791018,1.7996999304159544e-05,0.004242287036983653,0.03037770837545395,0.0025568383280187845,0.05056518889531398,251457.03125,0.0052720108069479465,4.4375101424520835e-05,0.0066614639100216425,0.029797673225402832,0.0025000807363539934,0.05000080735702168,251457.03125,distributed_or_mixed,ok,/home/cilab/ndquan/videoInpainting/code/BrushNet/examples/brushnet/dataset_test_stc/teacher_flows_512x512/test/Class_B/ParkScene/000047_000048.npz,ParkScene,0.9592324495315552,ParkScene,0
0.9519729614257812,ParkScene__000042-000049,ParkScene__000042-000049,0.08202049136161804,0.2686202883558544,0.7270923256874084,0.9799575805664062,49,48,local_high_frequency_dominant,0.002320072380825877,0.0025770366191864014,0.9227309726774926,0.9227309726774926,moderate,0.5631589293479919,1.4571903944015503,0.029179200530052185,0.0023604368325322866,0.048584327025618934,247488.71875,0.0032367282547056675,1.6347628843504936e-05,0.004043220108218811,0.028809159994125366,0.0023312780540436506,0.048283310305359664,247487.71875,0.002618522848933935,9.91387787507847e-06,0.003148631111305113,0.02897409163415432,0.002345259999856353,0.048427884527990205,247488.71875,0.004362125415354967,3.2843323424458504e-05,0.005730909476205195,0.028409630060195923,0.002290181117132306,0.047855836813625006,247448.125,distributed_or_mixed,ok,/home/cilab/ndquan/videoInpainting/code/BrushNet/examples/brushnet/dataset_test_stc/teacher_flows_512x512/test/Class_B/ParkScene/000048_000049.npz,ParkScene,0.9440945386886597,ParkScene,0
0.9336776733398438,ParkScene__000048-000055,ParkScene__000042-000049,0.043187037110328674,0.26523606206395883,0.7268800735473633,0.9764518737792969,50,49,local_high_frequency_dominant,0.00113083200994879,0.001329690800048411,0.9328153628912725,0.9328153628912725,moderate,0.6030431389808655,1.445960521697998,0.02861129678785801,0.0022665790747851133,0.04760860294931068,243793.546875,0.002527671167626977,1.163157412520377e-05,0.0034105093644797063,0.02833080105483532,0.002242280403152108,0.047352723291824605,243793.546875,0.00181400787550956,5.4858660405443516e-06,0.0023421925711914365,0.02847352810204029,0.0022563820239156485,0.04750138970509861,243793.546875,0.003854833310469985,2.8174530598334968e-05,0.005307968594324477,0.02793898805975914,0.002201407216489315,0.04691915617835976,243793.546875,distributed_or_mixed,ok,/home/cilab/ndquan/videoInpainting/code/BrushNet/examples/brushnet/dataset_test_stc/teacher_flows_512x512/test/Class_B/ParkScene/000049_000050.npz,ParkScene,0.9299985766410828,ParkScene,1
0.9165420532226562,ParkScene__000048-000055,ParkScene__000048-000055,0.0751430094242096,0.2481433834278697,0.7459349036216736,0.9771690368652344,51,50,local_high_frequency_dominant,0.0021901170257478952,0.0022417623549699783,0.9275770432917764,0.9275770432917764,moderate,0.5664329528808594,1.4886444807052612,0.0278032086789608,0.0022316360846161842,0.04724019564540545,239392.90625,0.0029362025670707226,1.3450089682010002e-05,0.003667436390997123,0.02746681123971939,0.002206341130658984,0.04697170563923546,239392.90625,0.0024135434068739414,8.025991519389208e-06,0.0028330180937278194,0.027615739032626152,0.002219150774180889,0.04710786318844115,239392.90625,0.0039776042103767395,2.8536192985484377e-05,0.005341927834170392,0.027114979922771454,0.002171096857637167,0.046595030396354147,239392.90625,spatially_localized,ok,/home/cilab/ndquan/videoInpainting/code/BrushNet/examples/brushnet/dataset_test_stc/teacher_flows_512x512/test/Class_B/ParkScene/000050_000051.npz,ParkScene,0.913211464881897,ParkScene,0
0.9090461730957031,ParkScene__000048-000055,ParkScene__000048-000055,0.03301166370511055,0.2605266151765286,0.7345617413520813,0.9748001098632812,52,51,local_high_frequency_dominant,0.0009447694756090641,0.0010556918568909168,0.9397718271459614,0.9397718271459614,moderate,0.559680700302124,1.398632287979126,0.029782157391309738,0.0024817700032144785,0.04981736648212628,237316.09375,0.0024265851825475693,1.0097552149090916e-05,0.0031776645746665767,0.02942323125898838,0.002458451082929969,0.04958277002074379,237316.09375,0.0016104584792628884,4.079704922332894e-06,0.0020198279437449356,0.029615191742777824,0.002473290078341961,0.049732183526786364,237316.09375,0.003881394863128662,2.6938998416881077e-05,0.0051902792234022515,0.02900221198797226,0.0024201783817261457,0.04919530853370213,237316.09375,distributed_or_mixed,ok,/home/cilab/ndquan/videoInpainting/code/BrushNet/examples/brushnet/dataset_test_stc/teacher_flows_512x512/test/Class_B/ParkScene/000051_000052.npz,ParkScene,0.9052890539169312,ParkScene,0
0.9015312194824219,ParkScene__000048-000055,ParkScene__000048-000055,0.01967521198093891,0.2358482966229251,0.7598785758018494,0.9729042053222656,53,52,local_high_frequency_dominant,0.0005839450168423355,0.0006139071192592382,0.9446694748870734,0.9446694748870734,moderate,0.5280956625938416,1.3289971351623535,0.02913830243051052,0.0025509833358228207,0.050507260228830675,235832.5625,0.0021715317852795124,8.678520316607319e-06,0.0029459328431937003,0.028887318447232246,0.0025297398678958416,0.05029651944116851,235832.5625,0.001316336216405034,2.9367179195105564e-06,0.0017136854785842577,0.02904038317501545,0.0025436251889914274,0.05043436515900074,235832.5625,0.0035259651485830545,2.4787603251752444e-05,0.004978715020138474,0.028507806360721588,0.0024909628555178642,0.049909546737251224,235828.5625,spatially_localized,ok,/home/cilab/ndquan/videoInpainting/code/BrushNet/examples/brushnet/dataset_test_stc/teacher_flows_512x512/test/Class_B/ParkScene/000052_000053.npz,ParkScene,0.8996298313140869,ParkScene,0
0.8880386352539062,ParkScene__000048-000055,ParkScene__000048-000055,0.18548402190208435,0.28547924825519067,0.7197908163070679,0.9672660827636719,54,53,local_high_frequency_dominant,0.005874662194401026,0.005969803314656019,0.8636778082163924,0.8636778082163924,moderate,0.5548681020736694,1.4214164018630981,0.029997050762176514,0.0023912563920021057,0.04890047435354902,228523.953125,0.006593842059373856,5.772581425844692e-05,0.007597750605175648,0.028739359229803085,0.00231707701459527,0.048136026161236765,228520.09375,0.0062488592229783535,4.701414582086727e-05,0.006856686212804788,0.028998877853155136,0.002335557946935296,0.048327610606518676,228523.953125,0.007280695252120495,7.746591290924698e-05,0.008801472201242642,0.02830224111676216,0.0022771195508539677,0.04771917382828382,228523.9375,distributed_or_mixed,ok,/home/cilab/ndquan/videoInpainting/code/BrushNet/examples/brushnet/dataset_test_stc/teacher_flows_512x512/test/Class_B/ParkScene/000053_000054.npz,ParkScene,0.8717496991157532,ParkScene,0
0.898590087890625,ParkScene__000048-000055,ParkScene__000048-000055,0.015166221186518669,0.24340575262170502,0.7612506747245789,0.9739112854003906,55,54,local_high_frequency_dominant,0.0003779266553465277,0.00042876481893472373,0.9308845146119976,0.9308845146119976,moderate,0.5875028967857361,1.4003812074661255,0.0263296440243721,0.0020830396097153425,0.04564032876432139,231276.28125,0.0024174279533326626,1.134233025368303e-05,0.0033678376228201724,0.026023829355835915,0.0020575157832354307,0.04535984769854756,231175.5,0.0015849694609642029,4.756451289722463e-06,0.0021809289969465908,0.026126785203814507,0.0020642168819904327,0.045433653628014915,230717.28125,0.0037033793050795794,2.6932093533105217e-05,0.0051896140061766845,0.025657912716269493,0.0020244335755705833,0.04499370595506202,231270.796875,spatially_localized,ok,/home/cilab/ndquan/videoInpainting/code/BrushNet/examples/brushnet/dataset_test_stc/teacher_flows_512x512/test/Class_B/ParkScene/000054_000055.npz,ParkScene,0.8822489976882935,ParkScene,0
0.891937255859375,ParkScene__000054-000061,ParkScene__000048-000055,0.030483955517411232,0.2529710565779323,0.7517589330673218,0.9761848449707031,56,55,local_high_frequency_dominant,0.0008913415367715061,0.0009151225094683468,0.9170421592408277,0.9170421592408277,moderate,0.5754393935203552,1.4763023853302002,0.027971778064966202,0.0023009611759334803,0.04796833513822926,230676.8125,0.003120026085525751,1.8561828255769797e-05,0.004308344027090896,0.02752912975847721,0.0022682163398712873,0.047625794900151404,230676.8125,0.002302753971889615,9.46135969570605e-06,0.00307593232950695,0.02773117646574974,0.0022848022636026144,0.04779960526617991,230545.46875,0.004296117927879095,3.647590347100049e-05,0.006039528414619844,0.02710559219121933,0.002229418372735381,0.04721671708977003,230673.8125,distributed_or_mixed,ok,/home/cilab/ndquan/videoInpainting/code/BrushNet/examples/brushnet/dataset_test_stc/teacher_flows_512x512/test/Class_B/ParkScene/000055_000056.npz,ParkScene,0.8799622058868408,ParkScene,1
0.8955459594726562,ParkScene__000054-000061,ParkScene__000054-000061,0.10277651250362396,0.2422311512726771,0.7616391777992249,0.9763755798339844,57,56,local_high_frequency_dominant,0.0029655706603080034,0.003040130715817213,0.9126715356594897,0.9126715356594897,moderate,0.560971200466156,1.3377526998519897,0.027601586654782295,0.0022957068867981434,0.047913535528054524,231920.3125,0.0034283590503036976,2.0704803318949416e-05,0.004550253104932672,0.02715679444372654,0.002261457731947303,0.04755478663549341,231920.3125,0.003032960928976536,1.4246837963582948e-05,0.003774498372444072,0.02731652930378914,0.0022758154664188623,0.047705507715764456,231920.3125,0.004376010969281197,3.685149204102345e-05,0.00607054297744637,0.026768594980239868,0.0022249731700867414,0.04716962126291392,231920.3125,spatially_localized,ok,/home/cilab/ndquan/videoInpainting/code/BrushNet/examples/brushnet/dataset_test_stc/teacher_flows_512x512/test/Class_B/ParkScene/000056_000057.npz,ParkScene,0.8847057819366455,ParkScene,0
0.9020881652832031,ParkScene__000054-000061,ParkScene__000054-000061,0.11943206936120987,0.2654242831329697,0.7396618127822876,0.9743423461914062,58,57,local_high_frequency_dominant,0.003354964079335332,0.003542797639966011,0.9029257822888168,0.9029257822888168,moderate,0.577431321144104,1.381606101989746,0.027619358152151108,0.002157502342015505,0.046448921860636386,232965.96875,0.004127854481339455,2.450927786412649e-05,0.004950684585400941,0.027033405378460884,0.0021204440854489803,0.046048279940177794,232965.96875,0.0037185661494731903,1.792605507944245e-05,0.004233917226333369,0.0272127203643322,0.0021342532709240913,0.04619797907835462,232965.96875,0.004970209673047066,4.039900522911921e-05,0.006356021179096181,0.02662145346403122,0.002085427986457944,0.04566648646937865,232957.875,distributed_or_mixed,ok,/home/cilab/ndquan/videoInpainting/code/BrushNet/examples/brushnet/dataset_test_stc/teacher_flows_512x512/test/Class_B/ParkScene/000057_000058.npz,ParkScene,0.8886946439743042,ParkScene,0
0.9075736999511719,ParkScene__000054-000061,ParkScene__000054-000061,0.01644614338874817,0.27867636084518455,0.7200552225112915,0.9798927307128906,59,58,local_high_frequency_dominant,0.00039522952283732593,0.0004675176169257611,0.9368575735619245,0.9368575735619245,moderate,0.5119159817695618,1.303126335144043,0.026525476947426796,0.0018928807694464922,0.04350724961941966,234464.390625,0.0022522734943777323,8.513477041560691e-06,0.0029177863255489926,0.02626161463558674,0.0018741812091320753,0.043291814574259596,234464.390625,0.0014817722840234637,3.6207750326866517e-06,0.0019028334222119002,0.026409676298499107,0.0018853888614103198,0.04342106471990662,234464.390625,0.0035410330165177584,2.187387872254476e-05,0.00467695186232922,0.02586890198290348,0.0018406189046800137,0.0429024347173912,234464.390625,distributed_or_mixed,ok,/home/cilab/ndquan/videoInpainting/code/BrushNet/examples/brushnet/dataset_test_stc/teacher_flows_512x512/test/Class_B/ParkScene/000058_000059.npz,ParkScene,0.8944106698036194,ParkScene,0
0.9101295471191406,ParkScene__000054-000061,ParkScene__000054-000061,0.11148445308208466,0.28704193746427586,0.7073257565498352,0.9810333251953125,60,59,local_high_frequency_dominant,0.0031678725499659777,0.003258507000282407,0.902865555183948,0.902865555183948,moderate,0.5473477244377136,1.333261489868164,0.02725522592663765,0.0019423550693318248,0.044072157529803604,236146.875,0.0038801704067736864,2.2056048692320473e-05,0.0046963867698817646,0.026818590238690376,0.0019055807497352362,0.043652958086883825,236146.875,0.0034039958845824003,1.4965796253818553e-05,0.0038685651414728114,0.027006499469280243,0.0019219365203753114,0.043839896445764005,236146.875,0.004869096912443638,4.0189737774198875e-05,0.006339537662495497,0.026401739567518234,0.0018674256280064583,0.04321372036756912,236146.875,distributed_or_mixed,ok,/home/cilab/ndquan/videoInpainting/code/BrushNet/examples/brushnet/dataset_test_stc/teacher_flows_512x512/test/Class_B/ParkScene/000059_000060.npz,ParkScene,0.9008288383483887,ParkScene,0
0.9137115478515625,ParkScene__000054-000061,ParkScene__000054-000061,0.03814695030450821,0.27498405699781653,0.7237949967384338,0.9808349609375,61,60,local_high_frequency_dominant,0.0009023803286254406,0.0010742605663836002,0.9303438606294944,0.9303438606294944,moderate,0.5498533248901367,1.4075347185134888,0.026267163455486298,0.0018753260374069214,0.04330503478126904,236773.609375,0.0024576345458626747,1.0396564903203398e-05,0.003224370466184585,0.025960450991988182,0.0018546333303675056,0.04306545402486203,236773.609375,0.0017822792287915945,5.36781590199098e-06,0.002316854743394799,0.026119835674762726,0.0018659625202417374,0.043196788309337736,236773.609375,0.003666382748633623,2.3558182874694467e-05,0.004853677252835675,0.025604762136936188,0.001825653132982552,0.04272766238612349,236768.40625,distributed_or_mixed,ok,/home/cilab/ndquan/videoInpainting/code/BrushNet/examples/brushnet/dataset_test_stc/teacher_flows_512x512/test/Class_B/ParkScene/000060_000061.npz,ParkScene,0.9032196402549744,ParkScene,0
0.9171981811523438,ParkScene__000060-000067,ParkScene__000054-000061,0.0584227629005909,0.26395742947261436,0.735196053981781,0.9841690063476562,62,61,local_high_frequency_dominant,0.001523554208688438,0.0016424630302935839,0.9227133698266836,0.9227133698266836,moderate,0.553635835647583,1.2149949073791504,0.026193588972091675,0.0019251671619713306,0.04387672688306787,238052.796875,0.0028055603615939617,1.3336682968656532e-05,0.003651942355604279,0.025864290073513985,0.0019009588286280632,0.04359998656683352,238052.796875,0.0021688833367079496,7.24919209460495e-06,0.0026924323751219732,0.02602001652121544,0.001912815379910171,0.04373574487659003,238052.796875,0.003827708540484309,2.6959891329170205e-05,0.005192291529678414,0.025519270449876785,0.0018709080759435892,0.04325399491311281,238052.796875,distributed_or_mixed,ok,/home/cilab/ndquan/videoInpainting/code/BrushNet/examples/brushnet/dataset_test_stc/teacher_flows_512x512/test/Class_B/ParkScene/000061_000062.npz,ParkScene,0.908099353313446,ParkScene,1
0.9224395751953125,ParkScene__000060-000067,ParkScene__000060-000067,0.03306873142719269,0.261115828839871,0.7358216047286987,0.9810333251953125,63,62,local_high_frequency_dominant,0.0007784602348692715,0.0009220268693752587,0.9261014548946576,0.9261014548946576,moderate,0.5171319246292114,1.313342809677124,0.026017749682068825,0.0018968050135299563,0.0435523250071676,239013.921875,0.0026567152235656977,1.1926660590688698e-05,0.0034534997597638105,0.025628969073295593,0.0018731140298768878,0.04327948740312075,239013.921875,0.0018547136569395661,5.6446369853802025e-06,0.0023758444783655774,0.02580496296286583,0.0018858532421290874,0.04342641180352214,239013.921875,0.0038956773933023214,2.6292056645615958e-05,0.005127578048710322,0.025247398763895035,0.0018424310255795717,0.042923548613547455,239013.921875,distributed_or_mixed,ok,/home/cilab/ndquan/videoInpainting/code/BrushNet/examples/brushnet/dataset_test_stc/teacher_flows_512x512/test/Class_B/ParkScene/000062_000063.npz,ParkScene,0.9117657542228699,ParkScene,0
0.924774169921875,ParkScene__000060-000067,ParkScene__000060-000067,0.04114134982228279,0.2654140756136266,0.7341400980949402,0.9813652038574219,64,63,local_high_frequency_dominant,0.000922337465453893,0.0011544221779331565,0.9244633483510135,0.9244633483510135,moderate,0.5113561749458313,1.2677805423736572,0.026208966970443726,0.001908888341858983,0.04369082674725878,240074.15625,0.00261961598880589,1.2590124242706224e-05,0.0035482565074563344,0.02582649514079094,0.0018857927061617374,0.04342571480311795,240074.15625,0.0019546523690223694,6.979414138186257e-06,0.002641858084414501,0.025984713807702065,0.001897080335766077,0.04355548571381195,240074.15625,0.0037217065691947937,2.543472874094732e-05,0.0050432855105523545,0.025492677465081215,0.0018580025061964989,0.043104553195648584,240074.15625,distributed_or_mixed,ok,/home/cilab/ndquan/videoInpainting/code/BrushNet/examples/brushnet/dataset_test_stc/teacher_flows_512x512/test/Class_B/ParkScene/000063_000064.npz,ParkScene,0.915810227394104,ParkScene,0
0.925872802734375,ParkScene__000060-000067,ParkScene__000060-000067,0.014831618405878544,0.26758377336978456,0.7274294495582581,0.9832000732421875,65,64,local_high_frequency_dominant,0.00036755274049937725,0.0004164885904174298,0.9343227657485184,0.9343227657485184,moderate,0.5455470085144043,1.2803833484649658,0.02625366672873497,0.0018894621171057224,0.04346794355735871,240307.0,0.0022470918484032154,9.2433128884295e-06,0.0030402817120177366,0.02598978579044342,0.0018706468399614096,0.043250975017465325,240307.0,0.0015174257569015026,4.2424030652910005e-06,0.0020597094613782306,0.026122821494936943,0.0018810346955433488,0.04337089687271119,240307.0,0.0034331250935792923,2.1465106328832917e-05,0.004633045038506848,0.02566363848745823,0.0018412335775792599,0.04290959773266652,240303.0,distributed_or_mixed,ok,/home/cilab/ndquan/videoInpainting/code/BrushNet/examples/brushnet/dataset_test_stc/teacher_flows_512x512/test/Class_B/ParkScene/000064_000065.npz,ParkScene,0.9166984558105469,ParkScene,0
0.9258499145507812,ParkScene__000060-000067,ParkScene__000060-000067,0.02775452472269535,0.25566992323796234,0.7398768067359924,0.97998046875,66,65,local_high_frequency_dominant,0.0007106385310180485,0.0007512284792028368,0.9378318344241533,0.9378318344241533,static,0.48846688866615295,1.3849254846572876,0.02527809701859951,0.0018036224646493793,0.04246907656930368,240696.71875,0.0021848338656127453,7.852938324504066e-06,0.0028023094626582674,0.0250389501452446,0.0017870883457362652,0.04227396770751789,240696.71875,0.0015540462918579578,3.90569675801089e-06,0.0019762835722666144,0.025169558823108673,0.0017966796876862645,0.04238725855355904,240696.71875,0.0032867123372852802,1.9310393327032216e-05,0.004394359262399038,0.024699397385120392,0.0017588926712051034,0.04193915439306214,240693.09375,distributed_or_mixed,ok,/home/cilab/ndquan/videoInpainting/code/BrushNet/examples/brushnet/dataset_test_stc/teacher_flows_512x512/test/Class_B/ParkScene/000065_000066.npz,ParkScene,0.9181851148605347,ParkScene,0
0.9274787902832031,ParkScene__000060-000067,ParkScene__000060-000067,0.11650902777910233,0.2682264457601539,0.7332602143287659,0.9810600280761719,67,66,local_high_frequency_dominant,0.003358404152095318,0.0034401763696223497,0.9039178471478092,0.9039178471478092,moderate,0.5126801133155823,1.3447641134262085,0.02761337347328663,0.0021060509607195854,0.04589173085338562,241176.6875,0.004079968202859163,2.3397127733915113e-05,0.0048370577559002865,0.02700760029256344,0.0020707850344479084,0.04550587911960287,241176.6875,0.0035970883909612894,1.668608638283331e-05,0.004084860631996312,0.027192406356334686,0.002084021456539631,0.045651083848465536,241176.6875,0.005008025094866753,3.831972207990475e-05,0.0061902925681994025,0.026620682328939438,0.0020383885130286217,0.045148516177484964,241176.6875,distributed_or_mixed,ok,/home/cilab/ndquan/videoInpainting/code/BrushNet/examples/brushnet/dataset_test_stc/teacher_flows_512x512/test/Class_B/ParkScene/000066_000067.npz,ParkScene,0.9200160503387451,ParkScene,0
0.9289779663085938,ParkScene__000066-000073,ParkScene__000060-000067,0.045273300260305405,0.25819792715624235,0.739470362663269,0.9820365905761719,68,67,local_high_frequency_dominant,0.001249280758202076,0.0012938822619616985,0.9299829912684678,0.9299829912684678,moderate,0.547945499420166,1.2628542184829712,0.02668316476047039,0.0020201201550662518,0.04494574679617919,241315.546875,0.0026063360273838043,1.1321613783366047e-05,0.0033647605833648916,0.026392759755253792,0.0019973365124315023,0.04469157093268822,241315.546875,0.001832896494306624,5.4132897275849245e-06,0.0023266477446285084,0.02654659003019333,0.0020098788663744926,0.04483167258060414,241315.546875,0.0037493950221687555,2.5471834305790253e-05,0.005046962879375105,0.026045789942145348,0.001966775394976139,0.044348341513253224,241313.546875,distributed_or_mixed,ok,/home/cilab/ndquan/videoInpainting/code/BrushNet/examples/brushnet/dataset_test_stc/teacher_flows_512x512/test/Class_B/ParkScene/000067_000068.npz,ParkScene,0.920545756816864,ParkScene,1
0.9322319030761719,ParkScene__000066-000073,ParkScene__000066-000073,0.038227371871471405,0.2613941570960141,0.7279493808746338,0.9831771850585938,69,68,local_high_frequency_dominant,0.0009809349430724978,0.0010783522156998515,0.9316904321015987,0.9316904321015987,moderate,0.5692657232284546,1.3312519788742065,0.026446688920259476,0.0019200259121134877,0.04381810027960464,242748.28125,0.002466157777234912,1.0214851499767974e-05,0.0031960681312775507,0.02617829479277134,0.0019002566114068031,0.043591932870736566,242748.28125,0.0018858056282624602,5.45486545888707e-06,0.0023355653403163592,0.026318535208702087,0.0019107410917058587,0.04371202456654071,242748.28125,0.0035058907233178616,2.230414975201711e-05,0.004722726940234541,0.025842394679784775,0.0018720424268394709,0.04326710559812698,242746.6875,distributed_or_mixed,ok,/home/cilab/ndquan/videoInpainting/code/BrushNet/examples/brushnet/dataset_test_stc/teacher_flows_512x512/test/Class_B/ParkScene/000068_000069.npz,ParkScene,0.9260112047195435,ParkScene,0
0.9319343566894531,ParkScene__000066-000073,ParkScene__000066-000073,0.03890661895275116,0.28546779220243135,0.7066752314567566,0.9851531982421875,70,69,local_high_frequency_dominant,0.0010407197987660766,0.0012027296470478177,0.9164699377657507,0.9164699377657507,static,0.4990382194519043,1.2823997735977173,0.028947878628969193,0.0021785793360322714,0.046675254000725815,242244.859375,0.003160519292578101,1.7814652892411686e-05,0.004220740799008118,0.02851518802344799,0.0021445106249302626,0.04630886119232757,242244.859375,0.002302677370607853,9.094713277590927e-06,0.0030157442327874767,0.028743337839841843,0.0021620949264615774,0.04649833251269961,242244.859375,0.004545754287391901,3.810561611317098e-05,0.006172974656773749,0.02800530567765236,0.0021015042439103127,0.04584216665811415,242244.859375,distributed_or_mixed,ok,/home/cilab/ndquan/videoInpainting/code/BrushNet/examples/brushnet/dataset_test_stc/teacher_flows_512x512/test/Class_B/ParkScene/000069_000070.npz,ParkScene,0.9240908026695251,ParkScene,0
0.9259567260742188,ParkScene__000066-000073,ParkScene__000066-000073,0.03727830946445465,0.28383070764997886,0.7119219899177551,0.9828681945800781,71,70,local_high_frequency_dominant,0.001106108888052404,0.0011066778097301722,0.9245296470790856,0.9245296470790856,moderate,0.5085720419883728,1.266353964805603,0.027781657874584198,0.002018954837694764,0.04493278132605152,241325.859375,0.0028592306189239025,1.3284394299262203e-05,0.0036447763030482685,0.02740422822535038,0.0019935662858188152,0.04464937049745288,241325.859375,0.002062738873064518,6.7309179030417e-06,0.002594401260992929,0.027573661878705025,0.002006734488531947,0.044796590144027114,241325.859375,0.004117762204259634,2.9105216526659206e-05,0.005394925071459214,0.026972362771630287,0.001956924330443144,0.04423713745760618,241325.484375,distributed_or_mixed,ok,/home/cilab/ndquan/videoInpainting/code/BrushNet/examples/brushnet/dataset_test_stc/teacher_flows_512x512/test/Class_B/ParkScene/000070_000071.npz,ParkScene,0.9205850958824158,ParkScene,0
0.9286270141601562,ParkScene__000066-000073,ParkScene__000066-000073,0.09937255829572678,0.2642750472628892,0.7348965406417847,0.9842185974121094,72,71,local_high_frequency_dominant,0.002753589069470763,0.0028077128808945417,0.9146904428089372,0.9146904428089372,static,0.48671045899391174,1.1951014995574951,0.02646654099225998,0.0019457766320556402,0.044110958185644075,241726.671875,0.003258243203163147,1.6691774362698197e-05,0.004085556799592706,0.02616267465054989,0.0019189135637134314,0.043805405644890806,241726.671875,0.0028373748064041138,1.1315610208839644e-05,0.003363868339997813,0.026311850175261497,0.0019302201690152287,0.04393427100812336,241726.671875,0.00416908971965313,3.0009559850441292e-05,0.005478098196494956,0.025787975639104843,0.0018882229924201965,0.0434536879035623,241726.671875,distributed_or_mixed,ok,/home/cilab/ndquan/videoInpainting/code/BrushNet/examples/brushnet/dataset_test_stc/teacher_flows_512x512/test/Class_B/ParkScene/000071_000072.npz,ParkScene,0.9221140742301941,ParkScene,0
0.9303512573242188,ParkScene__000066-000073,ParkScene__000066-000073,0.11487266421318054,0.26198092297786457,0.7388131618499756,0.9852561950683594,73,72,local_high_frequency_dominant,0.0027976029086858034,0.003202188992872834,0.9047326952706657,0.9047326952706657,moderate,0.5224159955978394,1.3345248699188232,0.026100412011146545,0.0019006100483238697,0.04359598660798801,242275.046875,0.0035350758116692305,2.07027951546479e-05,0.0045500324344610885,0.025670470669865608,0.0018671611323952675,0.04321065993936297,242275.03125,0.003106895834207535,1.4492569789581466e-05,0.003806910793488792,0.025830481201410294,0.0018807942979037762,0.043368125367645026,242275.046875,0.004440838471055031,3.5367353120818734e-05,0.005947045747328562,0.02529257908463478,0.0018345363205298781,0.04283148748911107,242274.984375,distributed_or_mixed,ok,/home/cilab/ndquan/videoInpainting/code/BrushNet/examples/brushnet/dataset_test_stc/teacher_flows_512x512/test/Class_B/ParkScene/000072_000073.npz,ParkScene,0.9242059588432312,ParkScene,0
0.9286155700683594,ParkScene__000072-000079,ParkScene__000066-000073,0.037441838532686234,0.2613731348224409,0.7345817685127258,0.9844970703125,74,73,local_high_frequency_dominant,0.0009690009173937142,0.0010123885003849864,0.9335591135028337,0.9335591135028337,moderate,0.5415409207344055,1.3691041469573975,0.025323092937469482,0.001776144839823246,0.04214433342483003,241668.640625,0.0022755349054932594,8.89918374014087e-06,0.002983149969435139,0.0250746700912714,0.0017569644842296839,0.041916160179931605,241668.640625,0.0015982749173417687,4.085001364728669e-06,0.002021138630754622,0.025228753685951233,0.0017684058984741569,0.042052418461655174,241668.640625,0.003443085588514805,2.2340200303005986e-05,0.00472654210845582,0.024696435779333115,0.0017267100047320127,0.0415537002531906,241668.640625,distributed_or_mixed,ok,/home/cilab/ndquan/videoInpainting/code/BrushNet/examples/brushnet/dataset_test_stc/teacher_flows_512x512/test/Class_B/ParkScene/000073_000074.npz,ParkScene,0.9218927025794983,ParkScene,1
0.92669677734375,ParkScene__000072-000079,ParkScene__000072-000079,0.04461975023150444,0.26506383190104815,0.7329078912734985,0.9803581237792969,75,74,local_high_frequency_dominant,0.0010243951110169291,0.0011990818893536925,0.9254257957604397,0.9254257957604397,static,0.48973503708839417,1.2651525735855103,0.025196073576807976,0.001748067094013095,0.041809892298511064,241547.859375,0.0025183195248246193,1.1205517694179434e-05,0.0033474643678730077,0.024861304089426994,0.0017255910206586123,0.04154023375787157,241435.140625,0.0018942846218124032,5.55008637093124e-06,0.002355862129015881,0.025030171498656273,0.0017377202166244388,0.04168597146072572,241547.859375,0.0036018353421241045,2.40498502535047e-05,0.004904064666529664,0.02449195273220539,0.0016968174604699016,0.041192444215777016,241462.84375,distributed_or_mixed,ok,/home/cilab/ndquan/videoInpainting/code/BrushNet/examples/brushnet/dataset_test_stc/teacher_flows_512x512/test/Class_B/ParkScene/000074_000075.npz,ParkScene,0.9214319586753845,ParkScene,0
0.9267311096191406,ParkScene__000072-000079,ParkScene__000072-000079,0.050422847270965576,0.2838551919928715,0.7134431600570679,0.9796714782714844,76,75,local_high_frequency_dominant,0.0013597002252936363,0.001452264259569347,0.9270846461542107,0.9270846461542107,moderate,0.6579944491386414,1.3445667028427124,0.026934003457427025,0.0019262426067143679,0.04388898047020878,241200.703125,0.002703295322135091,1.1773409823945258e-05,0.003431240274878059,0.026593191549181938,0.001903281663544476,0.04362661645766809,241137.796875,0.0020190407522022724,5.997856533213053e-06,0.0024490521703738883,0.02677748166024685,0.001915552536956966,0.04376702568095033,241200.703125,0.00382662913762033,2.5581901354598813e-05,0.00505785541060624,0.02620895951986313,0.001872077351436019,0.04326750918918281,241184.234375,distributed_or_mixed,ok,/home/cilab/ndquan/videoInpainting/code/BrushNet/examples/brushnet/dataset_test_stc/teacher_flows_512x512/test/Class_B/ParkScene/000075_000076.npz,ParkScene,0.9201076626777649,ParkScene,0
0.9269943237304688,ParkScene__000072-000079,ParkScene__000072-000079,0.09484343230724335,0.2839053455484149,0.7112960815429688,0.9835624694824219,77,76,local_high_frequency_dominant,0.0025190876331180334,0.002748647937551141,0.9143232895376127,0.9143232895376127,moderate,0.724860429763794,1.5197259187698364,0.027231670916080475,0.0019405367784202099,0.044051524132772184,241272.796875,0.0033507817424833775,1.6797792341094464e-05,0.004098510990725103,0.026753710582852364,0.001913049491122365,0.04373842122347771,241271.140625,0.0028667855076491833,1.1650727174128406e-05,0.0034133161550211556,0.02691521868109703,0.00192502629943192,0.04387512164577917,241272.796875,0.004346754867583513,3.057422873098403e-05,0.005529396778219486,0.026371387764811516,0.0018798051169142127,0.04335671939750761,241174.65625,distributed_or_mixed,ok,/home/cilab/ndquan/videoInpainting/code/BrushNet/examples/brushnet/dataset_test_stc/teacher_flows_512x512/test/Class_B/ParkScene/000076_000077.npz,ParkScene,0.9203826785087585,ParkScene,0
0.9272041320800781,ParkScene__000072-000079,ParkScene__000072-000079,0.09929000586271286,0.2841318171461712,0.7122835516929626,0.9868125915527344,78,77,local_high_frequency_dominant,0.0029214874375611544,0.003072198014706373,0.8911007536697817,0.8911007536697817,moderate,0.6192699074745178,1.4735935926437378,0.028986534103751183,0.0022049436811357737,0.04695682784362434,241391.265625,0.004714871756732464,3.2223124435404316e-05,0.005676541591092619,0.028226645663380623,0.0021576029248535633,0.046450004573235115,241391.265625,0.004219475202262402,2.3392614821204916e-05,0.004836591239830478,0.02841251529753208,0.0021736491471529007,0.046622410353315075,241391.265625,0.005556856282055378,4.9886344640981406e-05,0.00706302659211909,0.02780146896839142,0.002120689256116748,0.046050941967746416,241391.265625,distributed_or_mixed,ok,/home/cilab/ndquan/videoInpainting/code/BrushNet/examples/brushnet/dataset_test_stc/teacher_flows_512x512/test/Class_B/ParkScene/000077_000078.npz,ParkScene,0.9208346009254456,ParkScene,0
0.9277877807617188,ParkScene__000072-000079,ParkScene__000072-000079,0.0886223316192627,0.2705559970858997,0.7270267605781555,0.9891815185546875,79,78,local_high_frequency_dominant,0.0023021043743938208,0.0027037577237933874,0.9082305592932989,0.9082305592932989,static,0.4806591272354126,1.2783809900283813,0.028571801260113716,0.0022256041411310434,0.047176309108821174,241563.46875,0.003803058061748743,2.23656516027404e-05,0.004729233722574979,0.027961507439613342,0.0021906732581555843,0.046804628597560564,241529.8125,0.003302741562947631,1.529309702164028e-05,0.003910638953117543,0.02814236842095852,0.002204437740147114,0.04695144023506748,241563.46875,0.0047813220880925655,3.806898166658357e-05,0.006170006618034017,0.02754797972738743,0.002155877649784088,0.04643142954706529,241507.6875,distributed_or_mixed,ok,/home/cilab/ndquan/videoInpainting/code/BrushNet/examples/brushnet/dataset_test_stc/teacher_flows_512x512/test/Class_B/ParkScene/000078_000079.npz,ParkScene,0.9214915037155151,ParkScene,0
0.9286918640136719,ParkScene__000078-000085,ParkScene__000072-000079,0.15804794430732727,0.2847057947759342,0.7121211886405945,0.9884872436523438,80,79,local_high_frequency_dominant,0.004518500994890928,0.00482228072360158,0.8802173602257017,0.8802173602257017,moderate,0.6024373173713684,1.4113272428512573,0.02859426476061344,0.002143489196896553,0.04629783144917862,241755.640625,0.0050050001591444016,3.8705293263774365e-05,0.006221357831195242,0.027867088094353676,0.0020900778472423553,0.04571736920736314,241755.640625,0.004684653598815203,3.0268696718849242e-05,0.005501699439159617,0.028055984526872635,0.0021063978783786297,0.0458955104381532,241755.640625,0.005718630738556385,5.7131586800096557e-05,0.007558543960320437,0.027450351044535637,0.002050144365057349,0.04527851990798009,241755.640625,distributed_or_mixed,ok,/home/cilab/ndquan/videoInpainting/code/BrushNet/examples/brushnet/dataset_test_stc/teacher_flows_512x512/test/Class_B/ParkScene/000079_000080.npz,ParkScene,0.9222245812416077,ParkScene,1
0.9301109313964844,ParkScene__000078-000085,ParkScene__000078-000085,0.11057350039482117,0.2640534101841033,0.7325239181518555,0.9846267700195312,81,80,local_high_frequency_dominant,0.0028884063940495253,0.0030136946588754654,0.9061714299143961,0.9061714299143961,moderate,0.6025945544242859,1.211352825164795,0.025573082268238068,0.0018029583152383566,0.042461256637532016,242109.375,0.0035315314307808876,1.9006020011147484e-05,0.004359589431488645,0.025233794003725052,0.0017727264203131199,0.04210375779325546,242109.375,0.00310180033557117,1.3048304936091881e-05,0.0036122437536926936,0.02539285458624363,0.0017849755240604281,0.042248970686401675,242109.375,0.004406557884067297,3.341003321111202e-05,0.0057801412795114296,0.02484090067446232,0.0017399309435859323,0.04171247947060846,242109.375,distributed_or_mixed,ok,/home/cilab/ndquan/videoInpainting/code/BrushNet/examples/brushnet/dataset_test_stc/teacher_flows_512x512/test/Class_B/ParkScene/000080_000081.npz,ParkScene,0.9235739707946777,ParkScene,0
0.9308891296386719,ParkScene__000078-000085,ParkScene__000078-000085,0.07264026999473572,0.25185188247160173,0.7495555877685547,0.9858856201171875,82,81,local_high_frequency_dominant,0.0017566425958648324,0.0018371441401541233,0.9279458509965651,0.9279458509965651,moderate,0.5956140160560608,1.4124960899353027,0.023692909628152847,0.0016203566920012236,0.04025365439312589,241833.921875,0.0024700916837900877,9.665783181844745e-06,0.0031089842685103355,0.023444846272468567,0.0016031137201935053,0.04003890258478003,241833.921875,0.0020288447849452496,5.775504178018309e-06,0.0024032278664367864,0.023564811795949936,0.0016114559257403016,0.04014294366062735,241833.921875,0.003339463612064719,1.9604787667049095e-05,0.00442772940309693,0.023131312802433968,0.001577945426106453,0.039723361213603925,241805.125,distributed_or_mixed,ok,/home/cilab/ndquan/videoInpainting/code/BrushNet/examples/brushnet/dataset_test_stc/teacher_flows_512x512/test/Class_B/ParkScene/000081_000082.npz,ParkScene,0.9225232005119324,ParkScene,0
0.9269676208496094,ParkScene__000078-000085,ParkScene__000078-000085,0.02767128311097622,0.26554995221763933,0.7321239113807678,0.9866447448730469,83,82,local_high_frequency_dominant,0.0006440417491830885,0.0006954777636565268,0.929114318842909,0.929114318842909,static,0.4799005687236786,1.3602983951568604,0.02346595749258995,0.0015270373551174998,0.03907732533218593,241697.328125,0.002159450203180313,8.780177267908584e-06,0.0029631363903655505,0.02321586385369301,0.001508427900262177,0.03883848478329422,241697.328125,0.0013884952059015632,3.495931878205738e-06,0.0018697411259866266,0.023362627252936363,0.0015193382278084755,0.03897868940598793,241697.328125,0.003316864836961031,2.14838728425093e-05,0.004635069885396476,0.022838950157165527,0.001478957012295723,0.03845721014706765,241697.328125,distributed_or_mixed,ok,/home/cilab/ndquan/videoInpainting/code/BrushNet/examples/brushnet/dataset_test_stc/teacher_flows_512x512/test/Class_B/ParkScene/000082_000083.npz,ParkScene,0.9220021367073059,ParkScene,0
0.9261817932128906,ParkScene__000078-000085,ParkScene__000078-000085,0.019526362419128418,0.2816343149637705,0.7094960808753967,0.9844284057617188,84,83,local_high_frequency_dominant,0.0004954561009071767,0.0005252096452750266,0.9314391078302612,0.9314391078302612,static,0.4951200783252716,1.3219646215438843,0.02501489967107773,0.0016680504195392132,0.04084177297252426,240668.953125,0.002249716315418482,8.929820978664793e-06,0.002988280605743844,0.024775318801403046,0.001648157718591392,0.040597508773216516,240668.953125,0.0013782449532300234,3.2943387395789614e-06,0.0018150313329468892,0.024916719645261765,0.0016605337150394917,0.04074964680876991,240668.953125,0.003498687408864498,2.3198068447527476e-05,0.004816437318965905,0.024402063339948654,0.0016154068289324641,0.04019212396642487,240668.953125,distributed_or_mixed,ok,/home/cilab/ndquan/videoInpainting/code/BrushNet/examples/brushnet/dataset_test_stc/teacher_flows_512x512/test/Class_B/ParkScene/000083_000084.npz,ParkScene,0.9180791974067688,ParkScene,0
0.8999557495117188,ParkScene__000078-000085,ParkScene__000078-000085,0.0948280319571495,0.2818540754888274,0.708118736743927,0.986572265625,85,84,local_high_frequency_dominant,0.002517543500289321,0.0027026431635022163,0.9043866362349653,0.9043866362349653,static,0.4775640368461609,1.3634002208709717,0.02663201466202736,0.001858668401837349,0.043112276695128834,233473.796875,0.0035274308174848557,2.0391062207636423e-05,0.004515646377611563,0.026182958856225014,0.001824361621402204,0.04271254641674041,233473.796875,0.003007002640515566,1.3119388313498348e-05,0.00362206961742846,0.026354487985372543,0.0018395056249573827,0.04288945820312239,233473.796875,0.004517232999205589,3.713822297868319e-05,0.0060941137976479555,0.025758836418390274,0.001785340835340321,0.04225329378096246,233473.796875,distributed_or_mixed,ok,/home/cilab/ndquan/videoInpainting/code/BrushNet/examples/brushnet/dataset_test_stc/teacher_flows_512x512/test/Class_B/ParkScene/000084_000085.npz,ParkScene,0.8906318545341492,ParkScene,0
0.9280281066894531,ParkScene__000084-000091,ParkScene__000078-000085,0.044006381183862686,0.28443749492670967,0.7073004245758057,0.9877586364746094,86,85,local_high_frequency_dominant,0.001154644531197846,0.0012663721572607756,0.9257487485138799,0.9257487485138799,moderate,0.6095064878463745,1.4628677368164062,0.026774251833558083,0.0018968392396345735,0.04355271793625024,234028.015625,0.0025743450969457626,1.2037601663905662e-05,0.003469524702881601,0.026485376060009003,0.001871193409897387,0.04325729314112693,234028.015625,0.0018011168576776981,5.35143090019119e-06,0.0023133159966142085,0.02666180208325386,0.001885993522591889,0.0434280269249236,234028.015625,0.0038955863565206528,2.8581549486261792e-05,0.005346171479316932,0.026051335036754608,0.0018325828714296222,0.042808677524885326,234028.015625,distributed_or_mixed,ok,/home/cilab/ndquan/videoInpainting/code/BrushNet/examples/brushnet/dataset_test_stc/teacher_flows_512x512/test/Class_B/ParkScene/000085_000086.npz,ParkScene,0.8927460312843323,ParkScene,1
0.9279136657714844,ParkScene__000084-000091,ParkScene__000084-000091,0.04604853689670563,0.28932822422449045,0.7025970816612244,0.985382080078125,87,86,local_high_frequency_dominant,0.0013474613660946488,0.00135546806268394,0.9322133824045377,0.9322133824045377,moderate,0.6748006343841553,1.375607967376709,0.027366042137145996,0.001966320676729083,0.044343214551147314,240551.84375,0.002490276237949729,1.0284084055456333e-05,0.0032068807360823904,0.027078848332166672,0.0019449496176093817,0.04410158293768356,240551.84375,0.0017825986724346876,4.730716682388447e-06,0.00217502107630902,0.02724110707640648,0.0019572670571506023,0.044241011032192766,240551.84375,0.0036928916815668344,2.4873113943613134e-05,0.0049872952533024486,0.026682306081056595,0.0019100693752989173,0.04370434046292104,240551.84375,distributed_or_mixed,ok,/home/cilab/ndquan/videoInpainting/code/BrushNet/examples/brushnet/dataset_test_stc/teacher_flows_512x512/test/Class_B/ParkScene/000086_000087.npz,ParkScene,0.9176324605941772,ParkScene,0
0.9308395385742188,ParkScene__000084-000091,ParkScene__000084-000091,0.1388394981622696,0.2895701501944815,0.7020715475082397,0.9842071533203125,88,87,local_high_frequency_dominant,0.0038231657817959785,0.0038624696899205446,0.8874145687257957,0.8874145687257957,moderate,0.5590595006942749,1.4461963176727295,0.02584037184715271,0.0017445879057049751,0.04176826433675423,241136.203125,0.004426306113600731,2.7405998480389826e-05,0.005235073875351696,0.025258341804146767,0.0017026851419359446,0.041263605537276364,241105.203125,0.004002004861831665,2.0178120394120924e-05,0.0044920062771684685,0.025436123833060265,0.00171869236510247,0.041457114770597214,241136.203125,0.00529002258554101,4.4928649003850296e-05,0.006702883633470769,0.024849094450473785,0.0016657041851431131,0.04081303940094529,241110.203125,distributed_or_mixed,ok,/home/cilab/ndquan/videoInpainting/code/BrushNet/examples/brushnet/dataset_test_stc/teacher_flows_512x512/test/Class_B/ParkScene/000087_000088.npz,ParkScene,0.9198616147041321,ParkScene,0
0.940185546875,ParkScene__000084-000091,ParkScene__000084-000091,0.07474613189697266,0.29862421107813475,0.6940246224403381,0.9860725402832031,89,88,local_high_frequency_dominant,0.0019561415538191795,0.002204514341428876,0.916067070543559,0.916067070543559,moderate,0.6314305663108826,1.4454981088638306,0.027488429099321365,0.0019325691973790526,0.04396099631922658,242197.453125,0.003120746463537216,1.5994548448361456e-05,0.003999318497989558,0.027073508128523827,0.00190529297105968,0.04364966175195038,241945.453125,0.002493607811629772,9.573162060405593e-06,0.003094052691924556,0.02724297344684601,0.0019178196089342237,0.043792917337558405,242197.453125,0.00422961451113224,3.1137318728724495e-05,0.005580082322755148,0.026681847870349884,0.0018689471762627363,0.04323132170386115,242197.09375,distributed_or_mixed,ok,/home/cilab/ndquan/videoInpainting/code/BrushNet/examples/brushnet/dataset_test_stc/teacher_flows_512x512/test/Class_B/ParkScene/000088_000089.npz,ParkScene,0.9239099621772766,ParkScene,0
0.9293556213378906,ParkScene__000084-000091,ParkScene__000084-000091,0.07475389540195465,0.3144404885751825,0.6808308959007263,0.9820060729980469,90,89,local_high_frequency_dominant,0.0021029601339250803,0.0021469842176884413,0.9043837257269359,0.9043837257269359,moderate,0.6325675845146179,1.1864478588104248,0.02675359509885311,0.0017583727603778243,0.04193295554069405,241222.796875,0.0035164905712008476,1.9252880520070903e-05,0.0043878104471445556,0.026195084676146507,0.0017224140465259552,0.04150197641710519,240954.796875,0.0029720261227339506,1.2629348930204287e-05,0.003553779527517751,0.026404205709695816,0.0017398372292518616,0.041711356118590316,241206.796875,0.00457351328805089,3.4997308830497786e-05,0.005915852333391849,0.025756193324923515,0.0016854798886924982,0.04105459643806645,240932.875,distributed_or_mixed,ok,/home/cilab/ndquan/videoInpainting/code/BrushNet/examples/brushnet/dataset_test_stc/teacher_flows_512x512/test/Class_B/ParkScene/000089_000090.npz,ParkScene,0.9201919436454773,ParkScene,0
0.9387855529785156,ParkScene__000084-000091,ParkScene__000084-000091,0.07945606857538223,0.3083123905420008,0.685234546661377,0.9816169738769531,91,90,local_high_frequency_dominant,0.0019158500945195556,0.002217416651546955,0.9104510527391185,0.9104510527391185,moderate,0.5056728720664978,1.1364086866378784,0.025999652221798897,0.0016808588989078999,0.040998279218863565,241461.046875,0.003178322920575738,1.5993902707123198e-05,0.003999237765765271,0.02556178905069828,0.0016532810404896736,0.040660558782309834,241461.046875,0.0025469388347119093,1.0002949238696601e-05,0.003162743941373788,0.02573278360068798,0.0016662937123328447,0.04082026105174788,241461.046875,0.004335228819400072,3.111669502686709e-05,0.005578234041958717,0.025135746225714684,0.0016179195372387767,0.040223370535532904,241461.046875,distributed_or_mixed,ok,/home/cilab/ndquan/videoInpainting/code/BrushNet/examples/brushnet/dataset_test_stc/teacher_flows_512x512/test/Class_B/ParkScene/000090_000091.npz,ParkScene,0.9211007952690125,ParkScene,0
0.9358558654785156,ParkScene__000090-000097,ParkScene__000084-000091,0.11318318545818329,0.30260050204651967,0.694808304309845,0.9817619323730469,92,91,local_high_frequency_dominant,0.002890633651986718,0.003237115917727351,0.9020565160272989,0.9020565160272989,static,0.45930764079093933,1.1770305633544922,0.026610223576426506,0.001811998663470149,0.04256757760867006,242542.484375,0.003686019452288747,2.0977688109269366e-05,0.004580140621123915,0.02610977552831173,0.0017794017912819982,0.04218295617049614,242542.484375,0.003182835876941681,1.5310362869058736e-05,0.0039128458785209945,0.02627072110772133,0.0017922043334692717,0.04233443437048937,242542.484375,0.0046956539154052734,3.6118904972681776e-05,0.006009900579267662,0.02569400705397129,0.0017435519257560372,0.041755860974910304,242542.484375,distributed_or_mixed,ok,/home/cilab/ndquan/videoInpainting/code/BrushNet/examples/brushnet/dataset_test_stc/teacher_flows_512x512/test/Class_B/ParkScene/000091_000092.npz,ParkScene,0.9252261519432068,ParkScene,1
0.9386253356933594,ParkScene__000090-000097,ParkScene__000090-000097,0.09943682700395584,0.2841114463989271,0.70906001329422,0.9902496337890625,93,92,local_high_frequency_dominant,0.0024482060689479113,0.002686570631340146,0.9028141702096389,0.9028141702096389,static,0.48024699091911316,1.0485197305679321,0.02514507807791233,0.0016835853457450867,0.0410315164933626,244517.546875,0.003437623381614685,1.914588392537553e-05,0.00437560097876572,0.02474197745323181,0.001652213861234486,0.04064743363651002,244517.546875,0.002899840706959367,1.2697071724687703e-05,0.0035632950656222257,0.024913856759667397,0.0016657841624692082,0.04081401919033714,244517.546875,0.0044382535852491856,3.480894156382419e-05,0.0058999103013371475,0.02433723583817482,0.0016172411851584911,0.04021493733873635,244517.546875,distributed_or_mixed,ok,/home/cilab/ndquan/videoInpainting/code/BrushNet/examples/brushnet/dataset_test_stc/teacher_flows_512x512/test/Class_B/ParkScene/000092_000093.npz,ParkScene,0.9327604174613953,ParkScene,0
0.9400596618652344,ParkScene__000090-000097,ParkScene__000090-000097,0.03255777433514595,0.2727079622881979,0.7268658876419067,0.9855194091796875,94,93,local_high_frequency_dominant,0.0006574256694875658,0.0007748898351565003,0.9383706705231071,0.9383706705231071,static,0.442237913608551,1.1571779251098633,0.02212921902537346,0.0013526497641578317,0.036778387188100455,244724.625,0.0017407683189958334,5.778764716524165e-06,0.0024039061372117185,0.021960048004984856,0.0013397043803706765,0.036601972356290806,244724.625,0.0011092948261648417,2.3547875116491923e-06,0.0015345316913147125,0.02205727808177471,0.0013475464656949043,0.03670894258481037,244724.625,0.002760322531685233,1.5112460459931754e-05,0.003887474817916092,0.02167724445462227,0.0013165397103875875,0.036284152331115406,244724.625,distributed_or_mixed,ok,/home/cilab/ndquan/videoInpainting/code/BrushNet/examples/brushnet/dataset_test_stc/teacher_flows_512x512/test/Class_B/ParkScene/000093_000094.npz,ParkScene,0.9335503578186035,ParkScene,0
0.9423751831054688,ParkScene__000090-000097,ParkScene__000090-000097,0.0551564022898674,0.2802783939437107,0.7152376174926758,0.9926071166992188,95,94,local_high_frequency_dominant,0.001165345311164856,0.0013190375175327063,0.935190304957718,0.935190304957718,static,0.4413816034793854,1.1438922882080078,0.02228262647986412,0.0013258126564323902,0.03641171042992062,245625.96875,0.001960830995813012,6.306765953922877e-06,0.002511327528205526,0.02209155447781086,0.001313187531195581,0.03623792945513831,245625.96875,0.0014929630560800433,3.407180884096306e-06,0.001845855055007382,0.02219518832862377,0.0013201942201703787,0.036334477017983605,245625.96875,0.002926618792116642,1.545100167277269e-05,0.003930776217590196,0.021730458363890648,0.0012885727919638157,0.035896696114876864,245621.390625,distributed_or_mixed,ok,/home/cilab/ndquan/videoInpainting/code/BrushNet/examples/brushnet/dataset_test_stc/teacher_flows_512x512/test/Class_B/ParkScene/000094_000095.npz,ParkScene,0.9369887113571167,ParkScene,0
0.9439048767089844,ParkScene__000090-000097,ParkScene__000090-000097,0.0849621593952179,0.29093292834370915,0.7011494040489197,0.9900894165039062,96,95,local_high_frequency_dominant,0.0020963791757822037,0.002211010316386819,0.9145901117150897,0.9145901117150897,static,0.4190581738948822,1.0396215915679932,0.024248074740171432,0.0015262012602761388,0.03906662591363808,245521.640625,0.002928421599790454,1.3117864909872878e-05,0.003621859316687063,0.02389058843255043,0.0015041801379993558,0.038783761266789944,245521.09375,0.002436258364468813,8.801991498330608e-06,0.0029668150428246464,0.02402929589152336,0.001514078350737691,0.038911159719773075,245521.640625,0.0038498479407280684,2.4688022676855326e-05,0.0049687043257629375,0.02353598177433014,0.0014758268371224403,0.038416491733660955,245513.5,distributed_or_mixed,ok,/home/cilab/ndquan/videoInpainting/code/BrushNet/examples/brushnet/dataset_test_stc/teacher_flows_512x512/test/Class_B/ParkScene/000095_000096.npz,ParkScene,0.9365907311439514,ParkScene,0
0.9462432861328125,ParkScene__000090-000097,ParkScene__000090-000097,0.0773468017578125,0.2846941011304341,0.7090273499488831,0.9907035827636719,97,96,local_high_frequency_dominant,0.0016023237258195877,0.0019133215537294745,0.9179343788513763,0.9179343788513763,moderate,0.5126276016235352,1.136188268661499,0.023063935339450836,0.0014171699294820428,0.03764531749742646,246372.34375,0.00256675248965621,1.1170238394697662e-05,0.003342190658041169,0.022776177152991295,0.001397536601871252,0.037383640832204294,246357.953125,0.0021006660535931587,7.2159155024564825e-06,0.0026862456146928343,0.02290072664618492,0.0014068804448470473,0.037508404989376014,246372.34375,0.003472673473879695,2.1938605641480535e-05,0.004683866526864374,0.022450271993875504,0.001370701938867569,0.037022992030190764,246353.953125,distributed_or_mixed,ok,/home/cilab/ndquan/videoInpainting/code/BrushNet/examples/brushnet/dataset_test_stc/teacher_flows_512x512/test/Class_B/ParkScene/000096_000097.npz,ParkScene,0.9398359060287476,ParkScene,0
0.9476966857910156,ParkScene__000092-000099,ParkScene__000090-000097,0.02823907695710659,0.28610450010707805,0.7087682485580444,0.9918899536132812,98,97,local_high_frequency_dominant,0.0005619516014121473,0.000677171628922224,0.9328575375769282,0.9328575375769282,static,0.4389851689338684,1.0840073823928833,0.022296089679002762,0.0013190768659114838,0.03631909781246615,247372.03125,0.0019940147176384926,6.7608830249810126e-06,0.0026001698069512717,0.02207343280315399,0.001305087236687541,0.036125991151628505,247372.03125,0.0013832425465807319,3.1008803489385173e-06,0.0017609316707182358,0.02219044417142868,0.0013131106970831752,0.036236869305766126,247372.03125,0.0030225617811083794,1.6387011783081107e-05,0.004048087422855527,0.021768590435385704,0.0012811919441446662,0.03579374168963991,247372.03125,distributed_or_mixed,ok,/home/cilab/ndquan/videoInpainting/code/BrushNet/examples/brushnet/dataset_test_stc/teacher_flows_512x512/test/Class_B/ParkScene/000097_000098.npz,ParkScene,0.943649411201477,ParkScene,1
0.94976806640625,ParkScene__000092-000099,ParkScene__000092-000099,0.06764719635248184,0.2986645687081417,0.6833017468452454,0.9911041259765625,99,98,local_high_frequency_dominant,0.001604386605322361,0.0018705197144299746,0.917962309984591,0.917962309984591,static,0.48046207427978516,1.112899661064148,0.025833135470747948,0.0016806238563731313,0.04099541262596501,247775.09375,0.0028137045446783304,1.323859760304913e-05,0.0036384883678595333,0.025510916486382484,0.0016575431218370795,0.04071293555907114,247775.09375,0.0022142152301967144,8.267249540949706e-06,0.0028752825149799986,0.025625552982091904,0.001668346463702619,0.04084539709321748,247775.09375,0.003862714162096381,2.6273459297954105e-05,0.005125764264766192,0.025134490802884102,0.0016227812739089131,0.040283759431176645,247775.09375,distributed_or_mixed,ok,/home/cilab/ndquan/videoInpainting/code/BrushNet/examples/brushnet/dataset_test_stc/teacher_flows_512x512/test/Class_B/ParkScene/000098_000099.npz,ParkScene,0.945186972618103,ParkScene,0
