{
  "per_sequence": [
    {
      "sequence": ".",
      "method": "frameBase",
      "frame_count": 150,
      "pair_count": 149,
      "warping_error_l1": 0.05309437622859974,
      "warping_error_l2": 0.007184384237574851,
      "frame_similarity_ssim": 0.5478721997748552
    },
    {
      "sequence": ".",
      "method": "sharedNoise_v0",
      "frame_count": 150,
      "pair_count": 149,
      "warping_error_l1": 0.030819259683957836,
      "warping_error_l2": 0.002618085267178514,
      "frame_similarity_ssim": 0.7814064823274377
    }
  ],
  "aggregate_by_method": {
    "frameBase": {
      "sequence_count": 1.0,
      "frame_count": 150.0,
      "pair_count": 149.0,
      "warping_error_l1": 0.05309437622859974,
      "warping_error_l2": 0.007184384237574851,
      "frame_similarity_ssim": 0.5478721997748552
    },
    "sharedNoise_v0": {
      "sequence_count": 1.0,
      "frame_count": 150.0,
      "pair_count": 149.0,
      "warping_error_l1": 0.030819259683957836,
      "warping_error_l2": 0.002618085267178514,
      "frame_similarity_ssim": 0.7814064823274377
    }
  }
}