bg_current_fraction,clip_current,clip_previous,directional_coherence,energy_support90_fraction,energy_top10_fraction,flow_valid_fraction,frame_current,frame_previous,frequency_diagnosis,global_dc_l1,global_dc_rmse,local_frequency_share,local_rmse_share,motion_band,motion_mean_px,motion_p90_px,raw_temporal_l1,raw_temporal_mse,raw_temporal_rmse,raw_weight,sigma_16_coarse_l1,sigma_16_coarse_mse,sigma_16_coarse_rmse,sigma_16_local_l1,sigma_16_local_mse,sigma_16_local_rmse,sigma_16_weight,sigma_32_coarse_l1,sigma_32_coarse_mse,sigma_32_coarse_rmse,sigma_32_local_l1,sigma_32_local_mse,sigma_32_local_rmse,sigma_32_weight,sigma_8_coarse_l1,sigma_8_coarse_mse,sigma_8_coarse_rmse,sigma_8_local_l1,sigma_8_local_mse,sigma_8_local_rmse,sigma_8_weight,spatial_scope_diagnosis,status,teacher_flow,unit_id,valid_coverage,video,window_boundary
0.5572471618652344,PartyScene__000000-000007,PartyScene__000000-000007,0.03017934411764145,0.31927838750064064,0.6502430438995361,0.9489364624023438,1,0,local_high_frequency_dominant,0.0018562228651717305,0.0019473807187750936,0.9174358543741582,0.9174358543741582,static,0.2210145890712738,0.33014291524887085,0.06062197685241699,0.008523319847881794,0.09232182758092365,136521.859375,0.006035929080098867,6.756799120921642e-05,0.00821997513434295,0.05984357371926308,0.00834275409579277,0.09133867798360544,136386.578125,0.0037153775338083506,2.2201558749657124e-05,0.004711853005947567,0.06034442037343979,0.008464598096907139,0.09200325046924776,136440.625,0.009848935529589653,0.0002019989915424958,0.01421263492609642,0.05871253088116646,0.008065668866038322,0.08980906895207366,136453.03125,distributed_or_mixed,ok,/home/cilab/ndquan/videoInpainting/code/BrushNet/examples/brushnet/dataset_test_stc/teacher_flows_512x512/test/Class_C/PartyScene/000000_000001.npz,PartyScene,0.5207895636558533,PartyScene,0
0.5560798645019531,PartyScene__000000-000007,PartyScene__000000-000007,0.021450746804475784,0.3101945471027125,0.6673159599304199,0.9579200744628906,2,1,local_high_frequency_dominant,0.0008558082045055926,0.0012322094989940524,0.894438455239817,0.894438455239817,static,0.24664197862148285,0.32482823729515076,0.054026491940021515,0.0069893598556518555,0.08360239144696673,143435.5,0.006178427487611771,9.446879994357005e-05,0.009719506157391436,0.05318116769194603,0.006782313343137503,0.08235480157912775,143321.734375,0.004077863413840532,3.936388384317979e-05,0.0062740643799039705,0.05367955192923546,0.00690692150965333,0.08310789077851351,143321.734375,0.009836073033511639,0.0002367778797633946,0.01538758849733754,0.05204053968191147,0.006494567729532719,0.08058888092989454,143321.734375,distributed_or_mixed,ok,/home/cilab/ndquan/videoInpainting/code/BrushNet/examples/brushnet/dataset_test_stc/teacher_flows_512x512/test/Class_C/PartyScene/000001_000002.npz,PartyScene,0.5471630096435547,PartyScene,0
0.5587730407714844,PartyScene__000000-000007,PartyScene__000000-000007,0.029674028977751732,0.31723140957595397,0.6551442742347717,0.9687271118164062,3,2,local_high_frequency_dominant,0.0017070722533389926,0.0017704712226986885,0.9148843194540106,0.9148843194540106,static,0.251766562461853,0.3382733464241028,0.055815186351537704,0.007360843010246754,0.08579535541185639,143209.046875,0.005640277173370123,6.214799941517413e-05,0.007883400244512144,0.055018581449985504,0.007180263288319111,0.08473643424359507,142961.1875,0.0033692114520817995,2.05661854124628e-05,0.0045349956353300715,0.05550331622362137,0.007291562855243683,0.08539064852338155,143021.1875,0.009648734703660011,0.00019252748461440206,0.013875427366910255,0.05376138910651207,0.00687623443081975,0.08292306332269539,142959.1875,distributed_or_mixed,ok,/home/cilab/ndquan/videoInpainting/code/BrushNet/examples/brushnet/dataset_test_stc/teacher_flows_512x512/test/Class_C/PartyScene/000002_000003.npz,PartyScene,0.546299159526825,PartyScene,0
0.5563583374023438,PartyScene__000000-000007,PartyScene__000000-000007,0.028925109654664993,0.3047019493163783,0.6669389009475708,0.9533348083496094,4,3,local_high_frequency_dominant,0.0013390308013185859,0.0018048681085929275,0.894054175482288,0.894054175482288,static,0.1945076584815979,0.2617863118648529,0.05841170251369476,0.00828495528548956,0.09102172974344949,143295.609375,0.006569942459464073,0.00011298940080450848,0.010629647256824117,0.05749547481536865,0.008046327158808708,0.08970132194571442,143295.609375,0.0043273731134831905,3.948922312702052e-05,0.0062840451245213475,0.05804579332470894,0.008190450258553028,0.09050110639408243,143295.609375,0.010155990719795227,0.00027622244670055807,0.016619941236375,0.05621238797903061,0.007706776726990938,0.08778824936738935,143294.515625,distributed_or_mixed,ok,/home/cilab/ndquan/videoInpainting/code/BrushNet/examples/brushnet/dataset_test_stc/teacher_flows_512x512/test/Class_C/PartyScene/000003_000004.npz,PartyScene,0.5466293692588806,PartyScene,0
0.5704078674316406,PartyScene__000000-000007,PartyScene__000000-000007,0.008355258032679558,0.3051760551189281,0.6660630106925964,0.9620819091796875,5,4,local_high_frequency_dominant,0.0004132020694669336,0.0004992539179511368,0.9043589229161352,0.9043589229161352,static,0.23938503861427307,0.3038559556007385,0.056129589676856995,0.007560929283499718,0.08695360420074442,144323.109375,0.006254645064473152,8.262722985818982e-05,0.009089952137288172,0.055354416370391846,0.007387813646346331,0.08595239174302441,144323.109375,0.004110970068722963,3.611157080740668e-05,0.0060092903746953915,0.055819153785705566,0.007488338742405176,0.08653518788565248,144323.109375,0.009656405076384544,0.00020298587332945317,0.014247311091200794,0.05417592078447342,0.007113222032785416,0.08433991956828875,144322.71875,distributed_or_mixed,ok,/home/cilab/ndquan/videoInpainting/code/BrushNet/examples/brushnet/dataset_test_stc/teacher_flows_512x512/test/Class_C/PartyScene/000004_000005.npz,PartyScene,0.5505489706993103,PartyScene,0
0.5536727905273438,PartyScene__000000-000007,PartyScene__000000-000007,0.03753949701786041,0.3094370533570601,0.6639458537101746,0.9625167846679688,6,5,local_high_frequency_dominant,0.0018349067540839314,0.002192713087424636,0.9077541838584513,0.9077541838584513,static,0.26065051555633545,0.3335588872432709,0.054951101541519165,0.007191271521151066,0.08480136509013912,141631.25,0.0058675771579146385,7.210494368337095e-05,0.00849146298840023,0.05411043018102646,0.006982455961406231,0.08356109119324753,140920.796875,0.0039918916299939156,3.495262353681028e-05,0.00591207438525686,0.05449198558926582,0.007074717432260513,0.08411133949866993,140919.515625,0.009287793189287186,0.0001945388357853517,0.01394771794184811,0.052977047860622406,0.0067075262777507305,0.08189948887356215,140920.703125,distributed_or_mixed,ok,/home/cilab/ndquan/videoInpainting/code/BrushNet/examples/brushnet/dataset_test_stc/teacher_flows_512x512/test/Class_C/PartyScene/000005_000006.npz,PartyScene,0.5402803421020508,PartyScene,0
0.5288047790527344,PartyScene__000000-000007,PartyScene__000000-000007,0.019465623423457146,0.2996277410617151,0.674319326877594,0.9495849609375,7,6,local_high_frequency_dominant,0.0008315499871969223,0.0011444500414654613,0.9122799942805154,0.9122799942805154,static,0.25199460983276367,0.35193583369255066,0.05530867725610733,0.00742920720949769,0.08619284894640443,135115.828125,0.005938984453678131,6.618225597776473e-05,0.008135247751467975,0.05406349524855614,0.0071581462398171425,0.08460582863974055,134079.40625,0.004025793634355068,2.9578064641100354e-05,0.005438571930304899,0.054490480571985245,0.007242750842124224,0.08510435266262369,134061.40625,0.00924189854413271,0.00017402922094333917,0.013192013528773352,0.05298471823334694,0.006913354154676199,0.08314658233912083,134152.40625,distributed_or_mixed,ok,/home/cilab/ndquan/videoInpainting/code/BrushNet/examples/brushnet/dataset_test_stc/teacher_flows_512x512/test/Class_C/PartyScene/000006_000007.npz,PartyScene,0.515425980091095,PartyScene,0
0.506500244140625,PartyScene__000006-000013,PartyScene__000000-000007,0.011567278765141964,0.3007872335561161,0.6703155040740967,0.9509162902832031,8,7,local_high_frequency_dominant,0.0006303454865701497,0.0006914682453498244,0.9283375851931165,0.9283375851931165,static,0.17862363159656525,0.26896902918815613,0.05620218440890312,0.007631157990545034,0.08735649941787407,131201.421875,0.004721677862107754,4.4632750359596685e-05,0.006680774682594578,0.055472854524850845,0.007490014191716909,0.08654486808423079,130795.421875,0.0028678891249001026,1.3803660294797737e-05,0.003715327750656426,0.05571645870804787,0.007543157320469618,0.08685135186322443,130395.84375,0.008344254456460476,0.00015073262329678982,0.012277321503356904,0.05449952930212021,0.007264934480190277,0.08523458500039921,131201.40625,distributed_or_mixed,ok,/home/cilab/ndquan/videoInpainting/code/BrushNet/examples/brushnet/dataset_test_stc/teacher_flows_512x512/test/Class_C/PartyScene/000007_000008.npz,PartyScene,0.5004937052726746,PartyScene,1
0.5143814086914062,PartyScene__000006-000013,PartyScene__000006-000013,0.022516733035445213,0.3099807102619869,0.6668387651443481,0.9439849853515625,9,8,local_high_frequency_dominant,0.0011672114487737417,0.0012894412502646446,0.9140388817460681,0.9140388817460681,static,0.22441139817237854,0.31885290145874023,0.05384610593318939,0.006890003569424152,0.08300604537878041,130045.1953125,0.0055004265159368515,5.941600102232769e-05,0.007708177542216298,0.053010594099760056,0.006717824377119541,0.08196233511265734,129641.703125,0.0031977249309420586,1.6676074665156193e-05,0.004083634981870465,0.05330550670623779,0.006779814139008522,0.08233962678448647,129277.2890625,0.0091415885835886,0.00017841937369666994,0.0133573715115164,0.052015095949172974,0.006486954633146524,0.0805416329183021,130045.1015625,distributed_or_mixed,ok,/home/cilab/ndquan/videoInpainting/code/BrushNet/examples/brushnet/dataset_test_stc/teacher_flows_512x512/test/Class_C/PartyScene/000008_000009.npz,PartyScene,0.4960830509662628,PartyScene,0
0.5238914489746094,PartyScene__000006-000013,PartyScene__000006-000013,0.019750405102968216,0.3093961913257785,0.6655338406562805,0.9602088928222656,10,9,local_high_frequency_dominant,0.0007883179350756109,0.0011252893600612879,0.9206176905388985,0.9206176905388985,static,0.25577613711357117,0.3602205812931061,0.053535424172878265,0.00684726657345891,0.08274821190490408,132307.53125,0.004919109400361776,4.993888069293462e-05,0.007066744702685574,0.05289851129055023,0.006716607604175806,0.08195491201981615,132304.59375,0.00303259096108377,2.077421231660992e-05,0.004557873661764872,0.053315870463848114,0.0068044657818973064,0.08248918584819047,132305.5,0.008610980585217476,0.0001589832390891388,0.012608855582055765,0.05173182114958763,0.006440106779336929,0.08025027588324497,132304.53125,distributed_or_mixed,ok,/home/cilab/ndquan/videoInpainting/code/BrushNet/examples/brushnet/dataset_test_stc/teacher_flows_512x512/test/Class_C/PartyScene/000009_000010.npz,PartyScene,0.5047131776809692,PartyScene,0
0.5257415771484375,PartyScene__000006-000013,PartyScene__000006-000013,0.02711690403521061,0.31252821670428893,0.6664510369300842,0.9531707763671875,11,10,local_high_frequency_dominant,0.0013680426636710763,0.0015659761847928166,0.9143375836309481,0.9143375836309481,static,0.2529023587703705,0.3744036853313446,0.05448571592569351,0.006988590117543936,0.08359778775508318,132807.40625,0.005436069332063198,6.008343189023435e-05,0.007751350326893653,0.05372726917266846,0.006845217198133469,0.08273582777813653,132734.9375,0.0036999296862632036,2.5498635295662098e-05,0.005049617341508374,0.054059892892837524,0.006917488761246204,0.08317144198128468,132516.625,0.008746612817049026,0.0001569154701428488,0.012526590523476402,0.05263498052954674,0.0066093034110963345,0.0812976224197014,132725.9375,distributed_or_mixed,ok,/home/cilab/ndquan/videoInpainting/code/BrushNet/examples/brushnet/dataset_test_stc/teacher_flows_512x512/test/Class_C/PartyScene/000010_000011.npz,PartyScene,0.5066200494766235,PartyScene,0
0.5122871398925781,PartyScene__000006-000013,PartyScene__000006-000013,0.018742183223366737,0.33404220020210246,0.6414597630500793,0.9630088806152344,12,11,local_high_frequency_dominant,0.0011643554316833615,0.0012203024234622717,0.9051019913170087,0.9051019913170087,static,0.3006095290184021,0.3467533588409424,0.06095724552869797,0.008445396088063717,0.09189883616272687,132590.296875,0.006251309532672167,9.071969543583691e-05,0.009524688731703358,0.06010545790195465,0.008252440951764584,0.09084294662638692,132590.25,0.0040659778751432896,3.4559507184894755e-05,0.005878733467754322,0.06056171655654907,0.008360256440937519,0.09143443793745068,132590.296875,0.009758001193404198,0.00021796209330204874,0.014763539321654843,0.058902934193611145,0.00796124991029501,0.08922583656259553,132590.234375,distributed_or_mixed,ok,/home/cilab/ndquan/videoInpainting/code/BrushNet/examples/brushnet/dataset_test_stc/teacher_flows_512x512/test/Class_C/PartyScene/000011_000012.npz,PartyScene,0.5057918429374695,PartyScene,0
0.5025863647460938,PartyScene__000006-000013,PartyScene__000006-000013,0.032289691269397736,0.3072635645112596,0.6735720038414001,0.9588775634765625,13,12,local_high_frequency_dominant,0.0015645293751731515,0.0019022781634703279,0.9103960869018077,0.9103960869018077,static,0.21458591520786285,0.3302912414073944,0.05535955727100372,0.007391643710434437,0.08597466900450641,129130.0390625,0.005949079524725676,6.98826479492709e-05,0.008359584197151848,0.05449768528342247,0.007214000448584557,0.08493527211108796,128836.7578125,0.003936226479709148,2.625762135721743e-05,0.005124219097308138,0.054900817573070526,0.007305879611521959,0.08547443835160287,128797.7578125,0.009344181045889854,0.0001900221104733646,0.01378485075992354,0.05344810709357262,0.006962071172893047,0.08343902667752691,129118.59375,distributed_or_mixed,ok,/home/cilab/ndquan/videoInpainting/code/BrushNet/examples/brushnet/dataset_test_stc/teacher_flows_512x512/test/Class_C/PartyScene/000012_000013.npz,PartyScene,0.4925920069217682,PartyScene,0
0.489349365234375,PartyScene__000012-000019,PartyScene__000006-000013,0.0325784832239151,0.30407476458320165,0.6713228821754456,0.9570350646972656,14,13,local_high_frequency_dominant,0.0014964775182306767,0.001802485785447061,0.9056952286706325,0.9056952286706325,static,0.202622190117836,0.29386797547340393,0.05236300826072693,0.006531430408358574,0.08081726553378661,126539.2890625,0.005686412565410137,6.927771755727008e-05,0.00832332370854757,0.05153464525938034,0.006389846093952656,0.07993651289587667,126537.375,0.00392908276990056,2.6969044483848847e-05,0.005193172872517229,0.05183086544275284,0.006448087282478809,0.08029998307894473,126032.53125,0.008664410561323166,0.00016489988774992526,0.01284133512333999,0.05055900663137436,0.006171438377350569,0.0785585028965711,126539.2265625,distributed_or_mixed,ok,/home/cilab/ndquan/videoInpainting/code/BrushNet/examples/brushnet/dataset_test_stc/teacher_flows_512x512/test/Class_C/PartyScene/000013_000014.npz,PartyScene,0.4827090799808502,PartyScene,1
0.494537353515625,PartyScene__000012-000019,PartyScene__000012-000019,0.033563289791345596,0.29466386620975,0.6845911741256714,0.9550971984863281,15,14,local_high_frequency_dominant,0.0016077831387519836,0.0017928926972672343,0.9254345539300486,0.9254345539300486,static,0.2110576629638672,0.3355746269226074,0.05055612698197365,0.0062475018203258514,0.07904114004950745,126650.2109375,0.004645186942070723,3.9910297346068546e-05,0.006317459722552139,0.04998228698968887,0.006147536914795637,0.07840623007641445,126648.3828125,0.003048095852136612,1.5930787412798963e-05,0.003991339050093209,0.05031802877783775,0.006214911583811045,0.07883471052658876,126146.546875,0.00763392448425293,0.00012182343925815076,0.011037365594114872,0.04904796928167343,0.0059472015127539635,0.07711810107072116,126650.1953125,distributed_or_mixed,ok,/home/cilab/ndquan/videoInpainting/code/BrushNet/examples/brushnet/dataset_test_stc/teacher_flows_512x512/test/Class_C/PartyScene/000014_000015.npz,PartyScene,0.4831322133541107,PartyScene,0
0.4991607666015625,PartyScene__000012-000019,PartyScene__000012-000019,0.028567565605044365,0.29669289334044024,0.6818435192108154,0.9624900817871094,16,15,local_high_frequency_dominant,0.0013595209456980228,0.001687430078163743,0.9256412947401177,0.9256412947401177,static,0.2135390341281891,0.30758729577064514,0.05586928874254227,0.007597180549055338,0.08716180671059623,125727.5703125,0.005159066524356604,4.823799827136099e-05,0.006945358037665228,0.055228181183338165,0.007474998012185097,0.08645807083312175,125721.1484375,0.00314826681278646,1.6462759958812967e-05,0.004057432680749364,0.05556748807430267,0.007544887717813253,0.08686131312508033,125044.65625,0.008407266810536385,0.00014582577568944544,0.012075834368251555,0.05419347062706947,0.007239806465804577,0.08508705228061775,125727.5234375,distributed_or_mixed,ok,/home/cilab/ndquan/videoInpainting/code/BrushNet/examples/brushnet/dataset_test_stc/teacher_flows_512x512/test/Class_C/PartyScene/000015_000016.npz,PartyScene,0.4796126186847687,PartyScene,0
0.535430908203125,PartyScene__000012-000019,PartyScene__000012-000019,0.01805814355611801,0.30749947449960685,0.6677623987197876,0.9641227722167969,17,16,local_high_frequency_dominant,0.001107752788811922,0.0011197553249076009,0.9123551754933936,0.9123551754933936,static,0.27338653802871704,0.3511117696762085,0.05845135450363159,0.008094104006886482,0.0899672385198439,128446.53125,0.006427487824112177,7.306054612854496e-05,0.008547546205113193,0.05762878432869911,0.007916956208646297,0.08897727917084393,128410.0390625,0.004038119222968817,2.5532635845593177e-05,0.005052982866148784,0.058118391782045364,0.008033128455281258,0.08962772146652652,128266.1875,0.009844278916716576,0.00020467171270865947,0.014306352180365876,0.05648712068796158,0.00763499503955245,0.08737845867004321,128438.1953125,distributed_or_mixed,ok,/home/cilab/ndquan/videoInpainting/code/BrushNet/examples/brushnet/dataset_test_stc/teacher_flows_512x512/test/Class_C/PartyScene/000016_000017.npz,PartyScene,0.4899846315383911,PartyScene,0
0.5232925415039062,PartyScene__000012-000019,PartyScene__000012-000019,0.0380684994161129,0.297758034392184,0.680179238319397,0.9688987731933594,18,17,local_high_frequency_dominant,0.0020966341253370047,0.002167829778045416,0.9121660089961429,0.9121660089961429,static,0.26442891359329224,0.3567896783351898,0.053795043379068375,0.00703058298677206,0.08384857176345975,134335.296875,0.005488262511789799,6.305830902419984e-05,0.007940926206948397,0.052793972194194794,0.006800875999033451,0.08246742386562982,133940.328125,0.0035188263282179832,2.1015079255448654e-05,0.004584220681364353,0.05319899693131447,0.006888101808726788,0.08299458903282061,133777.84375,0.008589177392423153,0.0001747828209772706,0.013220545411490049,0.05204104632139206,0.00664752721786499,0.08153236914174021,134316.796875,distributed_or_mixed,ok,/home/cilab/ndquan/videoInpainting/code/BrushNet/examples/brushnet/dataset_test_stc/teacher_flows_512x512/test/Class_C/PartyScene/000017_000018.npz,PartyScene,0.5124484896659851,PartyScene,0
0.532562255859375,PartyScene__000012-000019,PartyScene__000012-000019,0.030242756009101868,0.30734674079325397,0.6698377132415771,0.9626731872558594,19,18,local_high_frequency_dominant,0.0015843827277421951,0.0018131150864064693,0.9144927053812891,0.9144927053812891,static,0.26425859332084656,0.3860432803630829,0.05676589906215668,0.007613737601786852,0.087256733847806,134026.375,0.005757955834269524,6.501730968011543e-05,0.008063331177628476,0.055930767208337784,0.007436749525368214,0.08623659040899179,133767.65625,0.0036174277774989605,2.5573874154360965e-05,0.005057061810415309,0.05636805668473244,0.0075245932675898075,0.08674441346616972,133765.65625,0.008997880853712559,0.00016782109742052853,0.012954578241707777,0.054917871952056885,0.00720285065472126,0.08486960972410124,133872.65625,distributed_or_mixed,ok,/home/cilab/ndquan/videoInpainting/code/BrushNet/examples/brushnet/dataset_test_stc/teacher_flows_512x512/test/Class_C/PartyScene/000018_000019.npz,PartyScene,0.5112700462341309,PartyScene,0
0.5466270446777344,PartyScene__000018-000025,PartyScene__000012-000019,0.0204335767775774,0.3050351029539467,0.6729547381401062,0.9658584594726562,20,19,local_high_frequency_dominant,0.001052670762874186,0.0012550655519589782,0.9173834288335259,0.9173834288335259,static,0.19851699471473694,0.2684561014175415,0.05808129161596298,0.008036952465772629,0.08964905167246684,135922.0,0.005571271758526564,6.390085036400706e-05,0.007993800745828424,0.05730418115854263,0.007879054173827171,0.08876403648903744,135890.25,0.003485781839117408,2.1444426238304004e-05,0.00463081269738952,0.057747505605220795,0.00797511637210846,0.08930350705380198,135878.4375,0.009026783518493176,0.00017737966845743358,0.013318395866523626,0.05620339885354042,0.007625783793628216,0.08732573385679743,135888.34375,distributed_or_mixed,ok,/home/cilab/ndquan/videoInpainting/code/BrushNet/examples/brushnet/dataset_test_stc/teacher_flows_512x512/test/Class_C/PartyScene/000019_000020.npz,PartyScene,0.5185012817382812,PartyScene,1
0.5642166137695312,PartyScene__000018-000025,PartyScene__000018-000025,0.027453558519482613,0.3093292867108727,0.6729119420051575,0.9718704223632812,21,20,local_high_frequency_dominant,0.0015608310932293534,0.0015869286144152284,0.9150659833324912,0.9150659833324912,static,0.28005507588386536,0.36205509305000305,0.05463501811027527,0.007089383900165558,0.08419847920340104,139073.34375,0.00556184072047472,5.973113002255559e-05,0.007728591723112018,0.053852204233407974,0.006933335680514574,0.08326665407301156,139040.96875,0.0032110398169606924,1.9463279386400245e-05,0.004411720683180231,0.05431502312421799,0.0070350440219044685,0.08387516928092884,139006.28125,0.009224209934473038,0.0001844034413807094,0.013579522870141992,0.05276823788881302,0.006682606413960457,0.08174721043534426,139048.5,distributed_or_mixed,ok,/home/cilab/ndquan/videoInpainting/code/BrushNet/examples/brushnet/dataset_test_stc/teacher_flows_512x512/test/Class_C/PartyScene/000020_000021.npz,PartyScene,0.5305227041244507,PartyScene,0
0.6071090698242188,PartyScene__000018-000025,PartyScene__000018-000025,0.03376088663935661,0.3212021745820084,0.6561787724494934,0.968109130859375,22,21,local_high_frequency_dominant,0.0018552286783233285,0.002092422917485237,0.9118966308301114,0.9118966308301114,static,0.2671537399291992,0.3818654417991638,0.05872063338756561,0.00793141033500433,0.08905846582444776,146229.21875,0.00621578237041831,7.26319121895358e-05,0.008522435813166081,0.05801292508840561,0.007780968677252531,0.08820979921331037,146084.109375,0.004435008857399225,3.355792068759911e-05,0.0057929198758138465,0.058386288583278656,0.007869026623666286,0.08870753419899736,146036.53125,0.009236720390617847,0.0001777367142494768,0.013331793362090368,0.056960493326187134,0.007536594290286303,0.08681356052072915,146120.734375,distributed_or_mixed,ok,/home/cilab/ndquan/videoInpainting/code/BrushNet/examples/brushnet/dataset_test_stc/teacher_flows_512x512/test/Class_C/PartyScene/000021_000022.npz,PartyScene,0.557820200920105,PartyScene,0
0.6225547790527344,PartyScene__000018-000025,PartyScene__000018-000025,0.029252776876091957,0.32636625371362615,0.6488267183303833,0.9757957458496094,23,22,local_high_frequency_dominant,0.001695366925559938,0.0018334578489884734,0.9135849840145572,0.9135849840145572,static,0.2638379633426666,0.3770494759082794,0.059266213327646255,0.008003713563084602,0.08946347614018026,152500.125,0.006200016476213932,7.026021921774372e-05,0.008382136912371673,0.058515824377536774,0.007852880284190178,0.08861647862666502,152500.109375,0.00426947558298707,3.2929732697084546e-05,0.005738443403666586,0.05893978103995323,0.007942618802189827,0.08912137118665661,152495.90625,0.009510548785328865,0.00017749010294210166,0.01332254115933224,0.05735056847333908,0.0076009598560631275,0.08718348384908192,152500.109375,distributed_or_mixed,ok,/home/cilab/ndquan/videoInpainting/code/BrushNet/examples/brushnet/dataset_test_stc/teacher_flows_512x512/test/Class_C/PartyScene/000022_000023.npz,PartyScene,0.5817418098449707,PartyScene,0
0.6133689880371094,PartyScene__000018-000025,PartyScene__000018-000025,0.04422471672296524,0.3229257518620075,0.6561384797096252,0.9716110229492188,24,23,local_high_frequency_dominant,0.001547858933918178,0.0025495560839772224,0.9177516881785458,0.9177516881785458,static,0.26752233505249023,0.35686901211738586,0.0543396957218647,0.006786157842725515,0.08237813934974203,159257.359375,0.005243292544037104,5.3594078053720295e-05,0.007320797637806982,0.05371822789311409,0.006672878284007311,0.08168768746884264,159256.015625,0.00367730762809515,2.454428067721892e-05,0.004954218472899527,0.054043158888816833,0.0067389849573373795,0.08209132084049676,159257.015625,0.008035840466618538,0.00013102461525704712,0.011446598414247226,0.05288156494498253,0.006493563763797283,0.08058265175456367,159251.0,distributed_or_mixed,ok,/home/cilab/ndquan/videoInpainting/code/BrushNet/examples/brushnet/dataset_test_stc/teacher_flows_512x512/test/Class_C/PartyScene/000023_000024.npz,PartyScene,0.6075186133384705,PartyScene,0
0.6117362976074219,PartyScene__000018-000025,PartyScene__000018-000025,0.035828497260808945,0.2856565018170327,0.6983886957168579,0.9690017700195312,25,24,local_high_frequency_dominant,0.0016860362375155091,0.0018295490881428123,0.9048812539454164,0.9048812539454164,static,0.22240348160266876,0.3280883729457855,0.048350729048252106,0.0058695292100310326,0.07661285277308914,158347.53125,0.0055040717124938965,6.349180330289528e-05,0.007968174402138503,0.047661829739809036,0.005746039561927319,0.07580263558694592,158347.53125,0.003765192348510027,2.6876203264691867e-05,0.005184226390185122,0.04800943657755852,0.005812176037579775,0.07623762875102934,158347.53125,0.008089941926300526,0.00013965486141387373,0.011817565799007583,0.04678639397025108,0.005584159400314093,0.07472723332436504,158347.53125,distributed_or_mixed,ok,/home/cilab/ndquan/videoInpainting/code/BrushNet/examples/brushnet/dataset_test_stc/teacher_flows_512x512/test/Class_C/PartyScene/000024_000025.npz,PartyScene,0.6040478944778442,PartyScene,0
0.6223793029785156,PartyScene__000024-000031,PartyScene__000018-000025,0.0185861736536026,0.2921636454139337,0.6931521892547607,0.9739913940429688,26,25,local_high_frequency_dominant,0.0009487761999480426,0.00096049316925928,0.9179992885475478,0.9179992885475478,static,0.2809872627258301,0.41150835156440735,0.04890803247690201,0.005906231701374054,0.07685201169373547,158782.828125,0.0050028469413518906,4.627010639524087e-05,0.006802213345319366,0.04822126403450966,0.005798957776278257,0.07615088821726414,158757.0625,0.00318201188929379,1.8082739188685082e-05,0.004252380414389696,0.048610661178827286,0.005864957347512245,0.07658300952242765,158765.375,0.007819789461791515,0.0001253273949259892,0.01119497185909769,0.04729921743273735,0.00561917619779706,0.07496116459739043,158752.09375,distributed_or_mixed,ok,/home/cilab/ndquan/videoInpainting/code/BrushNet/examples/brushnet/dataset_test_stc/teacher_flows_512x512/test/Class_C/PartyScene/000025_000026.npz,PartyScene,0.6057084202766418,PartyScene,1
0.6647071838378906,PartyScene__000024-000031,PartyScene__000024-000031,0.0278918594121933,0.3068763467748409,0.680345356464386,0.9744033813476562,27,26,local_high_frequency_dominant,0.0014499123208224773,0.001472005620598793,0.8963438495187103,0.8963438495187103,static,0.2716437876224518,0.4151230454444885,0.049654070287942886,0.005967112258076668,0.07724708575782434,161957.953125,0.006107770372182131,7.748026109766215e-05,0.008802287265118206,0.04872583970427513,0.005793622694909573,0.07611585048404552,161882.390625,0.004198924172669649,3.320529140182771e-05,0.005762403266157941,0.049204323440790176,0.00589451240375638,0.07677572795979457,161906.46875,0.00913672149181366,0.00018806233128998429,0.013713582000702234,0.047656379640102386,0.005568436812609434,0.07462195931901972,161873.4375,distributed_or_mixed,ok,/home/cilab/ndquan/videoInpainting/code/BrushNet/examples/brushnet/dataset_test_stc/teacher_flows_512x512/test/Class_C/PartyScene/000026_000027.npz,PartyScene,0.6178205609321594,PartyScene,0
0.6570358276367188,PartyScene__000024-000031,PartyScene__000024-000031,0.040306780487298965,0.29762375419693277,0.6877198219299316,0.972198486328125,28,27,local_high_frequency_dominant,0.0019306574249640107,0.0020342161878943443,0.901882056670918,0.901882056670918,static,0.31196191906929016,0.35695022344589233,0.04762303829193115,0.005587869789451361,0.074752055419576,169443.484375,0.00569312134757638,6.433637463487685e-05,0.008020995863038258,0.04674023017287254,0.005435746628791094,0.0737275160899314,169443.421875,0.003970156889408827,2.7938493076362647e-05,0.005285687568932035,0.047207463532686234,0.005532532464712858,0.07438099531945548,169443.484375,0.008680104278028011,0.0001745989138726145,0.013213588228509866,0.04565929248929024,0.005214417818933725,0.0722109258972195,169442.5625,distributed_or_mixed,ok,/home/cilab/ndquan/videoInpainting/code/BrushNet/examples/brushnet/dataset_test_stc/teacher_flows_512x512/test/Class_C/PartyScene/000027_000028.npz,PartyScene,0.6463755965232849,PartyScene,0
0.6601676940917969,PartyScene__000024-000031,PartyScene__000024-000031,0.013719077222049236,0.2813580616564219,0.7063513398170471,0.9793243408203125,29,28,local_high_frequency_dominant,0.0005989388446323574,0.0006627986440435052,0.9044467159878667,0.9044467159878667,static,0.3383220136165619,0.3518548309803009,0.045712295919656754,0.00535688828676939,0.07319076640375745,170291.109375,0.005147061310708523,5.830047302879393e-05,0.007635474643320737,0.04489688575267792,0.005223322194069624,0.07227255491588508,170291.109375,0.0032597545068711042,2.211373248428572e-05,0.0047025240546206375,0.04538004845380783,0.005307466257363558,0.07285235931226633,170291.109375,0.008170604705810547,0.00015470825019292533,0.012438177125002094,0.04389519989490509,0.00503183389082551,0.07093542056564908,170291.109375,distributed_or_mixed,ok,/home/cilab/ndquan/videoInpainting/code/BrushNet/examples/brushnet/dataset_test_stc/teacher_flows_512x512/test/Class_C/PartyScene/000028_000029.npz,PartyScene,0.6496090292930603,PartyScene,0
0.6647415161132812,PartyScene__000024-000031,PartyScene__000024-000031,0.020214764401316643,0.28652166566645887,0.6937011480331421,0.9813156127929688,30,29,local_high_frequency_dominant,0.0009891887893900275,0.0009973713895305991,0.9183159385110661,0.9183159385110661,static,0.3168216049671173,0.37138116359710693,0.04671002924442291,0.005451328121125698,0.07383310992451624,171571.203125,0.004706094507128,4.2367504647700116e-05,0.006509032543143421,0.04605201259255409,0.005354790482670069,0.07317643392971585,171571.203125,0.0029579799156636,1.5011488358140923e-05,0.003874466202993765,0.046402063220739365,0.0054152961820364,0.07358869602076396,171571.203125,0.007349356543272734,0.0001119395747082308,0.010580150032406479,0.04524010047316551,0.005195365287363529,0.07207888239535577,171571.203125,distributed_or_mixed,ok,/home/cilab/ndquan/videoInpainting/code/BrushNet/examples/brushnet/dataset_test_stc/teacher_flows_512x512/test/Class_C/PartyScene/000029_000030.npz,PartyScene,0.654492199420929,PartyScene,0
0.671234130859375,PartyScene__000024-000031,PartyScene__000024-000031,0.009938649833202362,0.29752022879464285,0.6804521679878235,0.9822845458984375,31,30,local_high_frequency_dominant,0.0003552526468411088,0.0005012405454181135,0.913752548625829,0.913752548625829,static,0.3025539815425873,0.41383886337280273,0.04776753857731819,0.0055428617633879185,0.0744503980069141,172016.625,0.004881375469267368,4.837631422560662e-05,0.006955308348707958,0.04712286591529846,0.005429970100522041,0.07368833083007133,172016.625,0.0031238868832588196,1.825646177167073e-05,0.004272758098894756,0.04751075804233551,0.005500500090420246,0.07416535640324427,172016.625,0.007640067487955093,0.00012808987230528146,0.011317679634327941,0.046187929809093475,0.005248616449534893,0.07244733569659338,171975.625,distributed_or_mixed,ok,/home/cilab/ndquan/videoInpainting/code/BrushNet/examples/brushnet/dataset_test_stc/teacher_flows_512x512/test/Class_C/PartyScene/000030_000031.npz,PartyScene,0.656191349029541,PartyScene,0
0.7184257507324219,PartyScene__000030-000037,PartyScene__000024-000031,0.05319240316748619,0.2940577094943446,0.6891012787818909,0.9943122863769531,32,31,local_high_frequency_dominant,0.002211596118286252,0.002837326843291521,0.9027876378139768,0.9027876378139768,static,0.2562519609928131,0.3574889302253723,0.05047319084405899,0.006294315215200186,0.07933672047167178,175616.40625,0.005798141472041607,7.126555283321068e-05,0.008441892728127424,0.049653079360723495,0.00614621676504612,0.07839781097100938,175616.40625,0.004102460108697414,3.1919320463202894e-05,0.005649718618055495,0.05006470903754234,0.006231616251170635,0.0789405868433383,175616.40625,0.008637375198304653,0.00016643978597130626,0.012901154443355302,0.04869858920574188,0.005953015759587288,0.07715578889226192,175616.40625,distributed_or_mixed,ok,/home/cilab/ndquan/videoInpainting/code/BrushNet/examples/brushnet/dataset_test_stc/teacher_flows_512x512/test/Class_C/PartyScene/000031_000032.npz,PartyScene,0.6699234247207642,PartyScene,1
0.7257461547851562,PartyScene__000030-000037,PartyScene__000030-000037,0.01355146337300539,0.2780218668285643,0.702485203742981,0.992462158203125,33,32,local_high_frequency_dominant,0.0006719466182403266,0.0007328361971303821,0.9220894990687294,0.9220894990687294,static,0.2853190302848816,0.4180036187171936,0.0514022521674633,0.006686967331916094,0.08177387927642966,187636.578125,0.005109239835292101,4.690777859650552e-05,0.006848925360704811,0.050723884254693985,0.006570509169250727,0.08105867732236152,187636.578125,0.0030788297299295664,1.6007676094886847e-05,0.004000959396805577,0.05110865831375122,0.006648077163845301,0.08153574163423855,187636.578125,0.008072890341281891,0.00013963469245936722,0.011816712421793434,0.04981595277786255,0.006356344558298588,0.07972668661306945,187636.53125,distributed_or_mixed,ok,/home/cilab/ndquan/videoInpainting/code/BrushNet/examples/brushnet/dataset_test_stc/teacher_flows_512x512/test/Class_C/PartyScene/000032_000033.npz,PartyScene,0.7157767415046692,PartyScene,0
0.7166519165039062,PartyScene__000030-000037,PartyScene__000030-000037,0.01264022383838892,0.27696277459611934,0.7010936141014099,0.9918022155761719,34,33,local_high_frequency_dominant,0.0005960825365036726,0.000666009378619492,0.9256914025201726,0.9256914025201726,static,0.29634878039360046,0.4328556954860687,0.05022778734564781,0.006355435587465763,0.07972098586611785,187164.765625,0.004281745757907629,4.032818469568156e-05,0.006350447598058074,0.049698859453201294,0.006258395500481129,0.07911002149210382,187164.765625,0.0027306880801916122,1.3762923117610626e-05,0.0037098413871229892,0.05001606047153473,0.0063210176303982735,0.07950482771755608,187164.765625,0.0070541026070714,0.00011397405614843592,0.01067586325073696,0.04895959049463272,0.006093844771385193,0.07806308200029764,187164.765625,distributed_or_mixed,ok,/home/cilab/ndquan/videoInpainting/code/BrushNet/examples/brushnet/dataset_test_stc/teacher_flows_512x512/test/Class_C/PartyScene/000033_000034.npz,PartyScene,0.7139769196510315,PartyScene,0
0.7210578918457031,PartyScene__000030-000037,PartyScene__000030-000037,0.03529275581240654,0.28181195410172977,0.704258143901825,0.9860115051269531,35,34,local_high_frequency_dominant,0.0013658256502822042,0.001783034298568964,0.9254588424477151,0.9254588424477151,static,0.27912992238998413,0.37084445357322693,0.04809148609638214,0.005813549272716045,0.0762466345009145,186736.203125,0.004531017504632473,3.719712549354881e-05,0.006098944621288901,0.047588858753442764,0.005733652040362358,0.07572088245895156,186736.109375,0.0030253028962761164,1.6346140910172835e-05,0.004043036100528022,0.04786517098546028,0.005781283602118492,0.07603475259457673,186736.203125,0.006936865858733654,9.552235860610381e-05,0.009773554041703755,0.04685373231768608,0.005590163171291351,0.0747673937708902,186736.109375,distributed_or_mixed,ok,/home/cilab/ndquan/videoInpainting/code/BrushNet/examples/brushnet/dataset_test_stc/teacher_flows_512x512/test/Class_C/PartyScene/000034_000035.npz,PartyScene,0.7123420834541321,PartyScene,0
0.7379112243652344,PartyScene__000030-000037,PartyScene__000030-000037,0.027883242815732956,0.3172010045160568,0.6625120043754578,0.9928665161132812,36,35,local_high_frequency_dominant,0.0013559116050601006,0.0016674071084707975,0.9166094446853716,0.9166094446853716,static,0.3070659041404724,0.4166824519634247,0.05648157373070717,0.007423955015838146,0.08616237587159575,187462.4375,0.005806008353829384,6.039523213985376e-05,0.0077714369417665454,0.055764466524124146,0.007296886295080185,0.08542181392993352,187462.4375,0.004090387374162674,2.7284520911052823e-05,0.005223458711529442,0.05612621456384659,0.0073708463460206985,0.08585363327210269,187462.4375,0.008845542557537556,0.00015128821542020887,0.012299927455892123,0.05480887368321419,0.007087958976626396,0.08419001708413175,187462.4375,distributed_or_mixed,ok,/home/cilab/ndquan/videoInpainting/code/BrushNet/examples/brushnet/dataset_test_stc/teacher_flows_512x512/test/Class_C/PartyScene/000035_000036.npz,PartyScene,0.7151124477386475,PartyScene,0
0.7403144836425781,PartyScene__000030-000037,PartyScene__000030-000037,0.025954071432352066,0.28388824986269573,0.6954798698425293,0.9962692260742188,37,36,local_high_frequency_dominant,0.0013561242958530784,0.0013721230207011104,0.9079695503516331,0.9079695503516331,static,0.2767983675003052,0.4015883803367615,0.050189416855573654,0.006270627491176128,0.07918729374827838,192888.046875,0.005416455678641796,6.30647991783917e-05,0.007941334848650552,0.049508970230817795,0.0061385598964989185,0.07834896231922232,192888.046875,0.003498244099318981,2.295666308782529e-05,0.004791311207574112,0.04988517612218857,0.0062154787592589855,0.07883830768895908,192888.046875,0.00792151689529419,0.00014969025505706668,0.01223479689480241,0.04869185388088226,0.005959804635494947,0.07719977095493838,192888.046875,distributed_or_mixed,ok,/home/cilab/ndquan/videoInpainting/code/BrushNet/examples/brushnet/dataset_test_stc/teacher_flows_512x512/test/Class_C/PartyScene/000036_000037.npz,PartyScene,0.7358095049858093,PartyScene,0
0.7184715270996094,PartyScene__000036-000043,PartyScene__000030-000037,0.024534150958061218,0.3000656003498685,0.6754316687583923,0.9967041015625,38,37,local_high_frequency_dominant,0.0009120283066295087,0.0013484322698786855,0.9136599384676644,0.9136599384676644,static,0.3032384216785431,0.45636817812919617,0.05211382359266281,0.006502150092273951,0.08063591068670305,187462.953125,0.005603176075965166,5.700476322090253e-05,0.0075501498806912785,0.05137859284877777,0.006383452098816633,0.0798965086772672,187462.953125,0.003984630573540926,2.6580508347251453e-05,0.005155628802314171,0.051714036613702774,0.006451270543038845,0.08031980168699898,187462.953125,0.008344609290361404,0.00013867772941011935,0.011776150874123486,0.05050647631287575,0.006193885114043951,0.07870123959661596,187462.734375,distributed_or_mixed,ok,/home/cilab/ndquan/videoInpainting/code/BrushNet/examples/brushnet/dataset_test_stc/teacher_flows_512x512/test/Class_C/PartyScene/000037_000038.npz,PartyScene,0.715114414691925,PartyScene,1
0.7194595336914062,PartyScene__000036-000043,PartyScene__000036-000043,0.009331749752163887,0.27833949418929343,0.7023509740829468,0.9980659484863281,39,38,local_high_frequency_dominant,0.000372724374756217,0.00045718508772552013,0.925061683244293,0.925061683244293,static,0.28530898690223694,0.3888939917087555,0.046521659940481186,0.0054794494062662125,0.07402330312993478,187867.40625,0.0044099874794483185,3.537096927175298e-05,0.005947349768741787,0.04592446982860565,0.0053898971527814865,0.07341591893303173,187867.40625,0.0028740663547068834,1.3289395610627253e-05,0.0036454623315331698,0.046249859035015106,0.005450332537293434,0.07382636749355499,187867.40625,0.006995020434260368,0.00010952855518553406,0.01046558909882927,0.04515382647514343,0.005222170148044825,0.07226458432762776,187867.40625,distributed_or_mixed,ok,/home/cilab/ndquan/videoInpainting/code/BrushNet/examples/brushnet/dataset_test_stc/teacher_flows_512x512/test/Class_C/PartyScene/000038_000039.npz,PartyScene,0.716657280921936,PartyScene,0
0.7233963012695312,PartyScene__000036-000043,PartyScene__000036-000043,0.01901276782155037,0.27632237255298536,0.7004650831222534,0.9952964782714844,40,39,local_high_frequency_dominant,0.0008973709191195667,0.000988689949735999,0.9234049371318241,0.9234049371318241,static,0.25512591004371643,0.3515911102294922,0.04940558597445488,0.006161800120025873,0.07849713447015676,187763.453125,0.004664803855121136,4.172289482085034e-05,0.006459326189383096,0.0488131120800972,0.006063973065465689,0.0778715163937732,187763.453125,0.003041076473891735,1.7050117094186135e-05,0.004129178743307939,0.049112483859062195,0.006125544663518667,0.07826585886271656,187763.453125,0.007329677697271109,0.00011752750287996605,0.010841010233366909,0.04805606231093407,0.005889712832868099,0.07674446450961854,187763.453125,distributed_or_mixed,ok,/home/cilab/ndquan/videoInpainting/code/BrushNet/examples/brushnet/dataset_test_stc/teacher_flows_512x512/test/Class_C/PartyScene/000039_000040.npz,PartyScene,0.7162607312202454,PartyScene,0
0.7191963195800781,PartyScene__000036-000043,PartyScene__000036-000043,0.0348660871386528,0.27696535270372463,0.7042554616928101,0.9979896545410156,41,40,local_high_frequency_dominant,0.0015329145826399326,0.001696330844424665,0.9106610965877368,0.9106610965877368,static,0.29410019516944885,0.41488492488861084,0.046169690787792206,0.0054079024121165276,0.07353844173027144,187752.53125,0.005100449081510305,5.1098668336635455e-05,0.0071483332558461106,0.04550895839929581,0.005309356842190027,0.07286533361064113,187752.5,0.003732608864083886,2.5571780497557484e-05,0.005056854802894531,0.04580271244049072,0.005360913462936878,0.07321825908157663,187752.53125,0.00746108777821064,0.00011446455755503848,0.010698811034644854,0.04478679969906807,0.005158459767699242,0.07182241828077944,187752.5,distributed_or_mixed,ok,/home/cilab/ndquan/videoInpainting/code/BrushNet/examples/brushnet/dataset_test_stc/teacher_flows_512x512/test/Class_C/PartyScene/000040_000041.npz,PartyScene,0.7162190675735474,PartyScene,0
0.7180099487304688,PartyScene__000036-000043,PartyScene__000036-000043,0.02266971953213215,0.2675806787313413,0.7162528038024902,0.9979324340820312,42,41,local_high_frequency_dominant,0.0010363355977460742,0.0010392619296908379,0.9219223310842962,0.9219223310842962,static,0.29392874240875244,0.4073100984096527,0.04352698475122452,0.0049626799300313,0.07044629110202538,187276.53125,0.004407520405948162,3.5049837606493384e-05,0.005920290331266988,0.043023690581321716,0.004886759910732508,0.06990536396252084,187276.53125,0.0027903104200959206,1.3780854715150781e-05,0.003712257361114768,0.043291714042425156,0.004932407755404711,0.07023110247892106,187276.4375,0.006774397566914558,9.076917922357097e-05,0.00952728603661982,0.04234955087304115,0.004754227120429277,0.06895090369552292,187276.53125,distributed_or_mixed,ok,/home/cilab/ndquan/videoInpainting/code/BrushNet/examples/brushnet/dataset_test_stc/teacher_flows_512x512/test/Class_C/PartyScene/000041_000042.npz,PartyScene,0.7144032716751099,PartyScene,0
0.7204437255859375,PartyScene__000036-000043,PartyScene__000036-000043,0.023632826283574104,0.2706411506712071,0.7070062160491943,0.9971084594726562,43,42,local_high_frequency_dominant,0.0009963815100491047,0.0011531937634572387,0.9255315378980002,0.9255315378980002,static,0.30821511149406433,0.42041295766830444,0.04634315147995949,0.005519876256585121,0.07429586971417133,187593.625,0.004156733397394419,3.517299410304986e-05,0.00593068243147868,0.04584573954343796,0.005433091428130865,0.07370950704034633,187593.625,0.0026369488332420588,1.2013650120934471e-05,0.0034660712804174226,0.04614793509244919,0.005490744486451149,0.07409955793694824,187593.625,0.006715196184813976,0.0001023265504045412,0.010115658673785964,0.045081496238708496,0.005276301875710487,0.07263815716075461,187593.625,distributed_or_mixed,ok,/home/cilab/ndquan/videoInpainting/code/BrushNet/examples/brushnet/dataset_test_stc/teacher_flows_512x512/test/Class_C/PartyScene/000042_000043.npz,PartyScene,0.7156128883361816,PartyScene,0
0.7156219482421875,PartyScene__000042-000049,PartyScene__000036-000043,0.019234508275985718,0.26840025630072617,0.7115448713302612,0.9994621276855469,44,43,local_high_frequency_dominant,0.0006019272841513157,0.000959829892963171,0.9326701541339686,0.9326701541339686,static,0.2819877564907074,0.4171965718269348,0.04731397703289986,0.00581971462816,0.07628705413213961,187181.734375,0.004121886566281319,2.9962962798890658e-05,0.005473843512459107,0.04688872769474983,0.005749441683292389,0.07582507291979605,187181.734375,0.0026667763013392687,1.1900854588020593e-05,0.0034497615262537485,0.04712528735399246,0.005794423166662455,0.07612110854856526,187181.734375,0.006552171893417835,8.792030712356791e-05,0.009376582912957572,0.04617850482463837,0.005588829983025789,0.07475847766658836,187181.734375,distributed_or_mixed,ok,/home/cilab/ndquan/videoInpainting/code/BrushNet/examples/brushnet/dataset_test_stc/teacher_flows_512x512/test/Class_C/PartyScene/000043_000044.npz,PartyScene,0.7140416502952576,PartyScene,1
0.7150611877441406,PartyScene__000042-000049,PartyScene__000042-000049,0.024883262813091278,0.26354853911404336,0.7182676196098328,0.9997062683105469,45,44,local_high_frequency_dominant,0.000875480764079839,0.0012162362691015005,0.9237870345292963,0.9237870345292963,static,0.2702670693397522,0.37031763792037964,0.046456944197416306,0.005665817763656378,0.07527162655115391,186622.59375,0.004399363417178392,3.803127401624806e-05,0.00616695013894616,0.04595131427049637,0.005587620195001364,0.07475038591874536,186622.484375,0.003103615716099739,1.890885687316768e-05,0.004348431541736362,0.046179745346307755,0.005631441716104746,0.07504293248604259,186622.59375,0.006757931783795357,9.698408393887803e-05,0.009848049753066747,0.04523905739188194,0.005417216569185257,0.0736017429765441,186622.484375,distributed_or_mixed,ok,/home/cilab/ndquan/videoInpainting/code/BrushNet/examples/brushnet/dataset_test_stc/teacher_flows_512x512/test/Class_C/PartyScene/000044_000045.npz,PartyScene,0.7119086980819702,PartyScene,0
0.7180023193359375,PartyScene__000042-000049,PartyScene__000042-000049,0.017129307612776756,0.2698348276985352,0.7099135518074036,0.9997444152832031,46,45,local_high_frequency_dominant,0.0007267670589499176,0.0008512901258654892,0.9214448970541803,0.9214448970541803,static,0.2884769141674042,0.42110973596572876,0.04717705026268959,0.0057358164340257645,0.07573517303093566,187161.984375,0.004787212237715721,4.102148159290664e-05,0.006404801448359398,0.04656633734703064,0.005644185468554497,0.075127794247898,187161.859375,0.0030134469270706177,1.5293002434191294e-05,0.003910626859493411,0.04688119515776634,0.005699804052710533,0.07549704664892881,187161.984375,0.007316973526030779,0.00010769718937808648,0.010377725636096112,0.045840371400117874,0.005486456211656332,0.07407061638501689,187161.859375,distributed_or_mixed,ok,/home/cilab/ndquan/videoInpainting/code/BrushNet/examples/brushnet/dataset_test_stc/teacher_flows_512x512/test/Class_C/PartyScene/000045_000046.npz,PartyScene,0.7139663100242615,PartyScene,0
0.7166175842285156,PartyScene__000042-000049,PartyScene__000042-000049,0.005792406853288412,0.2740429505135388,0.7103437781333923,0.9952583312988281,47,46,local_high_frequency_dominant,0.00017689824744593352,0.00025479207397438586,0.9278334228925675,0.9278334228925675,static,0.2976882755756378,0.43806853890419006,0.04171792045235634,0.004503070842474699,0.06710492412986321,186194.84375,0.0037680775858461857,2.6840056307264604e-05,0.005180738973087199,0.04131064936518669,0.004436609800904989,0.06660788092189233,186194.84375,0.002313884673640132,9.466590199735947e-06,0.0030767824427047077,0.04157600924372673,0.0044802348129451275,0.06693455619442866,186194.84375,0.006185633130371571,8.211049862438813e-05,0.009061484349949965,0.04059479013085365,0.00429501011967659,0.06553632671790958,186188.84375,distributed_or_mixed,ok,/home/cilab/ndquan/videoInpainting/code/BrushNet/examples/brushnet/dataset_test_stc/teacher_flows_512x512/test/Class_C/PartyScene/000046_000047.npz,PartyScene,0.7102769613265991,PartyScene,0
0.7170257568359375,PartyScene__000042-000049,PartyScene__000042-000049,0.017536833882331848,0.30485533808115667,0.6717040538787842,0.9959602355957031,48,47,local_high_frequency_dominant,0.0008262278861366212,0.0009619288612157106,0.9233240085840136,0.9233240085840136,static,0.310196191072464,0.44375476241111755,0.051758263260126114,0.006389160640537739,0.079932225294544,186235.734375,0.005015257745981216,4.33840905316174e-05,0.006586660043726061,0.0510735809803009,0.0062910038977861404,0.07931584896971185,186235.734375,0.003341789124533534,1.8480219296179712e-05,0.004298862558419344,0.05139906704425812,0.0063511962071061134,0.07969439257003039,186235.734375,0.007724167313426733,0.00011688629456330091,0.01081139651309214,0.0502309687435627,0.006105542648583651,0.07813797187401046,186235.734375,distributed_or_mixed,ok,/home/cilab/ndquan/videoInpainting/code/BrushNet/examples/brushnet/dataset_test_stc/teacher_flows_512x512/test/Class_C/PartyScene/000047_000048.npz,PartyScene,0.7104329466819763,PartyScene,0
0.714447021484375,PartyScene__000042-000049,PartyScene__000042-000049,0.05035436153411865,0.26284420649439133,0.7178962826728821,0.9969978332519531,49,48,local_high_frequency_dominant,0.0018469621427357197,0.002399532124400139,0.9227179883084103,0.9227179883084103,static,0.28094473481178284,0.41540616750717163,0.045139577239751816,0.005398285575211048,0.0734730261743114,186318.421875,0.004512101411819458,3.7331403291318566e-05,0.006109942985930275,0.044653136283159256,0.005321762058883905,0.07295040821601964,186318.421875,0.0033291964791715145,1.8238642951473594e-05,0.004270672423807941,0.04489576071500778,0.005364757031202316,0.07324450171311371,186318.421875,0.006636605132371187,9.097923611989245e-05,0.009538303629047068,0.04401574283838272,0.005186049733310938,0.07201423285233925,186318.421875,distributed_or_mixed,ok,/home/cilab/ndquan/videoInpainting/code/BrushNet/examples/brushnet/dataset_test_stc/teacher_flows_512x512/test/Class_C/PartyScene/000048_000049.npz,PartyScene,0.7107483744621277,PartyScene,0
0.7206649780273438,PartyScene__000048-000055,PartyScene__000042-000049,0.049912530928850174,0.286970524707473,0.6848888397216797,0.9972991943359375,50,49,local_high_frequency_dominant,0.0023362571373581886,0.0028118197806179523,0.9010246582145052,0.9010246582145052,static,0.30059677362442017,0.4170602858066559,0.052891697734594345,0.007013245951384306,0.08374512494100361,181853.828125,0.006691612768918276,8.280843758257106e-05,0.009099914152483585,0.052007123827934265,0.00686268275603652,0.08284131068516794,181853.734375,0.005004027858376503,4.3968335376121104e-05,0.006630862340308468,0.05240499600768089,0.006937092635780573,0.08328921080056272,181853.828125,0.009316003881394863,0.0001735019905027002,0.013172015430552008,0.05104422569274902,0.00664261169731617,0.08150221897173211,181853.671875,distributed_or_mixed,ok,/home/cilab/ndquan/videoInpainting/code/BrushNet/examples/brushnet/dataset_test_stc/teacher_flows_512x512/test/Class_C/PartyScene/000049_000050.npz,PartyScene,0.6937173008918762,PartyScene,1
0.7157096862792969,PartyScene__000048-000055,PartyScene__000048-000055,0.04078280180692673,0.2654761268245736,0.7084029316902161,0.9975242614746094,51,50,local_high_frequency_dominant,0.0015118219889700413,0.002089990768581629,0.9151752958721872,0.9151752958721872,static,0.2832271456718445,0.4015251696109772,0.04829253628849983,0.006146806757897139,0.07840157369528458,186942.953125,0.005082014016807079,5.1903261919505894e-05,0.007204391849386448,0.04755684733390808,0.006041691172868013,0.07772831641601415,186942.953125,0.0036159860901534557,2.3217362468130887e-05,0.00481843983755436,0.047901567071676254,0.006101107690483332,0.07810958769884355,186942.953125,0.00750707508996129,0.00012435700045898557,0.011151546998465529,0.046730510890483856,0.005860589910298586,0.07655448981149691,186942.953125,distributed_or_mixed,ok,/home/cilab/ndquan/videoInpainting/code/BrushNet/examples/brushnet/dataset_test_stc/teacher_flows_512x512/test/Class_C/PartyScene/000050_000051.npz,PartyScene,0.7131307721138,PartyScene,0
0.6877975463867188,PartyScene__000048-000055,PartyScene__000048-000055,0.03352486714720726,0.27795518031269817,0.694184422492981,0.9988021850585938,52,51,local_high_frequency_dominant,0.001693656318821013,0.0018782533006742597,0.9117448395531514,0.9117448395531514,static,0.30886977910995483,0.4474336504936218,0.05272871255874634,0.007092815823853016,0.08421885669998742,174885.75,0.006049301475286484,6.503186887130141e-05,0.008064233929599353,0.05191858857870102,0.006940530147403479,0.08330984424066269,174885.75,0.00400769105181098,2.5159697543131188e-05,0.005015944332140378,0.05238261818885803,0.007037246134132147,0.08388829557293524,174885.75,0.009354677051305771,0.00018162665946874768,0.01347689353926741,0.05085431784391403,0.006681759376078844,0.08174202943455003,174885.75,distributed_or_mixed,ok,/home/cilab/ndquan/videoInpainting/code/BrushNet/examples/brushnet/dataset_test_stc/teacher_flows_512x512/test/Class_C/PartyScene/000051_000052.npz,PartyScene,0.6671361923217773,PartyScene,0
0.6878471374511719,PartyScene__000048-000055,PartyScene__000048-000055,0.023018360137939453,0.2653163402110604,0.7141184210777283,0.9986381530761719,53,52,local_high_frequency_dominant,0.0008149882778525352,0.0010719397105276585,0.9202709876499766,0.9202709876499766,static,0.31867367029190063,0.4532438814640045,0.04422329366207123,0.005132796708494425,0.07164353919576018,179700.09375,0.004178034141659737,3.790618939092383e-05,0.006156800255889728,0.04367616027593613,0.005050202831625938,0.07106477912176987,179700.09375,0.0026873424649238586,1.6302408766932786e-05,0.004037624148795029,0.043981462717056274,0.00510020274668932,0.07141570378207666,179700.09375,0.006671829614788294,9.955935092875734e-05,0.009977943221363677,0.04293687269091606,0.004903160501271486,0.07002257137003387,179700.0625,distributed_or_mixed,ok,/home/cilab/ndquan/videoInpainting/code/BrushNet/examples/brushnet/dataset_test_stc/teacher_flows_512x512/test/Class_C/PartyScene/000052_000053.npz,PartyScene,0.6855014562606812,PartyScene,0
0.6859016418457031,PartyScene__000048-000055,PartyScene__000048-000055,0.06668063253164291,0.2760543898983815,0.7058780193328857,0.9983558654785156,54,53,local_high_frequency_dominant,0.0025445017963647842,0.003185553476214409,0.9227962000124671,0.9227962000124671,static,0.26251649856567383,0.3916492760181427,0.045214951038360596,0.005266617052257061,0.07257146169298963,179117.84375,0.004752881359308958,3.638138878159225e-05,0.00603169866468744,0.0446949228644371,0.005197727587074041,0.07209526743881349,179117.84375,0.003672652877867222,2.1225585442152806e-05,0.004607123336980768,0.04493626579642296,0.0052334582433104515,0.07234264470774103,179117.84375,0.006765190977603197,8.192253881134093e-05,0.00905110704893832,0.04402231425046921,0.005077364854514599,0.07125563033553628,179117.84375,distributed_or_mixed,ok,/home/cilab/ndquan/videoInpainting/code/BrushNet/examples/brushnet/dataset_test_stc/teacher_flows_512x512/test/Class_C/PartyScene/000053_000054.npz,PartyScene,0.683280348777771,PartyScene,0
0.7075424194335938,PartyScene__000048-000055,PartyScene__000048-000055,0.021891716867685318,0.27061770272319347,0.7104074358940125,0.998260498046875,55,54,local_high_frequency_dominant,0.0009097124566324055,0.0010380987077951431,0.90466822963623,0.90466822963623,static,0.26642850041389465,0.3801865577697754,0.04477992653846741,0.005228643771260977,0.07230936157414873,177961.828125,0.0053738998249173164,5.6774842960294336e-05,0.007534908291432241,0.044032588601112366,0.005112805869430304,0.07150388709315252,177961.828125,0.0035753711126744747,2.529740595491603e-05,0.0050296526674230724,0.044401366263628006,0.005178019404411316,0.07195845610080386,177961.828125,0.007765123620629311,0.00012993272684980184,0.011398803746437687,0.0432349368929863,0.004956341814249754,0.07040129128254505,177961.828125,distributed_or_mixed,ok,/home/cilab/ndquan/videoInpainting/code/BrushNet/examples/brushnet/dataset_test_stc/teacher_flows_512x512/test/Class_C/PartyScene/000054_000055.npz,PartyScene,0.6788704991340637,PartyScene,0
0.7080764770507812,PartyScene__000054-000061,PartyScene__000048-000055,0.04077473655343056,0.2690969776438843,0.710987389087677,0.9967384338378906,56,55,local_high_frequency_dominant,0.0017035362543538213,0.0018692380981519818,0.9264534893868251,0.9264534893868251,static,0.2967715263366699,0.437621533870697,0.04338298365473747,0.00488666445016861,0.06990468117492998,184429.984375,0.004059838596731424,3.033525172213558e-05,0.0055077447037907975,0.04290376976132393,0.004813607782125473,0.0693801685074739,184429.921875,0.0026558786630630493,1.1791468750743661e-05,0.003433870811597848,0.04319647699594498,0.0048620495945215225,0.06972839876636723,184429.984375,0.006582802161574364,8.71875963639468e-05,0.009337429858582436,0.04219882935285568,0.004681294783949852,0.06841998819022006,184429.921875,distributed_or_mixed,ok,/home/cilab/ndquan/videoInpainting/code/BrushNet/examples/brushnet/dataset_test_stc/teacher_flows_512x512/test/Class_C/PartyScene/000055_000056.npz,PartyScene,0.703544557094574,PartyScene,1
0.7126312255859375,PartyScene__000054-000061,PartyScene__000054-000061,0.040962472558021545,0.2823322985558105,0.6984630823135376,0.9973716735839844,57,56,local_high_frequency_dominant,0.0018568203086033463,0.0018962499452754855,0.9181660647066461,0.9181660647066461,static,0.31737446784973145,0.42827269434928894,0.043855682015419006,0.004856717772781849,0.06969015549402835,185015.8125,0.004615531302988529,3.794406438828446e-05,0.00615987535493085,0.04330208897590637,0.004776606336236,0.06911299686915624,185015.8125,0.0032493993639945984,1.702124791336246e-05,0.004125681508958545,0.04360288009047508,0.004823989234864712,0.06945494391952751,185015.8125,0.006860758643597364,9.365169535158202e-05,0.009677380603840175,0.04260113835334778,0.004651842173188925,0.06820441461656954,185015.8125,distributed_or_mixed,ok,/home/cilab/ndquan/videoInpainting/code/BrushNet/examples/brushnet/dataset_test_stc/teacher_flows_512x512/test/Class_C/PartyScene/000056_000057.npz,PartyScene,0.7057793140411377,PartyScene,0
0.7331466674804688,PartyScene__000054-000061,PartyScene__000054-000061,0.023669471964240074,0.28884532274748304,0.6903255581855774,0.9946708679199219,58,57,local_high_frequency_dominant,0.0010945129906758666,0.0011895237257704139,0.9044106980699613,0.9044106980699613,static,0.28048741817474365,0.43077415227890015,0.04759688675403595,0.005577026400715113,0.0746794911653468,184612.734375,0.005684541072696447,6.090987517382018e-05,0.007804477892455086,0.04690825939178467,0.005452560726553202,0.07384145669306098,184612.734375,0.0038005171809345484,2.6519361199461855e-05,0.005149695253067103,0.047272827476263046,0.005523462314158678,0.07431999942248842,184612.734375,0.008197754621505737,0.00013950694119557738,0.01181130565160251,0.0460604652762413,0.00528951920568943,0.07272908088027395,184589.734375,distributed_or_mixed,ok,/home/cilab/ndquan/videoInpainting/code/BrushNet/examples/brushnet/dataset_test_stc/teacher_flows_512x512/test/Class_C/PartyScene/000057_000058.npz,PartyScene,0.7042416930198669,PartyScene,0
0.731353759765625,PartyScene__000054-000061,PartyScene__000054-000061,0.033399276435375214,0.2883832486508663,0.6900736689567566,0.99493408203125,59,58,local_high_frequency_dominant,0.0012573088752105832,0.0016171970637515187,0.9252902463536792,0.9252902463536792,static,0.28649166226387024,0.41227686405181885,0.04586460068821907,0.005185411311686039,0.07200980010863826,190075.578125,0.004158311989158392,3.3332085877191275e-05,0.005773394658014579,0.04542321339249611,0.005112859420478344,0.0715042615546678,190075.578125,0.0028811541851609945,1.4913340237399098e-05,0.003861779413353266,0.045664701610803604,0.005156191997230053,0.07180662920114028,190075.578125,0.006459452677518129,8.79482613527216e-05,0.009378073435025,0.044678252190351486,0.004977168049663305,0.07054904712087404,190041.453125,distributed_or_mixed,ok,/home/cilab/ndquan/videoInpainting/code/BrushNet/examples/brushnet/dataset_test_stc/teacher_flows_512x512/test/Class_C/PartyScene/000058_000059.npz,PartyScene,0.7250807881355286,PartyScene,0
0.7281303405761719,PartyScene__000054-000061,PartyScene__000054-000061,0.050056230276823044,0.3083695761843314,0.657268226146698,0.9893150329589844,60,59,local_high_frequency_dominant,0.0023497925139963627,0.0028145979158580303,0.9244764334843647,0.9244764334843647,static,0.3454282581806183,0.4934282600879669,0.05308781936764717,0.006602909415960312,0.08125828829085875,188240.5,0.005084723699837923,4.347410867922008e-05,0.006593489871018237,0.05257665365934372,0.006514144595712423,0.08071025087132627,188234.375,0.003849797649309039,2.2470750991487876e-05,0.004740332371415308,0.0528269037604332,0.006561126559972763,0.08100078123063235,187972.5,0.007517331279814243,0.00010446735541336238,0.010220927326488648,0.051832474768161774,0.006364746019244194,0.07977935835317425,188230.890625,distributed_or_mixed,ok,/home/cilab/ndquan/videoInpainting/code/BrushNet/examples/brushnet/dataset_test_stc/teacher_flows_512x512/test/Class_C/PartyScene/000059_000060.npz,PartyScene,0.7180805206298828,PartyScene,0
0.7263755798339844,PartyScene__000054-000061,PartyScene__000054-000061,0.014890302903950214,0.284675113675926,0.687423825263977,0.9956779479980469,61,60,local_high_frequency_dominant,0.0005882919649593532,0.0007442092755809426,0.9346620135987591,0.9346620135987591,static,0.3033476769924164,0.4014608860015869,0.047388311475515366,0.005558421835303307,0.07455482435968384,189473.90625,0.003852331545203924,2.6838531994144432e-05,0.005180591857514394,0.04688732698559761,0.005492074880748987,0.07410853446634191,189473.90625,0.0023880142252892256,9.776711522135884e-06,0.0031267733403839626,0.04718024656176567,0.005537812598049641,0.07441648068841768,189147.546875,0.006427000276744366,8.311973215313628e-05,0.00911700236662996,0.046174854040145874,0.005346916150301695,0.07312261039036896,189473.90625,distributed_or_mixed,ok,/home/cilab/ndquan/videoInpainting/code/BrushNet/examples/brushnet/dataset_test_stc/teacher_flows_512x512/test/Class_C/PartyScene/000060_000061.npz,PartyScene,0.7227855920791626,PartyScene,0
0.7306480407714844,PartyScene__000060-000067,PartyScene__000054-000061,0.02717948518693447,0.2968096192808815,0.6728937029838562,0.99273681640625,62,61,local_high_frequency_dominant,0.001379254274070263,0.0014238073490560055,0.9036541586749482,0.9036541586749482,static,0.32512807846069336,0.39693737030029297,0.04969748482108116,0.005929447710514069,0.07700290715625008,188923.0,0.004782713484019041,6.57355340081267e-05,0.008107745309771805,0.04906492307782173,0.00578280771151185,0.07604477438661943,188923.0,0.0030180993489921093,1.971653000509832e-05,0.004440329943269793,0.049384865909814835,0.005862786900252104,0.0765688376577058,188605.765625,0.007193034514784813,0.00016154616605490446,0.012710081276486963,0.048332810401916504,0.005623724311590195,0.07499149492835967,188923.0,distributed_or_mixed,ok,/home/cilab/ndquan/videoInpainting/code/BrushNet/examples/brushnet/dataset_test_stc/teacher_flows_512x512/test/Class_C/PartyScene/000061_000062.npz,PartyScene,0.7206840515136719,PartyScene,1
0.7294082641601562,PartyScene__000060-000067,PartyScene__000060-000067,0.04466800019145012,0.2826109864171382,0.6899352073669434,0.9955177307128906,63,62,local_high_frequency_dominant,0.002054535783827305,0.002226957818493247,0.928788000679029,0.928788000679029,static,0.3203965127468109,0.4005548059940338,0.04730638489127159,0.005584219004958868,0.07472763213804427,189769.171875,0.004208721220493317,3.2426934922114015e-05,0.005694465288516036,0.04685073718428612,0.00551610765978694,0.07427050329563507,189769.171875,0.0029469293076545,1.4657085557701066e-05,0.0038284573339272135,0.047083787620067596,0.005554554983973503,0.07452888690952994,189707.171875,0.0064245364628732204,7.978531357366592e-05,0.008932262511461803,0.046209800988435745,0.005395887419581413,0.07345670438824092,189769.171875,distributed_or_mixed,ok,/home/cilab/ndquan/videoInpainting/code/BrushNet/examples/brushnet/dataset_test_stc/teacher_flows_512x512/test/Class_C/PartyScene/000062_000063.npz,PartyScene,0.7239119410514832,PartyScene,0
0.7318649291992188,PartyScene__000060-000067,PartyScene__000060-000067,0.022393153980374336,0.2861809745756025,0.685388445854187,0.9956169128417969,64,63,local_high_frequency_dominant,0.001144225592724979,0.0011520024854689837,0.9059157076325113,0.9059157076325113,static,0.3329177498817444,0.43721723556518555,0.04883044958114624,0.005885852500796318,0.07671930983003117,189939.140625,0.004923119675368071,6.21834842604585e-05,0.007885650528679197,0.048235971480607986,0.005765226669609547,0.07592908974569329,189939.09375,0.0031758262775838375,2.2685904696118087e-05,0.004762972254393058,0.04856221750378609,0.0058300429955124855,0.07635471822692089,189931.015625,0.007304592989385128,0.0001321083982475102,0.011493841753195934,0.047551047056913376,0.0056289550848305225,0.07502636259895933,189939.09375,distributed_or_mixed,ok,/home/cilab/ndquan/videoInpainting/code/BrushNet/examples/brushnet/dataset_test_stc/teacher_flows_512x512/test/Class_C/PartyScene/000063_000064.npz,PartyScene,0.7245603203773499,PartyScene,0
0.7259445190429688,PartyScene__000060-000067,PartyScene__000060-000067,0.03423045575618744,0.2913449946064849,0.677913248538971,0.9957695007324219,65,64,local_high_frequency_dominant,0.0013915960444137454,0.0017701707547530532,0.9165527016188498,0.9165527016188498,static,0.32437506318092346,0.4437446594238281,0.04908944293856621,0.00583653012290597,0.07639718661643222,189051.84375,0.004614086356014013,4.753904795506969e-05,0.006894856630494189,0.04848449304699898,0.005735097452998161,0.07573042620372714,189051.84375,0.003139414358884096,1.9185026758350432e-05,0.004380071547172538,0.048785481601953506,0.0057902345433831215,0.07609359068530754,188793.859375,0.006911130156368017,0.00011356727918609977,0.010656794977201156,0.04776011034846306,0.005594175308942795,0.07479421975622712,189051.84375,distributed_or_mixed,ok,/home/cilab/ndquan/videoInpainting/code/BrushNet/examples/brushnet/dataset_test_stc/teacher_flows_512x512/test/Class_C/PartyScene/000064_000065.npz,PartyScene,0.7211755514144897,PartyScene,0
0.7038116455078125,PartyScene__000060-000067,PartyScene__000060-000067,0.05134844407439232,0.3089204437055409,0.6673606634140015,0.9953804016113281,66,65,local_high_frequency_dominant,0.002034502336755395,0.002584075788035989,0.9131214946010536,0.9131214946010536,static,0.2978409230709076,0.43464139103889465,0.04762858897447586,0.005344690289348364,0.07310738874661277,183407.203125,0.005302044562995434,4.754340261570178e-05,0.006895172413776306,0.04690726846456528,0.005251975730061531,0.07247051628118521,183406.203125,0.0038102471735328436,2.2255017029237933e-05,0.0047175223400889085,0.04724271595478058,0.005306617356836796,0.07284653290882687,182822.203125,0.007607037667185068,0.00010404246859252453,0.010200121008719677,0.04617184400558472,0.005121907219290733,0.07156750113906964,183407.203125,distributed_or_mixed,ok,/home/cilab/ndquan/videoInpainting/code/BrushNet/examples/brushnet/dataset_test_stc/teacher_flows_512x512/test/Class_C/PartyScene/000065_000066.npz,PartyScene,0.6996429562568665,PartyScene,0
0.7005386352539062,PartyScene__000060-000067,PartyScene__000060-000067,0.01508365385234356,0.2923804460363209,0.6843893527984619,0.97833251953125,67,66,local_high_frequency_dominant,0.0006569235119968653,0.0006694068433716893,0.9096891046967771,0.9096891046967771,static,0.29650405049324036,0.4086771309375763,0.04210209101438522,0.004319034982472658,0.06571936535354445,178614.09375,0.004360459744930267,4.174032073933631e-05,0.006460674944565491,0.041480496525764465,0.004235078580677509,0.06507748136396728,178605.09375,0.0027135105337947607,1.4629936231358442e-05,0.0038249099638237817,0.041795551776885986,0.004284777212888002,0.06545820966760398,177574.09375,0.006576153915375471,9.366049198433757e-05,0.009677835087680383,0.04082319140434265,0.004132118541747332,0.06428155677756514,178610.09375,distributed_or_mixed,ok,/home/cilab/ndquan/videoInpainting/code/BrushNet/examples/brushnet/dataset_test_stc/teacher_flows_512x512/test/Class_C/PartyScene/000066_000067.npz,PartyScene,0.6813586950302124,PartyScene,0
0.7014732360839844,PartyScene__000066-000073,PartyScene__000060-000067,0.03703352436423302,0.29442547341345515,0.6844885349273682,0.986907958984375,68,67,local_high_frequency_dominant,0.0014909006422385573,0.001709407428279519,0.8871372236845662,0.8871372236845662,static,0.29510217905044556,0.4204033613204956,0.043562278151512146,0.004675416275858879,0.06837701569868986,180287.34375,0.005043232347816229,7.344515324803069e-05,0.008570014775251598,0.042763594537973404,0.004537778440862894,0.06736303467676388,180287.3125,0.003737310180440545,3.2309460948454216e-05,0.005684141179497059,0.04315567389130592,0.004609155468642712,0.06789076129078765,179445.5625,0.0073029035702347755,0.0001486162655055523,0.012190827105063556,0.041946716606616974,0.004391166381537914,0.06626587644887763,180257.28125,distributed_or_mixed,ok,/home/cilab/ndquan/videoInpainting/code/BrushNet/examples/brushnet/dataset_test_stc/teacher_flows_512x512/test/Class_C/PartyScene/000067_000068.npz,PartyScene,0.6877416372299194,PartyScene,1
0.6992950439453125,PartyScene__000066-000073,PartyScene__000066-000073,0.012779943645000458,0.2924978973002985,0.6899785995483398,0.9935340881347656,69,68,local_high_frequency_dominant,0.0005205802735872567,0.0005691254627890885,0.9189504927465718,0.9189504927465718,static,0.31119856238365173,0.43431010842323303,0.04217613860964775,0.004397643264383078,0.0663147288645824,181848.84375,0.004203362390398979,3.360943082952872e-05,0.005797364127733286,0.041699282824993134,0.004320605657994747,0.06573131413561384,181848.84375,0.0030187612865120173,1.4373013073054608e-05,0.0037911756848047293,0.04194645211100578,0.0043670376762747765,0.06608356585623067,181005.203125,0.006384167820215225,9.159445471595973e-05,0.009570499188441517,0.040976382791996,0.0041828760877251625,0.0646751581963675,181848.84375,distributed_or_mixed,ok,/home/cilab/ndquan/videoInpainting/code/BrushNet/examples/brushnet/dataset_test_stc/teacher_flows_512x512/test/Class_C/PartyScene/000068_000069.npz,PartyScene,0.6936982870101929,PartyScene,0
0.6986541748046875,PartyScene__000066-000073,PartyScene__000066-000073,0.012991591356694698,0.29519366148579634,0.6828868985176086,0.9922218322753906,70,69,local_high_frequency_dominant,0.0005783661617897451,0.0006394320516847074,0.9217497839924005,0.9217497839924005,static,0.28375935554504395,0.4256491959095001,0.04667320474982262,0.00529601750895381,0.07277374189193386,180996.9375,0.00444677472114563,3.752781049115583e-05,0.006125994653209863,0.04620114341378212,0.005207247566431761,0.07216126084286333,180996.9375,0.002907308517023921,1.4084756003285293e-05,0.003752966293918091,0.046446848660707474,0.0052612717263400555,0.0725346243275586,180120.03125,0.006940360646694899,0.00010830575047293678,0.010407004875224033,0.045394208282232285,0.005029809195548296,0.07092114773146509,180956.90625,distributed_or_mixed,ok,/home/cilab/ndquan/videoInpainting/code/BrushNet/examples/brushnet/dataset_test_stc/teacher_flows_512x512/test/Class_C/PartyScene/000069_000070.npz,PartyScene,0.690448522567749,PartyScene,0
0.6965980529785156,PartyScene__000066-000073,PartyScene__000066-000073,0.01686224341392517,0.28913693619575975,0.6913129687309265,0.9907760620117188,71,70,local_high_frequency_dominant,0.0007832726114429533,0.0007835918804630637,0.9098758828507826,0.9098758828507826,static,0.31380629539489746,0.4365242123603821,0.04408930614590645,0.004799600690603256,0.06927915047547319,179801.515625,0.004551299847662449,4.609928510035388e-05,0.006789645432594686,0.04341580718755722,0.0046986863017082214,0.06854696420490276,179792.515625,0.0029704938642680645,1.648671786824707e-05,0.004060383955766631,0.0436488501727581,0.004727697465568781,0.06875825379958962,178853.515625,0.006987949833273888,0.00011572886432986706,0.010757735092939733,0.04260924831032753,0.004542856942862272,0.06740071915686266,179762.484375,distributed_or_mixed,ok,/home/cilab/ndquan/videoInpainting/code/BrushNet/examples/brushnet/dataset_test_stc/teacher_flows_512x512/test/Class_C/PartyScene/000070_000071.npz,PartyScene,0.6858883500099182,PartyScene,0
0.6963348388671875,PartyScene__000066-000073,PartyScene__000066-000073,0.03438090160489082,0.31937717225079937,0.6618664264678955,0.9904937744140625,72,71,local_high_frequency_dominant,0.0016894325381144881,0.0020282166078686714,0.92044272535615,0.92044272535615,static,0.3457914888858795,0.4857359826564789,0.05566184222698212,0.007188255898654461,0.08478358271891122,179706.140625,0.005345641169697046,5.2704886911669746e-05,0.007259813145782042,0.054991938173770905,0.007054798770695925,0.08399284952122964,179706.140625,0.0030921874567866325,1.6779324141680263e-05,0.004096257333430148,0.05531530827283859,0.007126365788280964,0.08441780492455939,178720.203125,0.008886187337338924,0.00016311791841872036,0.012771762541588391,0.05387789011001587,0.006783052813261747,0.0823592909953804,179691.140625,distributed_or_mixed,ok,/home/cilab/ndquan/videoInpainting/code/BrushNet/examples/brushnet/dataset_test_stc/teacher_flows_512x512/test/Class_C/PartyScene/000071_000072.npz,PartyScene,0.6855245232582092,PartyScene,0
0.6941413879394531,PartyScene__000066-000073,PartyScene__000066-000073,0.04632546380162239,0.28522410940102827,0.6962354183197021,0.9944953918457031,73,72,local_high_frequency_dominant,0.002218811074271798,0.002488461323082447,0.9103221612201261,0.9103221612201261,static,0.304664671421051,0.4390941858291626,0.05082115903496742,0.006449149455875158,0.08030659659003835,180619.15625,0.005488839000463486,6.137099262559786e-05,0.00783396404290943,0.05011136457324028,0.006323872599750757,0.07952278038242097,180619.15625,0.003850645385682583,2.663132363522891e-05,0.005160554586013882,0.0504518486559391,0.00640183174982667,0.08001144761736705,179620.15625,0.008177089504897594,0.0001423810754204169,0.011932354144108231,0.04926410689949989,0.006135374773293734,0.0783286331637016,180619.15625,distributed_or_mixed,ok,/home/cilab/ndquan/videoInpainting/code/BrushNet/examples/brushnet/dataset_test_stc/teacher_flows_512x512/test/Class_C/PartyScene/000072_000073.npz,PartyScene,0.6890074014663696,PartyScene,0
0.6952667236328125,PartyScene__000072-000079,PartyScene__000066-000073,0.03969518467783928,0.2913618599058022,0.6919214725494385,0.9902229309082031,74,73,local_high_frequency_dominant,0.001320228329859674,0.001871198182925582,0.9223595266476823,0.9223595266476823,static,0.2831028997898102,0.42298364639282227,0.04455877095460892,0.004921418149024248,0.0701528199648756,179434.5,0.004025034140795469,3.4314180084038526e-05,0.005857830663653442,0.044087003916502,0.004842813592404127,0.0695903268594431,179434.5,0.002589464420452714,1.2465806321415585e-05,0.0035306948779830274,0.04437914118170738,0.00489360187202692,0.06995428415777635,178445.21875,0.006429333705455065,8.9640510850586e-05,0.009467867280997659,0.043384820222854614,0.004714245442301035,0.06866036296365637,179412.5,distributed_or_mixed,ok,/home/cilab/ndquan/videoInpainting/code/BrushNet/examples/brushnet/dataset_test_stc/teacher_flows_512x512/test/Class_C/PartyScene/000073_000074.npz,PartyScene,0.6844882965087891,PartyScene,1
0.6990089416503906,PartyScene__000072-000079,PartyScene__000072-000079,0.042525287717580795,0.298462609310522,0.6799981594085693,0.9960174560546875,75,74,local_high_frequency_dominant,0.0018077132990583777,0.00218194629997015,0.9086172858210964,0.9086172858210964,static,0.310389906167984,0.44926947355270386,0.048585157841444016,0.00570277264341712,0.0755167043998685,180877.796875,0.004932344891130924,5.654288179357536e-05,0.007519500102638164,0.04790886491537094,0.005590000189840794,0.07476630383963617,180877.796875,0.0034276649821549654,2.3851065634517e-05,0.0048837552799579345,0.04821671545505524,0.005658565554767847,0.07522343753623499,179877.1875,0.007373536471277475,0.00012783732381649315,0.011306516873754408,0.0470891036093235,0.005431303754448891,0.07369737956297287,180877.6875,distributed_or_mixed,ok,/home/cilab/ndquan/videoInpainting/code/BrushNet/examples/brushnet/dataset_test_stc/teacher_flows_512x512/test/Class_C/PartyScene/000074_000075.npz,PartyScene,0.6899940371513367,PartyScene,0
0.6931381225585938,PartyScene__000072-000079,PartyScene__000072-000079,0.0660456046462059,0.29840944759191035,0.6805039644241333,0.9935531616210938,76,75,local_high_frequency_dominant,0.002404429018497467,0.003386993193998933,0.8939719301161452,0.8939719301161452,static,0.29249346256256104,0.4323350787162781,0.04840303212404251,0.0056906817480921745,0.07543660748000386,179592.46875,0.005493146367371082,7.808210648363456e-05,0.008836408007988007,0.047590188682079315,0.005550825502723455,0.07450386233426731,179592.453125,0.004054537042975426,4.346154673839919e-05,0.0065925372003803814,0.04795673117041588,0.005626330152153969,0.07500886715684998,178592.46875,0.007980621419847012,0.00015725407865829766,0.012540098829686219,0.046742770820856094,0.00537344254553318,0.07330376897222393,179592.453125,distributed_or_mixed,ok,/home/cilab/ndquan/videoInpainting/code/BrushNet/examples/brushnet/dataset_test_stc/teacher_flows_512x512/test/Class_C/PartyScene/000075_000076.npz,PartyScene,0.6850908994674683,PartyScene,0
0.6947975158691406,PartyScene__000072-000079,PartyScene__000072-000079,0.01241324096918106,0.2936498212236987,0.6865257024765015,0.99212646484375,77,76,local_high_frequency_dominant,0.00048015356878750026,0.000657939410302788,0.9281788117053964,0.9281788117053964,static,0.3267223536968231,0.47518661618232727,0.05026999115943909,0.006146111525595188,0.0783971397794281,179496.46875,0.004068248905241489,3.6307228583609685e-05,0.006025547990316705,0.049748215824365616,0.006063888780772686,0.07787097521395688,178857.46875,0.0024806286673992872,1.3805099115415942e-05,0.00371552137867836,0.05004424601793289,0.0061235749162733555,0.07825327415688979,178539.46875,0.006787267979234457,0.00010301707516191527,0.010149732763078803,0.04898407682776451,0.005890790373086929,0.07675148450086766,179496.46875,distributed_or_mixed,ok,/home/cilab/ndquan/videoInpainting/code/BrushNet/examples/brushnet/dataset_test_stc/teacher_flows_512x512/test/Class_C/PartyScene/000076_000077.npz,PartyScene,0.6847246885299683,PartyScene,0
0.6957206726074219,PartyScene__000072-000079,PartyScene__000072-000079,0.011974875815212727,0.2783266612397828,0.701650083065033,0.9888839721679688,78,77,local_high_frequency_dominant,0.0005773924640379846,0.0005845482228323817,0.9296727035515431,0.9296727035515431,static,0.25803521275520325,0.38665270805358887,0.04636335372924805,0.005415193736553192,0.07358799994940202,179184.390625,0.003943608608096838,3.063388794544153e-05,0.005534788879934042,0.045919451862573624,0.0053532118909060955,0.07316564693150807,178483.5625,0.002625668654218316,1.2585252989083529e-05,0.003547570011864957,0.04616263881325722,0.005396003369241953,0.07345749362210742,178219.21875,0.006220479030162096,8.482580597046763e-05,0.009210092614652016,0.04525913670659065,0.005215536803007126,0.07221867350628317,179184.328125,distributed_or_mixed,ok,/home/cilab/ndquan/videoInpainting/code/BrushNet/examples/brushnet/dataset_test_stc/teacher_flows_512x512/test/Class_C/PartyScene/000077_000078.npz,PartyScene,0.6835342049598694,PartyScene,0
0.69586181640625,PartyScene__000072-000079,PartyScene__000072-000079,0.019687538966536522,0.2962522138760913,0.6806426048278809,0.9733390808105469,79,78,local_high_frequency_dominant,0.0009610623237676919,0.0009684888063929975,0.9355005908612735,0.9355005908612735,static,0.29596659541130066,0.430115669965744,0.046515461057424545,0.005307607818394899,0.07285333086685124,175420.09375,0.003657964989542961,2.4941489755292423e-05,0.0049941455480685005,0.04612760245800018,0.005246854852885008,0.07243517690242088,175393.09375,0.0023151857312768698,8.668439477332868e-06,0.0029442213703002817,0.04637336730957031,0.005294203758239746,0.0727612792509845,174438.078125,0.006092841271311045,7.444855145877227e-05,0.008628357402123088,0.045382000505924225,0.0051237731240689754,0.07158053593030005,175399.09375,distributed_or_mixed,ok,/home/cilab/ndquan/videoInpainting/code/BrushNet/examples/brushnet/dataset_test_stc/teacher_flows_512x512/test/Class_C/PartyScene/000078_000079.npz,PartyScene,0.6691745519638062,PartyScene,0
0.6968307495117188,PartyScene__000078-000085,PartyScene__000072-000079,0.024407673627138138,0.29820634014706127,0.6735239028930664,0.9949264526367188,80,79,local_high_frequency_dominant,0.0011107003083452582,0.0013773459941148758,0.9252988802301746,0.9252988802301746,static,0.29850849509239197,0.44223710894584656,0.05356541648507118,0.006848509423434734,0.08275572139396004,180350.640625,0.004560725297778845,4.402210470288992e-05,0.006634915576168993,0.053013354539871216,0.006754304748028517,0.08218457731246488,180350.625,0.0030844477005302906,1.8156657461076975e-05,0.004261062949673118,0.05332598462700844,0.0068219429813325405,0.08259505421835221,179340.15625,0.007349162828177214,0.00011048655142076313,0.010511258317668876,0.05221572145819664,0.0065884217619895935,0.08116909363784712,180350.625,distributed_or_mixed,ok,/home/cilab/ndquan/videoInpainting/code/BrushNet/examples/brushnet/dataset_test_stc/teacher_flows_512x512/test/Class_C/PartyScene/000079_000080.npz,PartyScene,0.6879830956459045,PartyScene,1
0.6983757019042969,PartyScene__000078-000085,PartyScene__000078-000085,0.023749016225337982,0.2848569046957488,0.6841163039207458,0.9911918640136719,81,80,local_high_frequency_dominant,0.0011884380364790559,0.0012268639402464032,0.9156676461874143,0.9156676461874143,static,0.3189965784549713,0.4663649797439575,0.04889753460884094,0.005910273175686598,0.07687830107180177,179756.671875,0.004725848790258169,4.916535544907674e-05,0.00701180115584268,0.048301082104444504,0.005796241573989391,0.07613305178429006,179756.671875,0.0030522209126502275,1.7240230590687133e-05,0.004152135666218908,0.048640307039022446,0.005870471242815256,0.07661900053390971,178709.171875,0.007321402430534363,0.0001301893498748541,0.011410054770896329,0.04742779582738876,0.005616786424070597,0.07494522282354357,179752.546875,distributed_or_mixed,ok,/home/cilab/ndquan/videoInpainting/code/BrushNet/examples/brushnet/dataset_test_stc/teacher_flows_512x512/test/Class_C/PartyScene/000080_000081.npz,PartyScene,0.6857172846794128,PartyScene,0
0.700531005859375,PartyScene__000078-000085,PartyScene__000078-000085,0.043243974447250366,0.287504225476994,0.6911526322364807,0.9920082092285156,82,81,local_high_frequency_dominant,0.002126386621966958,0.0022790569346398115,0.9221852740414794,0.9221852740414794,static,0.2936895787715912,0.4769619405269623,0.04992571100592613,0.006183604709804058,0.0786358996248155,180408.8125,0.004811291117221117,4.331302989157848e-05,0.006581263548254126,0.0493430495262146,0.006083189509809017,0.07799480437701614,180408.8125,0.0033976600971072912,2.170661900890991e-05,0.004659036274693502,0.04964634031057358,0.006153660360723734,0.07844526984288941,179388.453125,0.007540414109826088,0.0001224372535943985,0.011065136853848601,0.0484289787709713,0.005869447719305754,0.07661232093668585,180408.8125,distributed_or_mixed,ok,/home/cilab/ndquan/videoInpainting/code/BrushNet/examples/brushnet/dataset_test_stc/teacher_flows_512x512/test/Class_C/PartyScene/000081_000082.npz,PartyScene,0.6882050037384033,PartyScene,0
0.718536376953125,PartyScene__000078-000085,PartyScene__000078-000085,0.03379406780004501,0.29406817394745954,0.6770757436752319,0.9982681274414062,83,82,local_high_frequency_dominant,0.0017990153282880783,0.0020522307604551315,0.9145352748606529,0.9145352748606529,static,0.30137258768081665,0.41494032740592957,0.05744665488600731,0.008010020479559898,0.08949871775371923,181863.953125,0.005742263048887253,6.852138176327571e-05,0.008277764297397922,0.056719835847616196,0.007846089079976082,0.08857815238520209,181863.953125,0.003638610942289233,2.614251570776105e-05,0.0051129752305053315,0.05714377015829086,0.007960421033203602,0.08922119161501713,180859.0,0.009208118543028831,0.0001978317741304636,0.014065268363257902,0.05554558336734772,0.007523250766098499,0.08673667486189737,181863.953125,distributed_or_mixed,ok,/home/cilab/ndquan/videoInpainting/code/BrushNet/examples/brushnet/dataset_test_stc/teacher_flows_512x512/test/Class_C/PartyScene/000082_000083.npz,PartyScene,0.6937559247016907,PartyScene,0
0.6986808776855469,PartyScene__000078-000085,PartyScene__000078-000085,0.02760017104446888,0.3179224620985863,0.6557320952415466,0.9753379821777344,84,83,local_high_frequency_dominant,0.0014086220180615783,0.001730346935801208,0.9118361084006728,0.9118361084006728,static,0.36111313104629517,0.4927431643009186,0.05910978466272354,0.008073225617408752,0.08985113030679555,175620.15625,0.006079765036702156,7.39686147426255e-05,0.00860050084254548,0.05823175981640816,0.007912241853773594,0.08895078332299043,175570.15625,0.00406681140884757,3.149739495711401e-05,0.005612253999696914,0.05864197015762329,0.007996908389031887,0.08942543479923308,174587.71875,0.00927419401705265,0.00017245301569346339,0.013132136752770411,0.05721253901720047,0.0076955887489020824,0.0877245048370299,175583.15625,distributed_or_mixed,ok,/home/cilab/ndquan/videoInpainting/code/BrushNet/examples/brushnet/dataset_test_stc/teacher_flows_512x512/test/Class_C/PartyScene/000083_000084.npz,PartyScene,0.6699377298355103,PartyScene,0
0.7205390930175781,PartyScene__000078-000085,PartyScene__000078-000085,0.024146053940057755,0.28339887102407807,0.687018871307373,0.9746932983398438,85,84,local_high_frequency_dominant,0.0012709066504612565,0.0015154541470110416,0.9114866073944556,0.9114866073944556,static,0.29949766397476196,0.46494585275650024,0.05971631780266762,0.00870838388800621,0.09331872206586528,177430.046875,0.0063188043422997,8.065463771345094e-05,0.008980792710749476,0.05895291641354561,0.008552871644496918,0.0924817368159623,177430.046875,0.004294342361390591,3.356504385010339e-05,0.005793534659437483,0.05938802286982536,0.008658908307552338,0.09305325522276121,176412.046875,0.00928223505616188,0.00017880644008982927,0.013371852530215448,0.057995185256004333,0.008337697014212608,0.09131099065398758,177419.046875,distributed_or_mixed,ok,/home/cilab/ndquan/videoInpainting/code/BrushNet/examples/brushnet/dataset_test_stc/teacher_flows_512x512/test/Class_C/PartyScene/000084_000085.npz,PartyScene,0.6768419146537781,PartyScene,0
0.722442626953125,PartyScene__000084-000091,PartyScene__000078-000085,0.017167937010526657,0.26948772602347393,0.7059223055839539,0.9721450805664062,86,85,local_high_frequency_dominant,0.0009018576238304377,0.0009936077985912561,0.923605352652007,0.923605352652007,static,0.2730846405029297,0.41068723797798157,0.05497625097632408,0.0077580977231264114,0.08808006427748796,181440.703125,0.004682154394686222,5.219913145992905e-05,0.007224896640086213,0.05438213050365448,0.007629749830812216,0.08734843920077917,181386.703125,0.0030707300174981356,1.8522659956943244e-05,0.004303795993880663,0.054759055376052856,0.007723698392510414,0.08788457425800283,180406.34375,0.007326300255954266,0.00013805512571707368,0.011749686196536215,0.05353007838129997,0.007427844684571028,0.08618494465143565,181415.703125,distributed_or_mixed,ok,/home/cilab/ndquan/videoInpainting/code/BrushNet/examples/brushnet/dataset_test_stc/teacher_flows_512x512/test/Class_C/PartyScene/000085_000086.npz,PartyScene,0.6921413540840149,PartyScene,1
0.72216796875,PartyScene__000084-000091,PartyScene__000084-000091,0.015292149037122726,0.27305896010656794,0.7012080550193787,0.99127197265625,87,86,local_high_frequency_dominant,0.0007347690407186747,0.0008393910247832537,0.930868056623505,0.930868056623505,static,0.3242225646972656,0.49015653133392334,0.05221601203083992,0.006919654551893473,0.08318446100019806,186772.234375,0.004400243982672691,3.7663005059584975e-05,0.0061370192324600855,0.05177094787359238,0.006828631740063429,0.08263553557679304,186772.234375,0.002752227010205388,1.2197079740872141e-05,0.0034924317804177854,0.05206876993179321,0.006899368017911911,0.08306243445693072,185740.234375,0.00697491317987442,0.0001062172741512768,0.010306176504954532,0.05095446854829788,0.00666017597541213,0.08160990120942514,186772.234375,distributed_or_mixed,ok,/home/cilab/ndquan/videoInpainting/code/BrushNet/examples/brushnet/dataset_test_stc/teacher_flows_512x512/test/Class_C/PartyScene/000086_000087.npz,PartyScene,0.7124795317649841,PartyScene,0
0.72247314453125,PartyScene__000084-000091,PartyScene__000084-000091,0.027875317260622978,0.2727946586728437,0.7113730311393738,0.9787979125976562,88,87,local_high_frequency_dominant,0.001486102701164782,0.001488334615714848,0.923582846168792,0.923582846168792,static,0.2992376983165741,0.4325285851955414,0.050676677376031876,0.006626954302191734,0.08140610727821183,183371.6875,0.004843953996896744,4.4672677177004516e-05,0.006683762202308256,0.05004298686981201,0.006525472737848759,0.08078039822784212,183349.6875,0.003258143551647663,2.0061206669197418e-05,0.004478973841093227,0.05029459670186043,0.006581021472811699,0.08112349519597697,182321.125,0.007511214818805456,0.00011927145533263683,0.010921147161934814,0.049158334732055664,0.006341067608445883,0.07963082071940414,183362.6875,distributed_or_mixed,ok,/home/cilab/ndquan/videoInpainting/code/BrushNet/examples/brushnet/dataset_test_stc/teacher_flows_512x512/test/Class_C/PartyScene/000087_000088.npz,PartyScene,0.699507474899292,PartyScene,0
0.7190017700195312,PartyScene__000084-000091,PartyScene__000084-000091,0.026088066399097443,0.2732188607249932,0.698494553565979,0.9823112487792969,89,88,local_high_frequency_dominant,0.0013070980785414577,0.001513805938884616,0.9132982040082361,0.9132982040082361,static,0.308674693107605,0.4973294138908386,0.055066484957933426,0.007688076701015234,0.08768167825158933,183326.203125,0.00585093442350626,6.807757745264098e-05,0.008250913734407905,0.054394494742155075,0.007553932722657919,0.08691336331461301,183326.203125,0.004039037972688675,3.0770741432206705e-05,0.005547138129901464,0.05462253466248512,0.007604893296957016,0.08720603933763427,182257.421875,0.00861498061567545,0.00015968903608154505,0.012636812734291233,0.05336611345410347,0.007317183539271355,0.08554053740345191,183325.203125,distributed_or_mixed,ok,/home/cilab/ndquan/videoInpainting/code/BrushNet/examples/brushnet/dataset_test_stc/teacher_flows_512x512/test/Class_C/PartyScene/000088_000089.npz,PartyScene,0.6993339657783508,PartyScene,0
0.7217216491699219,PartyScene__000084-000091,PartyScene__000084-000091,0.013549203984439373,0.2763713307927323,0.6977261900901794,0.9921989440917969,90,89,local_high_frequency_dominant,0.0007481686770915985,0.0008476535440422595,0.9017364263627359,0.9017364263627359,static,0.31468498706817627,0.4852752089500427,0.05939393863081932,0.008892522193491459,0.09430017069704306,185198.953125,0.006366317626088858,0.00010285709868185222,0.010141848878870766,0.05857693776488304,0.008661804720759392,0.09306881712345651,185198.953125,0.0040756757371127605,3.808630572166294e-05,0.006171410351099896,0.058990228921175,0.00879810843616724,0.09379823258551966,184185.953125,0.010019121691584587,0.0002701384946703911,0.01643589044348955,0.05733165889978409,0.008303787559270859,0.0911251203525727,185198.953125,distributed_or_mixed,ok,/home/cilab/ndquan/videoInpainting/code/BrushNet/examples/brushnet/dataset_test_stc/teacher_flows_512x512/test/Class_C/PartyScene/000089_000090.npz,PartyScene,0.70647794008255,PartyScene,0
0.7236366271972656,PartyScene__000084-000091,PartyScene__000084-000091,0.011310651898384094,0.27512212047774726,0.6981734037399292,0.9821701049804688,91,90,local_high_frequency_dominant,0.0005342304357327521,0.0006388326291926205,0.9083422493211252,0.9083422493211252,static,0.3079632520675659,0.45167118310928345,0.0538027323782444,0.007250953931361437,0.08515253332321615,184317.484375,0.005447627045214176,7.211921911220998e-05,0.008492303522143446,0.05303700268268585,0.007082908879965544,0.08416001948648505,184317.484375,0.00341313099488616,2.37081476370804e-05,0.004869101317191952,0.053344130516052246,0.007167988456785679,0.08466397378333762,183326.25,0.008657529018819332,0.00019645917927846313,0.014016389666332165,0.05193421244621277,0.006801099982112646,0.08246878186388257,184301.03125,distributed_or_mixed,ok,/home/cilab/ndquan/videoInpainting/code/BrushNet/examples/brushnet/dataset_test_stc/teacher_flows_512x512/test/Class_C/PartyScene/000090_000091.npz,PartyScene,0.7031154036521912,PartyScene,0
0.7161216735839844,PartyScene__000090-000097,PartyScene__000084-000091,0.024356195703148842,0.2889493994611134,0.6839839220046997,0.9533271789550781,92,91,local_high_frequency_dominant,0.0009931654203683138,0.0014393511228263378,0.9129692990975389,0.9129692990975389,static,0.28557518124580383,0.4122978448867798,0.056359514594078064,0.007678403053432703,0.08762649743903213,175152.53125,0.005772561300545931,6.82550307828933e-05,0.00826166029215032,0.05555599555373192,0.007511074189096689,0.08666645365478323,174599.53125,0.003746452508494258,2.5459590688114986e-05,0.0050457497647143565,0.056016955524683,0.007622753269970417,0.0873083802963405,173830.53125,0.009123302064836025,0.00019094576418865472,0.013818312638982182,0.05454568937420845,0.007256964687258005,0.08518782006400918,175148.53125,distributed_or_mixed,ok,/home/cilab/ndquan/videoInpainting/code/BrushNet/examples/brushnet/dataset_test_stc/teacher_flows_512x512/test/Class_C/PartyScene/000091_000092.npz,PartyScene,0.6681538820266724,PartyScene,1
0.6959724426269531,PartyScene__000090-000097,PartyScene__000090-000097,0.012896615080535412,0.2745565456947685,0.7008137106895447,0.9818496704101562,93,92,local_high_frequency_dominant,0.0005351204890757799,0.0007364696357399225,0.8922878792886066,0.8922878792886066,static,0.34506580233573914,0.5261063575744629,0.054295796900987625,0.007412383798509836,0.08609520194824934,177829.0,0.007025777827948332,0.00010482576180947945,0.010238445282828806,0.053173717111349106,0.007193642668426037,0.08481534453402896,177829.0,0.0044168997555971146,3.767018279177137e-05,0.006137603994375278,0.05379210039973259,0.007347577717155218,0.08571801279285013,176808.75,0.010091662406921387,0.00024129284429363906,0.015533603712392017,0.052081476897001266,0.006912420503795147,0.0831409676621288,177829.0,distributed_or_mixed,ok,/home/cilab/ndquan/videoInpainting/code/BrushNet/examples/brushnet/dataset_test_stc/teacher_flows_512x512/test/Class_C/PartyScene/000092_000093.npz,PartyScene,0.6783638000488281,PartyScene,0
0.7206611633300781,PartyScene__000090-000097,PartyScene__000090-000097,0.018342051655054092,0.28808105157827707,0.6843827962875366,0.9760589599609375,94,93,local_high_frequency_dominant,0.0010549736907705665,0.0011306761298328638,0.887751522802618,0.887751522802618,static,0.3004000782966614,0.46577295660972595,0.05862470343708992,0.008327926509082317,0.0912574737163062,175753.40625,0.007997835986316204,0.00012855725071858615,0.011338308988494984,0.057140473276376724,0.008041156455874443,0.08967249553722949,175605.40625,0.005640744231641293,5.7446028222329915e-05,0.007579315814922209,0.057824134826660156,0.008224166929721832,0.09068719275466537,174751.265625,0.011266504414379597,0.000265768903773278,0.01630242018147238,0.05591418966650963,0.007735816761851311,0.08795349203898223,175493.359375,distributed_or_mixed,ok,/home/cilab/ndquan/videoInpainting/code/BrushNet/examples/brushnet/dataset_test_stc/teacher_flows_512x512/test/Class_C/PartyScene/000093_000094.npz,PartyScene,0.6704460382461548,PartyScene,0
0.6983680725097656,PartyScene__000090-000097,PartyScene__000090-000097,0.017431769520044327,0.2771327265332776,0.7043010592460632,0.9669189453125,95,94,local_high_frequency_dominant,0.0008612298406660557,0.001021824893541634,0.9105656149544519,0.9105656149544519,static,0.3337010145187378,0.4682866930961609,0.05558198690414429,0.007797477301210165,0.08830332553879364,174538.703125,0.006366764195263386,7.286394975380972e-05,0.008536038293834543,0.054531779140233994,0.007553115952759981,0.08690866442858261,174293.703125,0.004517749417573214,3.510557871777564e-05,0.005924996094325771,0.05513524264097214,0.007745712995529175,0.08800973239096443,173527.703125,0.009325094521045685,0.00018589783576317132,0.013634435659871344,0.053644586354494095,0.007373778149485588,0.0858707060031859,174427.703125,distributed_or_mixed,ok,/home/cilab/ndquan/videoInpainting/code/BrushNet/examples/brushnet/dataset_test_stc/teacher_flows_512x512/test/Class_C/PartyScene/000094_000095.npz,PartyScene,0.6658123135566711,PartyScene,0
0.6999092102050781,PartyScene__000090-000097,PartyScene__000090-000097,0.027607321739196777,0.27836093881353235,0.6996048092842102,0.9682540893554688,96,95,local_high_frequency_dominant,0.0015732570318505168,0.001601132215000689,0.9174394510966452,0.9174394510966452,static,0.48553192615509033,0.526520848274231,0.05483333393931389,0.007601288612931967,0.08718536925959519,175955.90625,0.005538154859095812,6.038725405232981e-05,0.0077709236292946415,0.05406758934259415,0.007456842344254255,0.08635301004744568,175955.90625,0.0033430459443479776,1.9368428183952346e-05,0.004400957643962544,0.05437485873699188,0.007539378013461828,0.08682959180752739,174933.84375,0.008642398752272129,0.00017740318435244262,0.013319278672377219,0.053085144609212875,0.0071914903819561005,0.08480265551240775,175947.90625,distributed_or_mixed,ok,/home/cilab/ndquan/videoInpainting/code/BrushNet/examples/brushnet/dataset_test_stc/teacher_flows_512x512/test/Class_C/PartyScene/000095_000096.npz,PartyScene,0.6712185144424438,PartyScene,0
0.6949501037597656,PartyScene__000090-000097,PartyScene__000090-000097,0.015369147062301636,0.25335221691755944,0.7277390360832214,0.9734115600585938,97,96,local_high_frequency_dominant,0.0007685113814659417,0.000802312686573714,0.9098196091444245,0.9098196091444245,static,0.3906003534793854,0.5218567252159119,0.04956841096282005,0.006582824047654867,0.08113460450174677,175031.6875,0.00536614004522562,6.299916276475415e-05,0.007937201192155467,0.048739392310380936,0.006412407848984003,0.08007751150594031,174935.6875,0.00376500329002738,2.9095454010530375e-05,0.00539402020857638,0.049247901886701584,0.006548022851347923,0.08091985449410993,173916.96875,0.007996603846549988,0.00015602308849338442,0.012490920242055203,0.04787560552358627,0.006201870273798704,0.07875195409511249,174897.578125,distributed_or_mixed,ok,/home/cilab/ndquan/videoInpainting/code/BrushNet/examples/brushnet/dataset_test_stc/teacher_flows_512x512/test/Class_C/PartyScene/000096_000097.npz,PartyScene,0.6676928997039795,PartyScene,0
0.6948280334472656,PartyScene__000096-000103,PartyScene__000090-000097,0.03873993828892708,0.2721011197553106,0.7099376320838928,0.9668006896972656,98,97,local_high_frequency_dominant,0.0018509404035285115,0.0021131534595042467,0.9153255579581108,0.9153255579581108,static,0.29697656631469727,0.4480731785297394,0.05173301324248314,0.0068182204850018024,0.08257251652336753,172552.28125,0.005251530557870865,5.7232937251683325e-05,0.00756524535303934,0.051097434014081955,0.006687942426651716,0.0817798411997218,172463.515625,0.0036354423500597477,2.165986916224938e-05,0.004654016454875227,0.0513492077589035,0.006757753435522318,0.0822055559893753,171439.359375,0.007955110631883144,0.0001468478876631707,0.012118081022305912,0.05022890493273735,0.006487706210464239,0.08054629855222548,172427.203125,distributed_or_mixed,ok,/home/cilab/ndquan/videoInpainting/code/BrushNet/examples/brushnet/dataset_test_stc/teacher_flows_512x512/test/Class_C/PartyScene/000097_000098.npz,PartyScene,0.658234715461731,PartyScene,1
0.6909866333007812,PartyScene__000096-000103,PartyScene__000096-000103,0.030439456924796104,0.2856783301586212,0.6930947303771973,0.9757575988769531,99,98,local_high_frequency_dominant,0.0014455636264756322,0.0016225448343902826,0.9225039770970784,0.9225039770970784,static,0.3605632185935974,0.4699065387248993,0.05057920515537262,0.00633059861138463,0.07956505898561649,174748.71875,0.004707616753876209,4.364510823506862e-05,0.00660644444728544,0.04993961751461029,0.0061846231110394,0.07864237478000903,174642.71875,0.0029416908510029316,1.447584327252116e-05,0.0038047132970200474,0.050372347235679626,0.006307817995548248,0.07942177280537276,173724.71875,0.007419254630804062,0.000125301128719002,0.011193798672434752,0.0490475557744503,0.005978696513921022,0.07732203123250851,174594.71875,distributed_or_mixed,ok,/home/cilab/ndquan/videoInpainting/code/BrushNet/examples/brushnet/dataset_test_stc/teacher_flows_512x512/test/Class_C/PartyScene/000098_000099.npz,PartyScene,0.6666134595870972,PartyScene,0
0.6909751892089844,PartyScene__000096-000103,PartyScene__000096-000103,0.04453783482313156,0.2813780154756486,0.6930614709854126,0.9809150695800781,100,99,local_high_frequency_dominant,0.0024595216382294893,0.0026516965590417385,0.9033718564935814,0.9033718564935814,static,0.425123393535614,0.48212116956710815,0.056455329060554504,0.007944978773593903,0.08913461041365414,175557.78125,0.005834340117871761,8.869885641615838e-05,0.009418007029948447,0.055745285004377365,0.00775253726169467,0.08804849380707583,175557.78125,0.003854178823530674,3.6669902328867465e-05,0.00605556787831393,0.05623878911137581,0.007896349765360355,0.08886140762648516,174539.59375,0.008921302855014801,0.00023140324628911912,0.015211944198198964,0.054556094110012054,0.007426112424582243,0.08617489439843976,175521.78125,distributed_or_mixed,ok,/home/cilab/ndquan/videoInpainting/code/BrushNet/examples/brushnet/dataset_test_stc/teacher_flows_512x512/test/Class_C/PartyScene/000099_000100.npz,PartyScene,0.6696997880935669,PartyScene,0
0.6919364929199219,PartyScene__000096-000103,PartyScene__000096-000103,0.0322946272790432,0.2925531311343341,0.6861563324928284,0.9800071716308594,101,100,local_high_frequency_dominant,0.001466258312575519,0.0019077693577855825,0.9006745989084693,0.9006745989084693,moderate,0.5666570067405701,0.5220502614974976,0.05596959963440895,0.007674588821828365,0.08760473059046735,176181.390625,0.0060669598169624805,9.126892109634355e-05,0.00955347691138381,0.055299170315265656,0.007504782173782587,0.08663014587187642,176181.234375,0.004275928717106581,4.2326824768679217e-05,0.006505906913619286,0.05565488710999489,0.007601696997880936,0.08718771127791425,175155.15625,0.008936635218560696,0.00019891952979378402,0.014103883500432922,0.05416243523359299,0.0072272769175469875,0.08501339257756385,176131.390625,distributed_or_mixed,ok,/home/cilab/ndquan/videoInpainting/code/BrushNet/examples/brushnet/dataset_test_stc/teacher_flows_512x512/test/Class_C/PartyScene/000100_000101.npz,PartyScene,0.6720786690711975,PartyScene,0
0.7154388427734375,PartyScene__000096-000103,PartyScene__000096-000103,0.03489738330245018,0.2974692936395598,0.6819002032279968,0.9758377075195312,102,101,local_high_frequency_dominant,0.0013594258343800902,0.0021332306787371635,0.9084720477367803,0.9084720477367803,static,0.4794059991836548,0.4541042745113373,0.058041416108608246,0.008082234300673008,0.08990124749230685,175058.28125,0.006074240431189537,8.028637967072427e-05,0.008960266718726864,0.057142239063978195,0.007909654639661312,0.08893623918100715,175027.28125,0.00410746643319726,3.428824493312277e-05,0.005855616528865493,0.05755859985947609,0.008012250065803528,0.08951117285458575,173962.765625,0.009410876780748367,0.00019679586694110185,0.014028395023704666,0.05597423017024994,0.00761603144928813,0.08726987710136946,175005.28125,distributed_or_mixed,ok,/home/cilab/ndquan/videoInpainting/code/BrushNet/examples/brushnet/dataset_test_stc/teacher_flows_512x512/test/Class_C/PartyScene/000101_000102.npz,PartyScene,0.6677943468093872,PartyScene,0
0.7143592834472656,PartyScene__000096-000103,PartyScene__000096-000103,0.017201818525791168,0.28780014766328366,0.6930496692657471,0.9781112670898438,103,102,local_high_frequency_dominant,0.0008799954666756094,0.0009702485403977334,0.9110676340362561,0.9110676340362561,static,0.4987254738807678,0.4815959930419922,0.05327928066253662,0.007095939479768276,0.08423739953113626,181441.8125,0.005323448684066534,6.632410804741085e-05,0.008143961446827387,0.05255743861198425,0.006960700731724501,0.0834308140420822,181441.8125,0.0034206833224743605,2.3592820070916787e-05,0.0048572440818757286,0.052888136357069016,0.007028421387076378,0.08383568087083433,180343.5,0.007998567074537277,0.00015707507554907352,0.012532959568636353,0.05158471316099167,0.006730496883392334,0.08203960557799102,181374.8125,distributed_or_mixed,ok,/home/cilab/ndquan/videoInpainting/code/BrushNet/examples/brushnet/dataset_test_stc/teacher_flows_512x512/test/Class_C/PartyScene/000102_000103.npz,PartyScene,0.692145586013794,PartyScene,0
0.7140846252441406,PartyScene__000102-000109,PartyScene__000096-000103,0.0031725820153951645,0.28995937318630294,0.6863541603088379,0.9757461547851562,104,103,local_high_frequency_dominant,0.00017377764743287116,0.00018643213843461126,0.9238397103068593,0.9238397103068593,moderate,0.5532479286193848,0.521199107170105,0.05566034093499184,0.007608271669596434,0.08722540724809735,180818.453125,0.004810831509530544,5.077769310446456e-05,0.007125846834199046,0.05502323433756828,0.007471521385014057,0.0864379626380334,180771.828125,0.002766535384580493,1.5123444427445065e-05,0.0038888872994013424,0.05547240749001503,0.007583063095808029,0.08708078488282033,179723.984375,0.008101754821836948,0.00015951355453580618,0.012629867558126102,0.05395302176475525,0.007212940603494644,0.08492903274790456,180737.109375,distributed_or_mixed,ok,/home/cilab/ndquan/videoInpainting/code/BrushNet/examples/brushnet/dataset_test_stc/teacher_flows_512x512/test/Class_C/PartyScene/000103_000104.npz,PartyScene,0.6897676587104797,PartyScene,1
0.6898536682128906,PartyScene__000102-000109,PartyScene__000102-000109,0.014185483567416668,0.29090847076078247,0.6877931356430054,0.9756546020507812,105,104,local_high_frequency_dominant,0.0007086700643412769,0.0008308616233989596,0.904880384629155,0.904880384629155,moderate,0.6243800520896912,0.537541925907135,0.055369578301906586,0.007559831719845533,0.08694729276892717,175761.59375,0.0065476736053824425,8.173056994564831e-05,0.009040496111699197,0.05447938293218613,0.007396507542580366,0.08600295077833299,175761.59375,0.004583488684147596,3.558089883881621e-05,0.005964972660357817,0.05488762632012367,0.007483617402613163,0.08650790370025829,174711.296875,0.009501658380031586,0.00018910590733867139,0.01375157835808935,0.053401198238134384,0.00712678674608469,0.08442029818760824,175749.59375,distributed_or_mixed,ok,/home/cilab/ndquan/videoInpainting/code/BrushNet/examples/brushnet/dataset_test_stc/teacher_flows_512x512/test/Class_C/PartyScene/000104_000105.npz,PartyScene,0.6704772710800171,PartyScene,0
0.7097396850585938,PartyScene__000102-000109,PartyScene__000102-000109,0.06302353739738464,0.297444561043394,0.6762642860412598,0.9739303588867188,106,105,local_high_frequency_dominant,0.003128322074189782,0.003770221723243594,0.9040209376699533,0.9040209376699533,moderate,0.6169947981834412,0.5153707265853882,0.05649423599243164,0.0076958853751420975,0.0877261954899567,173329.109375,0.006416154559701681,8.470372267765924e-05,0.009203462537418146,0.05559592694044113,0.007514610420912504,0.08668685264163478,173290.984375,0.004618671722710133,4.0975715819513425e-05,0.0064012276806495036,0.056037746369838715,0.007626081816852093,0.0873274402284419,172217.515625,0.009407897479832172,0.00019651830371003598,0.014018498625389095,0.054513003677129745,0.007260819897055626,0.0852104447650382,173223.84375,distributed_or_mixed,ok,/home/cilab/ndquan/videoInpainting/code/BrushNet/examples/brushnet/dataset_test_stc/teacher_flows_512x512/test/Class_C/PartyScene/000105_000106.npz,PartyScene,0.661198079586029,PartyScene,0
0.71282958984375,PartyScene__000102-000109,PartyScene__000102-000109,0.03464839234948158,0.29015598360158246,0.6891746520996094,0.980865478515625,107,106,local_high_frequency_dominant,0.0016064535593613982,0.0019548162817955017,0.9148988159236173,0.9148988159236173,moderate,0.622877299785614,0.5225252509117126,0.05333558842539787,0.007021243683993816,0.08379286177231218,181132.421875,0.00555648747831583,5.9484144003363326e-05,0.0077125964501822165,0.052538055926561356,0.006875054445117712,0.08291594807464793,181118.390625,0.00389806623570621,2.5610444936319254e-05,0.005060676331906562,0.05287427455186844,0.006959078833460808,0.08342109345639631,180049.15625,0.008717748336493969,0.00017123301222454756,0.013085603242668928,0.05138250067830086,0.006593130528926849,0.0811980943675826,181044.390625,distributed_or_mixed,ok,/home/cilab/ndquan/videoInpainting/code/BrushNet/examples/brushnet/dataset_test_stc/teacher_flows_512x512/test/Class_C/PartyScene/000106_000107.npz,PartyScene,0.6909653544425964,PartyScene,0
0.6901359558105469,PartyScene__000102-000109,PartyScene__000102-000109,0.03273665904998779,0.3153129525525388,0.66353440284729,0.9773178100585938,108,107,local_high_frequency_dominant,0.0013179401867091656,0.0020657845307141542,0.910567393584163,0.910567393584163,moderate,0.6051009893417358,0.4768676161766052,0.05945359170436859,0.008250300772488117,0.09083116630588929,175288.953125,0.006331068463623524,7.796795398462564e-05,0.008829946431583016,0.058518026024103165,0.008082552812993526,0.08990301893147708,175287.90625,0.004264381248503923,3.439295323914848e-05,0.005864550557301769,0.05898590758442879,0.0081725362688303,0.09040208110895623,174181.1875,0.009698878042399883,0.00019733933731913567,0.014047752037928903,0.05738877132534981,0.007791365031152964,0.0882687092414575,175274.90625,distributed_or_mixed,ok,/home/cilab/ndquan/videoInpainting/code/BrushNet/examples/brushnet/dataset_test_stc/teacher_flows_512x512/test/Class_C/PartyScene/000107_000108.npz,PartyScene,0.6686742901802063,PartyScene,0
0.6536598205566406,PartyScene__000102-000109,PartyScene__000102-000109,0.019853387027978897,0.3032527677785068,0.6679840087890625,0.9840087890625,109,108,local_high_frequency_dominant,0.0009370070765726268,0.0011013809125870466,0.9156993830246929,0.9156993830246929,static,0.3330548405647278,0.502543032169342,0.05248424410820007,0.006520629394799471,0.08075041420822231,169010.40625,0.004948675166815519,5.4231288231676444e-05,0.0073641895841753315,0.05190711095929146,0.0063987369649112225,0.07999210564118951,168956.40625,0.003149760188534856,1.968220567505341e-05,0.004436463194376058,0.052063215523958206,0.006426963955163956,0.08016834758908253,167766.171875,0.007777784485369921,0.00013660051627084613,0.011687622353192548,0.05100679025053978,0.006212370004504919,0.07881858920651219,168988.40625,distributed_or_mixed,ok,/home/cilab/ndquan/videoInpainting/code/BrushNet/examples/brushnet/dataset_test_stc/teacher_flows_512x512/test/Class_C/PartyScene/000108_000109.npz,PartyScene,0.6447235345840454,PartyScene,0
0.67962646484375,PartyScene__000108-000115,PartyScene__000102-000109,0.08612097054719925,0.3019640277852695,0.6763789653778076,0.9825668334960938,110,109,local_high_frequency_dominant,0.004180508200079203,0.004838771652430296,0.8905174195521584,0.8905174195521584,static,0.32199597358703613,0.5149667859077454,0.05314987152814865,0.006741936318576336,0.08210929495846579,166831.84375,0.0074834153056144714,9.934323315974325e-05,0.009967107562364482,0.051913145929574966,0.006572537589818239,0.08107118840758558,166742.46875,0.005903690587729216,5.97414473304525e-05,0.00772925917086835,0.05229843407869339,0.006645717192441225,0.08152126834416418,165507.421875,0.010113097727298737,0.00018691425793804228,0.01367165893145533,0.050978485494852066,0.006379559636116028,0.07987214555848633,166742.46875,distributed_or_mixed,ok,/home/cilab/ndquan/videoInpainting/code/BrushNet/examples/brushnet/dataset_test_stc/teacher_flows_512x512/test/Class_C/PartyScene/000109_000110.npz,PartyScene,0.6364129781723022,PartyScene,1
0.6796455383300781,PartyScene__000108-000115,PartyScene__000108-000115,0.041375163942575455,0.297344342003725,0.6732298731803894,0.9755439758300781,111,110,local_high_frequency_dominant,0.002460960764437914,0.0025444210041314363,0.8870444890953033,0.8870444890953033,moderate,0.5795072317123413,0.4959934651851654,0.05821838602423668,0.008154703304171562,0.09030339586179227,172172.125,0.007116623688489199,0.00012817885726690292,0.011321610188789532,0.056924205273389816,0.007904826663434505,0.08890909213030186,172170.390625,0.004841550253331661,5.6351902458118275e-05,0.007506790423218053,0.05744371935725212,0.00802511814981699,0.08958302378138946,171062.53125,0.010312325321137905,0.00028226757422089577,0.016800820641292964,0.055654384195804596,0.007589632645249367,0.08711849772149062,172146.234375,distributed_or_mixed,ok,/home/cilab/ndquan/videoInpainting/code/BrushNet/examples/brushnet/dataset_test_stc/teacher_flows_512x512/test/Class_C/PartyScene/000110_000111.npz,PartyScene,0.6567845344543457,PartyScene,0
0.6801795959472656,PartyScene__000108-000115,PartyScene__000108-000115,0.03296332061290741,0.30337751424252996,0.6686627268791199,0.9760627746582031,112,111,local_high_frequency_dominant,0.0014600316062569618,0.0019343928433954716,0.8847791644291241,0.8847791644291241,moderate,0.5129677057266235,0.4351023733615875,0.05551723763346672,0.007327445317059755,0.08560049834586102,171900.625,0.006240194663405418,0.00012019264977425337,0.010963240842663877,0.0544307716190815,0.007087378762662411,0.08418657115396974,171900.53125,0.004299568012356758,5.550699643208645e-05,0.007450301767853867,0.05481669306755066,0.007180815562605858,0.08473969295793948,170708.109375,0.009675351902842522,0.00027265932294540107,0.01651239906692547,0.053191591054201126,0.006793418899178505,0.08242219906783915,171900.46875,distributed_or_mixed,ok,/home/cilab/ndquan/videoInpainting/code/BrushNet/examples/brushnet/dataset_test_stc/teacher_flows_512x512/test/Class_C/PartyScene/000111_000112.npz,PartyScene,0.6557488441467285,PartyScene,0
0.6838150024414062,PartyScene__000108-000115,PartyScene__000108-000115,0.032695017755031586,0.2818275981125561,0.6938000917434692,0.9813003540039062,113,112,local_high_frequency_dominant,0.0016720598796382546,0.0018181664636358619,0.9053292908440985,0.9053292908440985,static,0.4697151184082031,0.47700515389442444,0.05265636742115021,0.006923658307641745,0.0832085230468715,173722.78125,0.0054330420680344105,7.399023888865486e-05,0.00860175789525925,0.05181748420000076,0.006766378879547119,0.082258001918033,173718.15625,0.0038858032785356045,3.458274659351446e-05,0.005880709701516855,0.052157871425151825,0.006852021906524897,0.08277694066903474,172577.0,0.008278594352304935,0.00018517706484999508,0.01360797798535826,0.05082032456994057,0.006528239231556654,0.08079751995919586,173704.703125,distributed_or_mixed,ok,/home/cilab/ndquan/videoInpainting/code/BrushNet/examples/brushnet/dataset_test_stc/teacher_flows_512x512/test/Class_C/PartyScene/000112_000113.npz,PartyScene,0.662699818611145,PartyScene,0
0.6775932312011719,PartyScene__000108-000115,PartyScene__000108-000115,0.05015213415026665,0.3127297672864154,0.6673234105110168,0.9780540466308594,114,113,local_high_frequency_dominant,0.002274752128869295,0.00304236332885921,0.8996872662103288,0.8996872662103288,static,0.314975380897522,0.5025135278701782,0.057194143533706665,0.007694067899137735,0.08771583607956852,170447.515625,0.006769666913896799,9.340122778667137e-05,0.009664431063785978,0.05611611530184746,0.007513176649808884,0.08667858241693206,170265.53125,0.0047482759691774845,4.825430369237438e-05,0.006946531774373049,0.056487973779439926,0.007598396856337786,0.08716878372638788,169009.765625,0.009843791835010052,0.00019802936003543437,0.014072290504229736,0.055142540484666824,0.007285083644092083,0.08535270144577782,170410.296875,distributed_or_mixed,ok,/home/cilab/ndquan/videoInpainting/code/BrushNet/examples/brushnet/dataset_test_stc/teacher_flows_512x512/test/Class_C/PartyScene/000113_000114.npz,PartyScene,0.650205671787262,PartyScene,0
0.6747665405273438,PartyScene__000108-000115,PartyScene__000108-000115,0.01629183441400528,0.29935665230656716,0.6803582310676575,0.9839591979980469,115,114,local_high_frequency_dominant,0.0007508480921387672,0.0009115560096688569,0.9122768745900752,0.9122768745900752,static,0.3577308654785156,0.47257712483406067,0.052930064499378204,0.006770992651581764,0.08228604165702567,174842.578125,0.005498779006302357,6.129715620772913e-05,0.007829250041206317,0.05215708166360855,0.006629266310483217,0.08142030649956568,174822.578125,0.0037705639842897654,2.6195286409347318e-05,0.00511813309804926,0.052607592195272446,0.006737976334989071,0.08208517731593853,172871.3125,0.008339672349393368,0.00015718973008915782,0.01253753285495826,0.051271744072437286,0.006426247302442789,0.08016387779070315,174829.578125,distributed_or_mixed,ok,/home/cilab/ndquan/videoInpainting/code/BrushNet/examples/brushnet/dataset_test_stc/teacher_flows_512x512/test/Class_C/PartyScene/000114_000115.npz,PartyScene,0.6669715046882629,PartyScene,0
0.661834716796875,PartyScene__000114-000121,PartyScene__000108-000115,0.019527582451701164,0.3047713122605364,0.6695382595062256,0.9755401611328125,116,115,local_high_frequency_dominant,0.0010095787001773715,0.0011404736433178186,0.8979847914550967,0.8979847914550967,static,0.3257828652858734,0.4503859281539917,0.05522603169083595,0.007211841642856598,0.08492256262535063,166933.421875,0.006783828604966402,9.073167166206986e-05,0.009525317404793914,0.05416272580623627,0.007030189502984285,0.08384622533533806,166889.8125,0.004361298866569996,4.024303416372277e-05,0.006343739761664469,0.05442681908607483,0.007081327959895134,0.0841506266161764,164944.28125,0.009821557439863682,0.0001984816772164777,0.014088352537343665,0.05312192067503929,0.006808790378272533,0.08251539479559274,166921.734375,distributed_or_mixed,ok,/home/cilab/ndquan/videoInpainting/code/BrushNet/examples/brushnet/dataset_test_stc/teacher_flows_512x512/test/Class_C/PartyScene/000115_000116.npz,PartyScene,0.6368004679679871,PartyScene,1
0.6655502319335938,PartyScene__000114-000121,PartyScene__000114-000121,0.051081571727991104,0.2818576098502855,0.6932985782623291,0.9822196960449219,117,116,local_high_frequency_dominant,0.002563351998105645,0.0025789320934563875,0.9061737656761348,0.9061737656761348,static,0.4177827835083008,0.4354385733604431,0.04771453142166138,0.005676365457475185,0.07534165818108322,170225.234375,0.004962275270372629,5.9410165704321116e-05,0.007707799018158239,0.046979870647192,0.0055415998212993145,0.0744419224718123,170148.75,0.0034085481893271208,2.235234023828525e-05,0.004727826164135611,0.04721652716398239,0.00558347487822175,0.07472265304592544,167958.953125,0.007493505720049143,0.00014064203423913568,0.011859259430467641,0.04602614417672157,0.005381311755627394,0.07335742467962868,170217.625,distributed_or_mixed,ok,/home/cilab/ndquan/videoInpainting/code/BrushNet/examples/brushnet/dataset_test_stc/teacher_flows_512x512/test/Class_C/PartyScene/000116_000117.npz,PartyScene,0.6493577361106873,PartyScene,0
0.6515312194824219,PartyScene__000114-000121,PartyScene__000114-000121,0.011733394116163254,0.3043193253490185,0.6735175848007202,0.9853897094726562,118,117,local_high_frequency_dominant,0.0003820663841906935,0.0005840453086420894,0.9151323946709021,0.9151323946709021,static,0.34136220812797546,0.5174708962440491,0.046979550272226334,0.005283053498715162,0.0726846166579639,169225.828125,0.004727802239358425,4.452444409253076e-05,0.006672663942724132,0.04627120494842529,0.005177051294595003,0.07195172892012397,169127.84375,0.0028197395149618387,1.4036686479812488e-05,0.0037465566163895733,0.04657186195254326,0.0052268109284341335,0.07229668684271869,167654.375,0.00740479864180088,0.00011748875112971291,0.010839222810225506,0.04534710943698883,0.005019317846745253,0.07084714423846068,169206.90625,distributed_or_mixed,ok,/home/cilab/ndquan/videoInpainting/code/BrushNet/examples/brushnet/dataset_test_stc/teacher_flows_512x512/test/Class_C/PartyScene/000117_000118.npz,PartyScene,0.6455453038215637,PartyScene,0
0.6910972595214844,PartyScene__000114-000121,PartyScene__000114-000121,0.02655729465186596,0.3032023633677991,0.6724134683609009,0.990020751953125,119,118,local_high_frequency_dominant,0.001345866359770298,0.001602388103492558,0.8971440719366333,0.8971440719366333,static,0.33819395303726196,0.4843062162399292,0.05706958472728729,0.007753896061331034,0.08805620966934151,169069.0,0.006808074191212654,9.914156544255093e-05,0.009956985760889232,0.05604425445199013,0.007542607374489307,0.0868481857869772,168981.1875,0.004634498152881861,3.931809987989254e-05,0.006270414649757426,0.05668118968605995,0.007706673350185156,0.08778766058043212,167113.0,0.00972749199718237,0.00023146049352362752,0.015213825735942538,0.05490053445100784,0.007271362468600273,0.08527228429331697,169063.8125,distributed_or_mixed,ok,/home/cilab/ndquan/videoInpainting/code/BrushNet/examples/brushnet/dataset_test_stc/teacher_flows_512x512/test/Class_C/PartyScene/000118_000119.npz,PartyScene,0.6449470520019531,PartyScene,0
0.6837234497070312,PartyScene__000114-000121,PartyScene__000114-000121,0.06518324464559555,0.31143207352135427,0.6635144352912903,0.98406982421875,120,119,local_high_frequency_dominant,0.0025026723742485046,0.003823043778538704,0.9028180650290963,0.9028180650290963,static,0.40829983353614807,0.48703914880752563,0.05522254481911659,0.007171966601163149,0.08468746425040219,176880.75,0.006618482060730457,8.11540667200461e-05,0.009008555196037049,0.05439940467476845,0.007003895938396454,0.08368928209989887,176852.8125,0.004724406637251377,4.161859396845102e-05,0.006451247473818612,0.05478445440530777,0.0070975772105157375,0.08424711989448504,175036.484375,0.009597952477633953,0.00019715496455319226,0.014041188146064858,0.05329661816358566,0.006737185176461935,0.08208035804296869,176864.46875,distributed_or_mixed,ok,/home/cilab/ndquan/videoInpainting/code/BrushNet/examples/brushnet/dataset_test_stc/teacher_flows_512x512/test/Class_C/PartyScene/000119_000120.npz,PartyScene,0.6747465133666992,PartyScene,0
0.7024307250976562,PartyScene__000114-000121,PartyScene__000114-000121,0.04021984338760376,0.2826026910784043,0.6954802870750427,0.9892539978027344,121,120,local_high_frequency_dominant,0.0017778814071789384,0.002200446790084243,0.9089292793144307,0.9089292793144307,static,0.34286078810691833,0.4672914147377014,0.05169891193509102,0.006710810121148825,0.08191953442951702,177295.609375,0.005759106483310461,6.580880290130153e-05,0.008112262501996686,0.05099969357252121,0.006555210333317518,0.08096425342901346,177230.40625,0.0039056360255926847,2.4214710720116273e-05,0.004920844512897788,0.051292113959789276,0.0066155786626040936,0.08133620757451195,175391.0,0.008348979987204075,0.00015665977844037116,0.012516380404908248,0.050225310027599335,0.0063858493231236935,0.07991150932827945,177294.5625,distributed_or_mixed,ok,/home/cilab/ndquan/videoInpainting/code/BrushNet/examples/brushnet/dataset_test_stc/teacher_flows_512x512/test/Class_C/PartyScene/000120_000121.npz,PartyScene,0.6763290762901306,PartyScene,0
0.6781158447265625,PartyScene__000120-000127,PartyScene__000114-000121,0.01555599644780159,0.291124416608782,0.6933238506317139,0.9831809997558594,122,121,local_high_frequency_dominant,0.0007111076265573502,0.0007777082500979304,0.9108847158589033,0.9108847158589033,static,0.3157258927822113,0.3996403217315674,0.047144774347543716,0.005530715454369783,0.07436878010542988,174076.671875,0.005283453967422247,5.195394260226749e-05,0.007207908337532289,0.04643342271447182,0.0054280138574540615,0.0736750558700437,174070.109375,0.0037186644040048122,2.405135273875203e-05,0.0049042178518854595,0.04676511883735657,0.00549090001732111,0.07410060740183652,172889.046875,0.00756696006283164,0.00011713727872120216,0.010822997677224281,0.04565386846661568,0.005283841397613287,0.07269003643975759,174071.8125,distributed_or_mixed,ok,/home/cilab/ndquan/videoInpainting/code/BrushNet/examples/brushnet/dataset_test_stc/teacher_flows_512x512/test/Class_C/PartyScene/000121_000122.npz,PartyScene,0.6640498042106628,PartyScene,1
0.6820182800292969,PartyScene__000120-000127,PartyScene__000120-000127,0.02024872787296772,0.2677105321551915,0.7163683772087097,0.9918746948242188,123,122,local_high_frequency_dominant,0.0006265558185987175,0.0009661836666055024,0.9247237388845332,0.9247237388845332,static,0.3526735305786133,0.5181054472923279,0.04531664401292801,0.005330974701792002,0.07301352410199087,175606.34375,0.0041009970009326935,3.478296275716275e-05,0.005897708263144486,0.04482234641909599,0.00524897500872612,0.0724498102739139,175579.75,0.002709513995796442,1.3608986591862049e-05,0.0036890359976370587,0.044961076229810715,0.005270729772746563,0.07259979182302496,174599.390625,0.006457775831222534,9.803799912333488e-05,0.009901413996159078,0.044078197330236435,0.005108857061713934,0.07147626922072761,175602.625,distributed_or_mixed,ok,/home/cilab/ndquan/videoInpainting/code/BrushNet/examples/brushnet/dataset_test_stc/teacher_flows_512x512/test/Class_C/PartyScene/000122_000123.npz,PartyScene,0.6698850393295288,PartyScene,0
0.681549072265625,PartyScene__000120-000127,PartyScene__000120-000127,0.03336434066295624,0.27511596318485915,0.7047339677810669,0.9964256286621094,124,123,local_high_frequency_dominant,0.0013356959680095315,0.0015911671798676252,0.9045032497282218,0.9045032497282218,static,0.34192144870758057,0.4662087559700012,0.045202936977148056,0.005192985758185387,0.07206237408096812,177346.078125,0.0050492011941969395,5.662450712407008e-05,0.007524925722162982,0.04444185644388199,0.005079810507595539,0.07127278939115221,177280.078125,0.0033780857920646667,2.1902607841184363e-05,0.004680022205202061,0.04476825147867203,0.005143934860825539,0.07172123019598547,177330.171875,0.007383052725344896,0.00012957437138538808,0.011383073898793247,0.04363449290394783,0.00493932468816638,0.07028032931173829,177345.84375,distributed_or_mixed,ok,/home/cilab/ndquan/videoInpainting/code/BrushNet/examples/brushnet/dataset_test_stc/teacher_flows_512x512/test/Class_C/PartyScene/000123_000124.npz,PartyScene,0.6765215992927551,PartyScene,0
0.7003135681152344,PartyScene__000120-000127,PartyScene__000120-000127,0.0527016781270504,0.29850475141634214,0.6726240515708923,0.9949455261230469,125,124,local_high_frequency_dominant,0.0020303695928305387,0.0028573221061378717,0.9014940879573529,0.9014940879573529,static,0.3389018177986145,0.4606707990169525,0.05116972699761391,0.006275154184550047,0.0792158707870465,176023.515625,0.006234799046069384,7.318757707253098e-05,0.008554973820680633,0.050325099378824234,0.006129690445959568,0.07829233963779322,175990.453125,0.004118780139833689,2.9008149795117788e-05,0.005385921443459586,0.05061025172472,0.006188423838466406,0.07866653569635824,174997.09375,0.008758965879678726,0.000156364418216981,0.012504575891128055,0.0495266318321228,0.0059737213887274265,0.07728985307740872,176023.28125,distributed_or_mixed,ok,/home/cilab/ndquan/videoInpainting/code/BrushNet/examples/brushnet/dataset_test_stc/teacher_flows_512x512/test/Class_C/PartyScene/000124_000125.npz,PartyScene,0.671476423740387,PartyScene,0
0.6782646179199219,PartyScene__000120-000127,PartyScene__000120-000127,0.02085634507238865,0.2948185910791432,0.6862800121307373,0.9952468872070312,126,125,local_high_frequency_dominant,0.0009520548046566546,0.0010881402995437384,0.9031600869656047,0.9031600869656047,static,0.31872376799583435,0.4681958556175232,0.049185846000909805,0.005953013896942139,0.0771557768215844,176047.953125,0.006047599483281374,6.681767263216898e-05,0.008174207767861603,0.0482480488717556,0.0058118184097111225,0.07623528323362563,175967.109375,0.00430846493691206,3.1682011467637494e-05,0.005628677594927382,0.048524193465709686,0.005857858341187239,0.07653664704693589,174933.671875,0.00832553580403328,0.0001389121316606179,0.011786099085813673,0.04745543748140335,0.005676149856299162,0.07534022734435543,176030.90625,distributed_or_mixed,ok,/home/cilab/ndquan/videoInpainting/code/BrushNet/examples/brushnet/dataset_test_stc/teacher_flows_512x512/test/Class_C/PartyScene/000125_000126.npz,PartyScene,0.6715696454048157,PartyScene,0
0.6757698059082031,PartyScene__000120-000127,PartyScene__000120-000127,0.022227108478546143,0.2729465719913044,0.7045630216598511,0.9945755004882812,127,126,local_high_frequency_dominant,0.0010013263672590256,0.0010139987571164966,0.923220198040787,0.923220198040787,static,0.3727431297302246,0.5148305892944336,0.043254751712083817,0.0047952341847121716,0.06924762945193266,176019.046875,0.0040741972625255585,3.268379805376753e-05,0.005716974554234743,0.042767345905303955,0.0047255149111151695,0.06874238074954321,175981.046875,0.0026956533547490835,1.2409751434461214e-05,0.003522747710873036,0.043057363480329514,0.004774649627506733,0.06909883955253325,174877.03125,0.006139711476862431,8.054134377744049e-05,0.008974482925352328,0.04213603585958481,0.004616694059222937,0.06794625861092675,175985.953125,distributed_or_mixed,ok,/home/cilab/ndquan/videoInpainting/code/BrushNet/examples/brushnet/dataset_test_stc/teacher_flows_512x512/test/Class_C/PartyScene/000126_000127.npz,PartyScene,0.6714593768119812,PartyScene,0
0.6736106872558594,PartyScene__000126-000133,PartyScene__000120-000127,0.04414629563689232,0.2763816528756768,0.6978006362915039,0.9984588623046875,128,127,local_high_frequency_dominant,0.002074951073154807,0.002198585541918874,0.9213507517148948,0.9213507517148948,static,0.3539780378341675,0.49992045760154724,0.047170236706733704,0.005625852383673191,0.07500568234256116,176067.65625,0.0047820499166846275,4.0352078940486535e-05,0.006352328623464512,0.04651033505797386,0.005537665914744139,0.07441549512530397,176067.53125,0.0033254818990826607,1.6749128917581402e-05,0.004092569964897534,0.04671900346875191,0.005568057298660278,0.07461941636504724,174869.65625,0.007062394637614489,9.987438534153625e-05,0.009993717293456737,0.045815929770469666,0.005412906873971224,0.07357246002391944,176067.53125,distributed_or_mixed,ok,/home/cilab/ndquan/videoInpainting/code/BrushNet/examples/brushnet/dataset_test_stc/teacher_flows_512x512/test/Class_C/PartyScene/000127_000128.npz,PartyScene,0.6716448068618774,PartyScene,1
0.6750335693359375,PartyScene__000126-000133,PartyScene__000126-000133,0.018654732033610344,0.27064147258212873,0.7089003920555115,0.99444580078125,129,128,local_high_frequency_dominant,0.000615282915532589,0.0008693404961377382,0.9273356101557341,0.9273356101557341,static,0.3467167615890503,0.46341753005981445,0.0441768653690815,0.00502685084939003,0.07090028807691849,175887.453125,0.0041388473473489285,3.0424213036894798e-05,0.005515814811693264,0.04367836192250252,0.004955071955919266,0.07039227199003642,175887.453125,0.0024871081113815308,9.795591722649988e-06,0.003129791003030392,0.0438840426504612,0.004982525948435068,0.07058700977116872,174657.4375,0.006508131045848131,8.158329001162201e-05,0.009032346871750554,0.04301512986421585,0.004847193136811256,0.06962178636613152,175887.375,distributed_or_mixed,ok,/home/cilab/ndquan/videoInpainting/code/BrushNet/examples/brushnet/dataset_test_stc/teacher_flows_512x512/test/Class_C/PartyScene/000128_000129.npz,PartyScene,0.6709573864936829,PartyScene,0
0.7001190185546875,PartyScene__000126-000133,PartyScene__000126-000133,0.05433360114693642,0.29031345959181826,0.6849571466445923,0.996063232421875,130,129,local_high_frequency_dominant,0.002433254849165678,0.0027448313776403666,0.9045032327660156,0.9045032327660156,static,0.3668064475059509,0.5026228427886963,0.04773854836821556,0.005606968887150288,0.0748796960941368,176639.46875,0.005566853564232588,6.116746953921393e-05,0.007820963466173073,0.04696941003203392,0.005487359594553709,0.07407671425322339,176639.40625,0.003983567003160715,2.6777868697536178e-05,0.005174733683730611,0.047337982803583145,0.005560056306421757,0.07456578509223756,175419.609375,0.007873840630054474,0.0001343192852800712,0.011589619721115581,0.04618002474308014,0.0053420295007526875,0.07308918867214691,176639.375,distributed_or_mixed,ok,/home/cilab/ndquan/videoInpainting/code/BrushNet/examples/brushnet/dataset_test_stc/teacher_flows_512x512/test/Class_C/PartyScene/000129_000130.npz,PartyScene,0.6738260984420776,PartyScene,0
0.6959037780761719,PartyScene__000126-000133,PartyScene__000126-000133,0.0197526253759861,0.27734929588273666,0.6973845362663269,0.9999961853027344,131,130,local_high_frequency_dominant,0.0007877986063249409,0.0009449002100154757,0.9133115053569245,0.9133115053569245,static,0.3592452108860016,0.4942072927951813,0.04522877559065819,0.005184010602533817,0.07200007362866942,182280.140625,0.004737277049571276,4.581610483000986e-05,0.006768759474971013,0.04457265883684158,0.005085493437945843,0.07131264570849859,182280.140625,0.003094106912612915,1.6440942999906838e-05,0.004054743271762941,0.04500596970319748,0.005163740832358599,0.07185917361310662,181239.9375,0.007031655870378017,0.00011027772416127846,0.01050132011517021,0.04389496520161629,0.004959446378052235,0.07042333688524163,182280.140625,distributed_or_mixed,ok,/home/cilab/ndquan/videoInpainting/code/BrushNet/examples/brushnet/dataset_test_stc/teacher_flows_512x512/test/Class_C/PartyScene/000130_000131.npz,PartyScene,0.695343554019928,PartyScene,0
0.6905021667480469,PartyScene__000126-000133,PartyScene__000126-000133,0.06277790665626526,0.30104140095600385,0.6739283800125122,0.999664306640625,132,131,local_high_frequency_dominant,0.00246550515294075,0.0034220253583043814,0.9115332780029135,0.9115332780029135,static,0.3607954978942871,0.47419220209121704,0.051222287118434906,0.006349476985633373,0.0796836055009647,180144.59375,0.00559311592951417,5.8715992054203525e-05,0.007662636103470105,0.05054551362991333,0.006233638152480125,0.07895339227975025,180144.59375,0.004105874802917242,2.7668793336488307e-05,0.005260113433804285,0.05092882737517357,0.006307121831923723,0.07941738998433355,178903.109375,0.008052181452512741,0.00013105067773722112,0.011447736795420356,0.04973766580224037,0.006078548729419708,0.07796504812683507,180144.59375,distributed_or_mixed,ok,/home/cilab/ndquan/videoInpainting/code/BrushNet/examples/brushnet/dataset_test_stc/teacher_flows_512x512/test/Class_C/PartyScene/000131_000132.npz,PartyScene,0.6871970891952515,PartyScene,0
0.6965370178222656,PartyScene__000126-000133,PartyScene__000126-000133,0.03486812114715576,0.2789995495971397,0.6975038647651672,0.9965896606445312,133,132,local_high_frequency_dominant,0.0015662905061617494,0.001676485175266862,0.9285613043574512,0.9285613043574512,static,0.32706403732299805,0.4548986852169037,0.04544346034526825,0.00523807667195797,0.07237455818143534,179736.0625,0.00417588884010911,3.0573010008083656e-05,0.00552928657315604,0.044958580285310745,0.005165261682122946,0.0718697549886108,179732.421875,0.0026337318122386932,1.1254555829509627e-05,0.0033547810404718856,0.04528900608420372,0.005224240943789482,0.07227891078170369,178505.0,0.006533841602504253,8.445815910818055e-05,0.009190112029142003,0.044266894459724426,0.005046824924647808,0.07104100875302805,179736.0625,distributed_or_mixed,ok,/home/cilab/ndquan/videoInpainting/code/BrushNet/examples/brushnet/dataset_test_stc/teacher_flows_512x512/test/Class_C/PartyScene/000132_000133.npz,PartyScene,0.6856386661529541,PartyScene,0
0.6959114074707031,PartyScene__000132-000139,PartyScene__000126-000133,0.04590073972940445,0.29241567751142183,0.6861149072647095,0.9943428039550781,134,133,local_high_frequency_dominant,0.001829358167015016,0.002241704845800996,0.9171151534660493,0.9171151534660493,static,0.3233664631843567,0.4516035318374634,0.04626739025115967,0.005256441421806812,0.07250132013837274,180648.46875,0.0046803513541817665,4.221380004310049e-05,0.006497214791208653,0.04567647725343704,0.005168349947780371,0.07189123693316433,180648.46875,0.003366074524819851,1.899041308206506e-05,0.004357799109879328,0.04598712921142578,0.0052272179163992405,0.07229950149481834,179540.109375,0.0069291722029447556,0.0001019593037199229,0.010097489971271223,0.04492860659956932,0.00504129147157073,0.07100205258702547,180648.46875,distributed_or_mixed,ok,/home/cilab/ndquan/videoInpainting/code/BrushNet/examples/brushnet/dataset_test_stc/teacher_flows_512x512/test/Class_C/PartyScene/000133_000134.npz,PartyScene,0.6891192197799683,PartyScene,1
0.6953964233398438,PartyScene__000132-000139,PartyScene__000132-000139,0.02076948806643486,0.272238773033212,0.7106661796569824,0.9960403442382812,135,134,local_high_frequency_dominant,0.0007945187971927226,0.0009426900069229305,0.9282162424086338,0.9282162424086338,static,0.3600912094116211,0.5095826387405396,0.042977795004844666,0.004799522925168276,0.06927858922616911,181082.078125,0.00393267348408699,2.8308244509389624e-05,0.005320549267640477,0.0424451045691967,0.004733243957161903,0.06879857525531981,181081.1875,0.002430906053632498,9.99386338662589e-06,0.0031613072274971773,0.04276590794324875,0.00478333467617631,0.06916165611215733,180031.84375,0.006215505767613649,7.678742986172438e-05,0.008762843708621328,0.04180004075169563,0.004628280643373728,0.0680314680377671,181082.078125,distributed_or_mixed,ok,/home/cilab/ndquan/videoInpainting/code/BrushNet/examples/brushnet/dataset_test_stc/teacher_flows_512x512/test/Class_C/PartyScene/000134_000135.npz,PartyScene,0.6907733082771301,PartyScene,0
0.6943397521972656,PartyScene__000132-000139,PartyScene__000132-000139,0.024990065023303032,0.27435856113188883,0.7099953889846802,0.9929161071777344,136,135,local_high_frequency_dominant,0.0010042302310466766,0.0011673466069623828,0.9275566402884505,0.9275566402884505,static,0.3832189440727234,0.507893979549408,0.04422524943947792,0.0050818524323403835,0.07128711266659903,179808.96875,0.003848693333566189,3.05876528727822e-05,0.0055306105334567,0.04380165785551071,0.005014525726437569,0.07081331602486618,179802.96875,0.002485613338649273,1.2155449439887889e-05,0.003486466612472847,0.04401634633541107,0.00505164684727788,0.07107493825025724,178717.65625,0.006097126752138138,8.23923182906583e-05,0.009077021443769883,0.04314017668366432,0.00489242747426033,0.06994588961661957,179804.96875,distributed_or_mixed,ok,/home/cilab/ndquan/videoInpainting/code/BrushNet/examples/brushnet/dataset_test_stc/teacher_flows_512x512/test/Class_C/PartyScene/000135_000136.npz,PartyScene,0.6859167814254761,PartyScene,0
0.6940040588378906,PartyScene__000132-000139,PartyScene__000132-000139,0.01424113754183054,0.27261421615709613,0.7086476683616638,0.992431640625,137,136,local_high_frequency_dominant,0.0006645824760198593,0.0006751506589353085,0.9213196905399474,0.9213196905399474,static,0.35926392674446106,0.47714146971702576,0.04503503814339638,0.0052274190820753574,0.07230089267827443,179873.59375,0.004243567585945129,3.746558286366053e-05,0.006120913564465727,0.04450366646051407,0.005137136206030846,0.07167381813487297,179868.65625,0.002749239793047309,1.2663717825489584e-05,0.0035586117834753464,0.04481999948620796,0.005206713452935219,0.0721575599153354,178951.453125,0.006434077396988869,0.00010416705481475219,0.010206226276873944,0.043880678713321686,0.005010929889976978,0.07078792192158899,179869.21875,distributed_or_mixed,ok,/home/cilab/ndquan/videoInpainting/code/BrushNet/examples/brushnet/dataset_test_stc/teacher_flows_512x512/test/Class_C/PartyScene/000136_000137.npz,PartyScene,0.6861633062362671,PartyScene,0
0.6697425842285156,PartyScene__000132-000139,PartyScene__000132-000139,0.02027076669037342,0.2766148137576709,0.6956294178962708,0.9947624206542969,138,137,local_high_frequency_dominant,0.0008556695538572967,0.0010950327850878239,0.9200546950084085,0.9200546950084085,static,0.3503420650959015,0.49245792627334595,0.051167409867048264,0.006590517703443766,0.08118200356879451,175017.3125,0.004950459115207195,4.889981573796831e-05,0.006992840319781963,0.05055413767695427,0.00647662254050374,0.08047746604176688,175016.40625,0.003133762627840042,1.6386124116252176e-05,0.004047977781096652,0.05091983824968338,0.0065589407458901405,0.08098728755730827,173935.625,0.007818141020834446,0.00013250880874693394,0.011511247054378337,0.049691151827573776,0.006292157340794802,0.07932311983775475,175017.3125,distributed_or_mixed,ok,/home/cilab/ndquan/videoInpainting/code/BrushNet/examples/brushnet/dataset_test_stc/teacher_flows_512x512/test/Class_C/PartyScene/000137_000138.npz,PartyScene,0.6676380634307861,PartyScene,0
0.6679954528808594,PartyScene__000132-000139,PartyScene__000132-000139,0.023052159696817398,0.2711293469528291,0.7044589519500732,0.9942817687988281,139,138,local_high_frequency_dominant,0.001016546506434679,0.0010949233546853065,0.938206755786714,0.938206755786714,static,0.3562244772911072,0.5021536350250244,0.04518751800060272,0.00521010672673583,0.07218106903292462,174103.53125,0.0035134898498654366,2.2346857804222964e-05,0.0047272463236246705,0.044775739312171936,0.0051514748483896255,0.07177377549209478,174097.78125,0.0019957153126597404,6.672346898994874e-06,0.0025830886355281877,0.04495565965771675,0.005179891362786293,0.07197146214150643,173034.90625,0.005975217092782259,7.246345194289461e-05,0.008512546736605597,0.0440865084528923,0.005033000372350216,0.07094364222641952,174102.609375,distributed_or_mixed,ok,/home/cilab/ndquan/videoInpainting/code/BrushNet/examples/brushnet/dataset_test_stc/teacher_flows_512x512/test/Class_C/PartyScene/000138_000139.npz,PartyScene,0.6641522645950317,PartyScene,0
0.6672630310058594,PartyScene__000138-000145,PartyScene__000132-000139,0.007495489902794361,0.277034652245894,0.6938495635986328,0.9940338134765625,140,139,local_high_frequency_dominant,0.000254094076808542,0.00034482800401747227,0.9243963643652511,0.9243963643652511,static,0.3378578722476959,0.4544064402580261,0.04370720311999321,0.004791260696947575,0.06921893308154622,174351.09375,0.0040559954941272736,3.156649836455472e-05,0.005618407102066805,0.043195679783821106,0.004719081800431013,0.06869557336852945,174351.046875,0.002565613016486168,1.1905930477951188e-05,0.0034504971348997215,0.043425895273685455,0.004753663204610348,0.06894681431806945,174155.015625,0.00632491335272789,8.331256685778499e-05,0.009127571794173134,0.04253161698579788,0.0046111517585814,0.06790546192009447,174351.046875,distributed_or_mixed,ok,/home/cilab/ndquan/videoInpainting/code/BrushNet/examples/brushnet/dataset_test_stc/teacher_flows_512x512/test/Class_C/PartyScene/000139_000140.npz,PartyScene,0.665096640586853,PartyScene,1
0.6944847106933594,PartyScene__000138-000145,PartyScene__000138-000145,0.03142520785331726,0.279909227921583,0.6892974376678467,0.9939079284667969,141,140,local_high_frequency_dominant,0.001377684180624783,0.0017164757009595633,0.9116930916381416,0.9116930916381416,static,0.3389507830142975,0.46830248832702637,0.05173538997769356,0.00667664036154747,0.08171071142480324,174340.6875,0.005629320163279772,6.137144373496994e-05,0.007833992834753549,0.05100667104125023,0.00654145423322916,0.08087925712584877,174340.53125,0.003921843599528074,2.5768595151021145e-05,0.005076277686555488,0.051378775388002396,0.006616687402129173,0.08134302306977025,174144.65625,0.008338508196175098,0.00015469991194549948,0.012437841932807293,0.05011237785220146,0.006356149446219206,0.07972546297274921,174340.40625,distributed_or_mixed,ok,/home/cilab/ndquan/videoInpainting/code/BrushNet/examples/brushnet/dataset_test_stc/teacher_flows_512x512/test/Class_C/PartyScene/000140_000141.npz,PartyScene,0.6650569438934326,PartyScene,0
0.6929206848144531,PartyScene__000138-000145,PartyScene__000138-000145,0.017507055774331093,0.27615991828668496,0.6924169063568115,0.9948577880859375,142,141,local_high_frequency_dominant,0.0007356544374488294,0.0008949673501774669,0.9330029393138713,0.9330029393138713,static,0.3460361659526825,0.4852387607097626,0.0484146773815155,0.005901853553950787,0.07682352213971179,180015.515625,0.0037824944593012333,3.0016759410500526e-05,0.005478755279303916,0.04800257831811905,0.005821277853101492,0.07629729912062086,180015.515625,0.002082247519865632,8.226180398196448e-06,0.002868131865552288,0.048264145851135254,0.005878705531358719,0.07667271699476104,180015.515625,0.006438176613301039,0.00010040589404525235,0.010020274150204293,0.047220658510923386,0.005657359957695007,0.07521542366891917,180015.515625,distributed_or_mixed,ok,/home/cilab/ndquan/videoInpainting/code/BrushNet/examples/brushnet/dataset_test_stc/teacher_flows_512x512/test/Class_C/PartyScene/000141_000142.npz,PartyScene,0.686704695224762,PartyScene,0
0.6948966979980469,PartyScene__000138-000145,PartyScene__000138-000145,0.019772766157984734,0.27563156668478805,0.6891327500343323,0.9950294494628906,143,142,local_high_frequency_dominant,0.0008837339119054377,0.0009671631269156933,0.91224249305662,0.91224249305662,static,0.370727002620697,0.5008863210678101,0.0462217703461647,0.005403413437306881,0.07350791411342646,180090.359375,0.004273164551705122,4.8865258577279747e-05,0.006990368987205163,0.04565693810582161,0.0052802227437496185,0.07266514118715808,180090.359375,0.0027216067537665367,1.4720232684339862e-05,0.0038366955423045834,0.04602104425430298,0.005364416167140007,0.07324217478434135,180090.359375,0.006807475350797176,0.00014655017002951354,0.012105790764320749,0.044736139476299286,0.0050759646110236645,0.07124580416434124,180090.359375,distributed_or_mixed,ok,/home/cilab/ndquan/videoInpainting/code/BrushNet/examples/brushnet/dataset_test_stc/teacher_flows_512x512/test/Class_C/PartyScene/000142_000143.npz,PartyScene,0.6869902014732361,PartyScene,0
0.6653900146484375,PartyScene__000138-000145,PartyScene__000138-000145,0.056485045701265335,0.3006585525635279,0.6716731786727905,0.9956932067871094,144,143,local_high_frequency_dominant,0.0029847342520952225,0.0031225255224853754,0.9125104489027207,0.9125104489027207,static,0.36608532071113586,0.489004522562027,0.05187229439616203,0.00650734081864357,0.0806680904611208,173896.765625,0.005704265087842941,5.873555346624926e-05,0.0076639124124854964,0.05104033276438713,0.006389463320374489,0.07993411862511833,173896.765625,0.004239114932715893,2.9828785045538098e-05,0.005461573495389227,0.05140042304992676,0.006455924361944199,0.08034876702192884,173896.765625,0.008470714092254639,0.00013927245163358748,0.01180137498910985,0.05008600279688835,0.006211612373590469,0.07881378289100498,173873.765625,distributed_or_mixed,ok,/home/cilab/ndquan/videoInpainting/code/BrushNet/examples/brushnet/dataset_test_stc/teacher_flows_512x512/test/Class_C/PartyScene/000143_000144.npz,PartyScene,0.663363516330719,PartyScene,0
0.6926689147949219,PartyScene__000138-000145,PartyScene__000138-000145,0.05189463868737221,0.28850290446885607,0.6858012080192566,0.9962501525878906,145,144,local_high_frequency_dominant,0.0022012789268046618,0.0026416147593408823,0.911874611584168,0.911874611584168,static,0.3624206781387329,0.5278062224388123,0.048047713935375214,0.005707688629627228,0.07554924638689144,173627.265625,0.005412641912698746,5.236602373770438e-05,0.007236437226819865,0.04720097407698631,0.005606834776699543,0.07487880058267188,173627.1875,0.003762485459446907,2.5439774617552757e-05,0.005043785742629514,0.047582849860191345,0.005660411436110735,0.07523570585905827,173627.265625,0.007743266876786947,0.00011094786168541759,0.010533179087313459,0.046428702771663666,0.005484041292220354,0.07405431312368209,173627.109375,distributed_or_mixed,ok,/home/cilab/ndquan/videoInpainting/code/BrushNet/examples/brushnet/dataset_test_stc/teacher_flows_512x512/test/Class_C/PartyScene/000144_000145.npz,PartyScene,0.6623354554176331,PartyScene,0
0.6923065185546875,PartyScene__000142-000149,PartyScene__000138-000145,0.052609022706747055,0.2799677130441513,0.6922762393951416,0.9979934692382812,146,145,local_high_frequency_dominant,0.002073109382763505,0.0025219754315912724,0.8890853018944511,0.8890853018944511,static,0.33363041281700134,0.49455535411834717,0.04532783105969429,0.005181592423468828,0.0719832787768717,180713.953125,0.005153764970600605,7.836242002667859e-05,0.008852255081428607,0.044683974236249924,0.005035197362303734,0.07095912458805938,180713.859375,0.0038460467476397753,3.1929950637277216e-05,0.005650659309963503,0.045004475861787796,0.005112840794026852,0.07150413130740665,180713.953125,0.007271363399922848,0.00016186299035325646,0.012722538675643965,0.043866198509931564,0.0048740943893790245,0.0698147147052756,180713.953125,distributed_or_mixed,ok,/home/cilab/ndquan/videoInpainting/code/BrushNet/examples/brushnet/dataset_test_stc/teacher_flows_512x512/test/Class_C/PartyScene/000145_000146.npz,PartyScene,0.6893690228462219,PartyScene,1
0.6599693298339844,PartyScene__000142-000149,PartyScene__000142-000149,0.05848477780818939,0.2805379719293767,0.687701940536499,0.9971656799316406,147,146,local_high_frequency_dominant,0.0022296931128948927,0.002974911592900753,0.9038917109706213,0.9038917109706213,static,0.3853379487991333,0.5422619581222534,0.048172686249017715,0.005767317023128271,0.07594285366726926,172221.515625,0.005800418555736542,6.380651757353917e-05,0.007987898194990918,0.04731844365596771,0.005643859039992094,0.07512562172782394,172221.515625,0.004185983911156654,2.892545126087498e-05,0.005378238676451146,0.04766923934221268,0.005711148027330637,0.07557213790366551,172221.515625,0.008072732016444206,0.00013699551345780492,0.01170450825356644,0.04650823771953583,0.005482043605297804,0.07404082391017677,172178.515625,distributed_or_mixed,ok,/home/cilab/ndquan/videoInpainting/code/BrushNet/examples/brushnet/dataset_test_stc/teacher_flows_512x512/test/Class_C/PartyScene/000146_000147.npz,PartyScene,0.6569729447364807,PartyScene,0
0.6601448059082031,PartyScene__000142-000149,PartyScene__000142-000149,0.0368562750518322,0.26588811693374764,0.7086034417152405,0.997161865234375,148,147,local_high_frequency_dominant,0.0013275978853926063,0.0016690820921212435,0.9199784146093308,0.9199784146093308,static,0.35337430238723755,0.4904724061489105,0.042944569140672684,0.004790807608515024,0.06921566013927068,171757.203125,0.00418598810210824,3.563021164154634e-05,0.005969104760476762,0.04246899113059044,0.004709332715719938,0.06862457807316515,171757.203125,0.0027143554762005806,1.29673644551076e-05,0.003601022695722369,0.0427519716322422,0.004759940318763256,0.06899232072313016,171757.203125,0.006398584693670273,9.315205534221604e-05,0.009651531243394285,0.041792575269937515,0.004586929455399513,0.06772687395266012,171738.015625,distributed_or_mixed,ok,/home/cilab/ndquan/videoInpainting/code/BrushNet/examples/brushnet/dataset_test_stc/teacher_flows_512x512/test/Class_C/PartyScene/000147_000148.npz,PartyScene,0.6552017331123352,PartyScene,0
0.6595916748046875,PartyScene__000142-000149,PartyScene__000142-000149,0.011007782071828842,0.26960016703204925,0.6989756226539612,0.997955322265625,149,148,local_high_frequency_dominant,0.0004637311212718487,0.0005314780864864588,0.9210457106701953,0.9210457106701953,static,0.3658795654773712,0.5030246376991272,0.04575084149837494,0.005365316290408373,0.07324831936917306,172223.328125,0.004305977839976549,3.8764672353863716e-05,0.006226128199279526,0.04525516554713249,0.005275298375636339,0.0726312493052153,172223.328125,0.002779011381790042,1.4174833268043585e-05,0.0037649479768044054,0.0455622635781765,0.005331490188837051,0.07301705409585525,172223.328125,0.006652581971138716,0.00010261702118441463,0.010130005981459963,0.044535305351018906,0.005142222624272108,0.07170929245413113,172223.328125,distributed_or_mixed,ok,/home/cilab/ndquan/videoInpainting/code/BrushNet/examples/brushnet/dataset_test_stc/teacher_flows_512x512/test/Class_C/PartyScene/000148_000149.npz,PartyScene,0.6569798588752747,PartyScene,0
