bg_current_fraction,clip_current,clip_previous,directional_coherence,energy_support90_fraction,energy_top10_fraction,flow_valid_fraction,frame_current,frame_previous,frequency_diagnosis,global_dc_l1,global_dc_rmse,local_frequency_share,local_rmse_share,motion_band,motion_mean_px,motion_p90_px,raw_temporal_l1,raw_temporal_mse,raw_temporal_rmse,raw_weight,sigma_16_coarse_l1,sigma_16_coarse_mse,sigma_16_coarse_rmse,sigma_16_local_l1,sigma_16_local_mse,sigma_16_local_rmse,sigma_16_weight,sigma_32_coarse_l1,sigma_32_coarse_mse,sigma_32_coarse_rmse,sigma_32_local_l1,sigma_32_local_mse,sigma_32_local_rmse,sigma_32_weight,sigma_8_coarse_l1,sigma_8_coarse_mse,sigma_8_coarse_rmse,sigma_8_local_l1,sigma_8_local_mse,sigma_8_local_rmse,sigma_8_weight,spatial_scope_diagnosis,status,teacher_flow,unit_id,valid_coverage,video,window_boundary
0.585479736328125,BasketballPass__000000-000007,BasketballPass__000000-000007,0.1390620619058609,0.30571536639261043,0.7137609720230103,0.9688453674316406,1,0,local_high_frequency_dominant,0.002048748778179288,0.0026313529815524817,0.8047772276041842,0.8047772276041842,static,0.03983110189437866,0.07116632163524628,0.017537662759423256,0.0008103337604552507,0.0284663619111268,150708.546875,0.004931800998747349,4.121654637856409e-05,0.006420011400189574,0.015961147844791412,0.0007004255894571543,0.026465554773273774,149486.546875,0.004327664151787758,3.0817423976259306e-05,0.005551344339550493,0.0163746178150177,0.0007233836804516613,0.026895792987968608,149468.546875,0.00614393362775445,7.016861491138116e-05,0.008376670872809864,0.01511057186871767,0.0006448944332078099,0.025394771769161658,149562.546875,distributed_or_mixed,ok,/home/cilab/ndquan/videoInpainting/SFU_STC_flow/teacher_flows_512x512/train/Class_D/BasketballPass/000000_000001.npz,BasketballPass,0.5749074816703796,BasketballPass,0
0.6173095703125,BasketballPass__000000-000007,BasketballPass__000000-000007,0.19107994437217712,0.422837242190546,0.599114179611206,0.9725799560546875,2,1,local_high_frequency_dominant,0.0029221323784440756,0.003617007052525878,0.7493020179312522,0.7493020179312522,static,0.04152221977710724,0.07489072531461716,0.017327696084976196,0.0006245418335311115,0.02499083499067431,151353.6875,0.006001801695674658,5.941382551100105e-05,0.0077080364238242315,0.01537123043090105,0.0005307617830112576,0.02303826779537163,150843.46875,0.00480634393170476,4.0371043724007905e-05,0.0063538211907487535,0.015983354300260544,0.0005599383730441332,0.02366301698947396,150837.46875,0.0073940022848546505,9.132766717812046e-05,0.00955655100850304,0.014317578636109829,0.0004768315120600164,0.021836472060752312,150845.4375,distributed_or_mixed,ok,/home/cilab/ndquan/videoInpainting/SFU_STC_flow/teacher_flows_512x512/train/Class_D/BasketballPass/000001_000002.npz,BasketballPass,0.5773684978485107,BasketballPass,0
0.6440467834472656,BasketballPass__000000-000007,BasketballPass__000000-000007,0.12832176685333252,0.3549245950474772,0.6795756220817566,0.9765777587890625,3,2,local_high_frequency_dominant,0.0015033893287181854,0.0018726347479969263,0.7984772139966253,0.7984772139966253,static,0.038525957614183426,0.07014355808496475,0.01343133021146059,0.00044999245437793434,0.021213025582833164,161084.40625,0.003729666117578745,2.1652833311236463e-05,0.004653260503263971,0.012192369438707829,0.00033993154647760093,0.01843723261440287,160604.671875,0.002952051116153598,1.3162753020878881e-05,0.00362805085698628,0.01257372833788395,0.00035706383641809225,0.018896132842941497,160598.9375,0.004824918694794178,4.003416688647121e-05,0.006327255873320694,0.011503302492201328,0.00030560040613636374,0.01748143032295595,160608.421875,distributed_or_mixed,ok,/home/cilab/ndquan/videoInpainting/SFU_STC_flow/teacher_flows_512x512/train/Class_D/BasketballPass/000002_000003.npz,BasketballPass,0.6144882440567017,BasketballPass,0
0.6558685302734375,BasketballPass__000000-000007,BasketballPass__000000-000007,0.12410753965377808,0.3820303509781358,0.642985463142395,0.9739227294921875,4,3,local_high_frequency_dominant,0.0015593491261824965,0.0018243924714624882,0.7701130546940382,0.7701130546940382,static,0.03207336738705635,0.05810864269733429,0.013658279553055763,0.0004185239668004215,0.02045785831411542,166834.140625,0.004415517672896385,3.182028740411624e-05,0.005640947385334864,0.012290174141526222,0.0003570955595932901,0.018896972233489948,166579.015625,0.0037762289866805077,2.1718818970839493e-05,0.004660345370338929,0.012681582011282444,0.00037527180393226445,0.019371933407181238,166576.078125,0.005414914805442095,5.0144219130743295e-05,0.007081258301371536,0.011613478884100914,0.00032503431430086493,0.018028708059671522,166580.984375,distributed_or_mixed,ok,/home/cilab/ndquan/videoInpainting/SFU_STC_flow/teacher_flows_512x512/train/Class_D/BasketballPass/000003_000004.npz,BasketballPass,0.6364217400550842,BasketballPass,0
0.6656112670898438,BasketballPass__000000-000007,BasketballPass__000000-000007,0.08966823667287827,0.3214254382117102,0.7045168876647949,0.9667587280273438,5,4,local_high_frequency_dominant,0.0012731468304991722,0.0013188759330660105,0.7773418500115964,0.7773418500115964,static,0.05721414461731911,0.13535872101783752,0.013635874725878239,0.00047187512973323464,0.02172268698235176,170945.46875,0.0045013814233243465,3.46442247973755e-05,0.005885934488029535,0.012461086735129356,0.0004222578718326986,0.020548914127824336,170945.46875,0.0040083942003548145,2.695146031328477e-05,0.005191479588063963,0.012797731906175613,0.0004375744902063161,0.0209182812440773,170939.6875,0.005365429446101189,5.2830830099992454e-05,0.007268481966682758,0.01179281622171402,0.0003849401546176523,0.019619891809529742,170945.46875,distributed_or_mixed,ok,/home/cilab/ndquan/videoInpainting/SFU_STC_flow/teacher_flows_512x512/train/Class_D/BasketballPass/000004_000005.npz,BasketballPass,0.6521052122116089,BasketballPass,0
0.677703857421875,BasketballPass__000000-000007,BasketballPass__000000-000007,0.1551414430141449,0.3337358473206944,0.681577205657959,0.9681358337402344,6,5,local_high_frequency_dominant,0.0021346192806959152,0.0022524686064571142,0.7949127387441578,0.7949127387441578,static,0.047287341207265854,0.09873803704977036,0.013506713323295116,0.0004389833193272352,0.020951928773438384,173867.921875,0.0037817994598299265,2.6366842575953342e-05,0.005134865390246695,0.012595830485224724,0.00039611352258361876,0.019902600899973318,173867.921875,0.0030873531941324472,1.6542220691917464e-05,0.004067212889918287,0.013006743974983692,0.00041421176865696907,0.020352193214908536,173862.359375,0.00481208274140954,4.444072692422196e-05,0.006666387846819443,0.011932984925806522,0.0003647139819804579,0.01909748627386489,173867.921875,distributed_or_mixed,ok,/home/cilab/ndquan/videoInpainting/SFU_STC_flow/teacher_flows_512x512/train/Class_D/BasketballPass/000005_000006.npz,BasketballPass,0.6632534861564636,BasketballPass,0
0.6893806457519531,BasketballPass__000000-000007,BasketballPass__000000-000007,0.1313766986131668,0.34289976235175346,0.6875166893005371,0.9694747924804688,7,6,local_high_frequency_dominant,0.0015300886007025838,0.0017310900148004293,0.7982942545758136,0.7982942545758136,static,0.04333757236599922,0.0835103765130043,0.012140120379626751,0.00036280378117226064,0.01904740877842077,176295.5,0.003599108662456274,2.0991439669160172e-05,0.004581641591085031,0.011259295977652073,0.0003287999134045094,0.018132840742821007,176295.5,0.003011892316862941,1.3789809599984437e-05,0.003713463289166117,0.011604877188801765,0.0003422108420636505,0.018498941647122694,176283.875,0.004549258854240179,3.590588676161133e-05,0.005992152097670029,0.010640205815434456,0.0003021782322321087,0.017383274496829092,176295.46875,distributed_or_mixed,ok,/home/cilab/ndquan/videoInpainting/SFU_STC_flow/teacher_flows_512x512/train/Class_D/BasketballPass/000006_000007.npz,BasketballPass,0.6725139617919922,BasketballPass,0
0.6962127685546875,BasketballPass__000006-000013,BasketballPass__000000-000007,0.3144356608390808,0.3752794367888959,0.6420378088951111,0.9755363464355469,8,7,local_high_frequency_dominant,0.0032292420510202646,0.004204038996249437,0.7324702372333495,0.7324702372333495,static,0.03725021332502365,0.06789052486419678,0.012163915671408176,0.00034407040220685303,0.018549134810196755,179761.484375,0.004534106235951185,3.885305704898201e-05,0.00623322204393378,0.010866853408515453,0.0002912466588895768,0.017065950277953372,179761.484375,0.003964494448155165,2.956508797069546e-05,0.005437378777563271,0.011217623017728329,0.00030492356745526195,0.017462060802072073,179743.03125,0.00529908761382103,5.4530544730369e-05,0.007384479990518561,0.010243280790746212,0.00026543010608293116,0.016292025843428162,179761.484375,distributed_or_mixed,ok,/home/cilab/ndquan/videoInpainting/SFU_STC_flow/teacher_flows_512x512/train/Class_D/BasketballPass/000007_000008.npz,BasketballPass,0.6857356429100037,BasketballPass,1
0.6971893310546875,BasketballPass__000006-000013,BasketballPass__000006-000013,0.4531083405017853,0.5566029400395393,0.5343268513679504,0.9769935607910156,9,8,local_high_frequency_dominant,0.007812169846147299,0.009489145129919052,0.6631445530771164,0.6631445530771164,static,0.049459248781204224,0.09172815084457397,0.018573928624391556,0.0006620815256610513,0.0257309449041626,181051.515625,0.009380904026329517,0.00013111573935020715,0.011450578122968602,0.014842414297163486,0.0005081408307887614,0.022541979300601832,181051.515625,0.008936588652431965,0.0001180107137770392,0.010863273621567266,0.015335720032453537,0.000532385369297117,0.023073477616023057,181023.78125,0.010228857398033142,0.00015876202087383717,0.012600080193151042,0.013919834047555923,0.00045807554852217436,0.021402699561554713,181051.515625,distributed_or_mixed,ok,/home/cilab/ndquan/videoInpainting/SFU_STC_flow/teacher_flows_512x512/train/Class_D/BasketballPass/000008_000009.npz,BasketballPass,0.6906567215919495,BasketballPass,0
0.7010879516601562,BasketballPass__000006-000013,BasketballPass__000006-000013,0.18218331038951874,0.354755431051056,0.6697325706481934,0.9787330627441406,10,9,local_high_frequency_dominant,0.001916543929837644,0.0022449521347880363,0.7855347767948753,0.7855347767948753,static,0.04249200224876404,0.0845641940832138,0.011298035271465778,0.00030569839873351157,0.017484232860881015,182025.21875,0.003212669398635626,2.0350515114841983e-05,0.004511154521277451,0.010509578511118889,0.00027301875525154173,0.016523279191841482,182025.21875,0.0027123228646814823,1.3256907550385222e-05,0.0036410036460274554,0.01082089263945818,0.0002859400992747396,0.01690976343047825,181992.984375,0.0040571722202003,3.4907570807263255e-05,0.005908262926382276,0.009902482852339745,0.0002456590882502496,0.015673515503876263,182025.21875,distributed_or_mixed,ok,/home/cilab/ndquan/videoInpainting/SFU_STC_flow/teacher_flows_512x512/train/Class_D/BasketballPass/000009_000010.npz,BasketballPass,0.6943711042404175,BasketballPass,0
0.7066879272460938,BasketballPass__000006-000013,BasketballPass__000006-000013,0.3285529315471649,0.3923481525131496,0.6743181347846985,0.9820632934570312,11,10,local_high_frequency_dominant,0.004582887049764395,0.005094816908240318,0.7489983713782025,0.7489983713782025,static,0.03733527287840843,0.0701097846031189,0.014024568721652031,0.00047792811528779566,0.02186156708216032,183242.640625,0.005522734485566616,4.6623357775388286e-05,0.006828129888585035,0.012377841398119926,0.0004151568573433906,0.02037539833582133,183181.265625,0.005002697464078665,3.700571687659249e-05,0.006083232436508775,0.01270646508783102,0.0004303635796532035,0.020745206184880485,183159.171875,0.006281152367591858,6.465864862548187e-05,0.008041060168005328,0.01170584000647068,0.00038055184995755553,0.019507738207120668,183167.875,distributed_or_mixed,ok,/home/cilab/ndquan/videoInpainting/SFU_STC_flow/teacher_flows_512x512/train/Class_D/BasketballPass/000010_000011.npz,BasketballPass,0.699015200138092,BasketballPass,0
0.712982177734375,BasketballPass__000006-000013,BasketballPass__000006-000013,0.323589950799942,0.3734202596952158,0.6880244016647339,0.9788055419921875,12,11,local_high_frequency_dominant,0.004795568063855171,0.0053660380654037,0.7187444280144198,0.7187444280144198,static,0.03874565660953522,0.07042404264211655,0.015047518536448479,0.0005756274913437665,0.02399223814786287,184475.671875,0.006104542873799801,7.04063568264246e-05,0.008390849589071693,0.012983730994164944,0.0004597890074364841,0.021442691235861327,184406.265625,0.005512900184839964,5.2846939070150256e-05,0.007269590020774917,0.01338834036141634,0.0004853673162870109,0.022031053453863955,184300.53125,0.006929089780896902,0.00010133187606697902,0.010066373531067633,0.012215699069201946,0.0004088785208296031,0.020220744813918282,184400.390625,distributed_or_mixed,ok,/home/cilab/ndquan/videoInpainting/SFU_STC_flow/teacher_flows_512x512/train/Class_D/BasketballPass/000011_000012.npz,BasketballPass,0.7037188410758972,BasketballPass,0
0.7059364318847656,BasketballPass__000006-000013,BasketballPass__000006-000013,0.24299167096614838,0.3698610047418078,0.6654303073883057,0.9836769104003906,13,12,local_high_frequency_dominant,0.002740653930231929,0.003000828670337796,0.7604882148479575,0.7604882148479575,static,0.06186993047595024,0.13152630627155304,0.01130292471498251,0.0003014996473211795,0.017363745198579122,184043.265625,0.003730179276317358,2.6116818844457157e-05,0.005110461705605195,0.010283074341714382,0.00026330037508159876,0.016226533057976333,184032.078125,0.0032035454642027617,1.717601844575256e-05,0.004144396029067753,0.010502221062779427,0.00026748195523396134,0.016354875579898533,183235.046875,0.004420928191393614,3.720549648278393e-05,0.006099630848074655,0.009751410223543644,0.000242818336118944,0.015582629306986161,184038.046875,distributed_or_mixed,ok,/home/cilab/ndquan/videoInpainting/SFU_STC_flow/teacher_flows_512x512/train/Class_D/BasketballPass/000012_000013.npz,BasketballPass,0.7020693421363831,BasketballPass,0
0.7115859985351562,BasketballPass__000012-000019,BasketballPass__000006-000013,0.26183611154556274,0.38704849602986713,0.6609054207801819,0.9843330383300781,14,13,local_high_frequency_dominant,0.003111412515863776,0.0031674157362431288,0.7475531529313143,0.7475531529313143,static,0.04058688506484032,0.06962937116622925,0.010961458086967468,0.0002823715331032872,0.016803914219707478,183720.0,0.004125517792999744,2.771927393041551e-05,0.005264909679226749,0.009783445857465267,0.00024306705745402724,0.01559060798859452,183681.21875,0.003599456511437893,1.9024066205020063e-05,0.004361658652969082,0.009863675571978092,0.00023503557895310223,0.01533087013033188,182258.6875,0.004771289881318808,3.9829115848988295e-05,0.006311031282523348,0.009264582768082619,0.00022323780285660177,0.01494114463006773,183717.0,distributed_or_mixed,ok,/home/cilab/ndquan/videoInpainting/SFU_STC_flow/teacher_flows_512x512/train/Class_D/BasketballPass/000013_000014.npz,BasketballPass,0.700836181640625,BasketballPass,1
0.7123947143554688,BasketballPass__000012-000019,BasketballPass__000012-000019,0.119984932243824,0.3693743496357961,0.6538846492767334,0.9815025329589844,15,14,local_high_frequency_dominant,0.0013477319153025746,0.0014081881381571293,0.7788307332378737,0.7788307332378737,static,0.042492855340242386,0.07928463071584702,0.010773609392344952,0.00026848455308936536,0.016385498255755464,184477.28125,0.0030087060295045376,1.912554944283329e-05,0.004373276739795149,0.009944045916199684,0.00023716496070846915,0.015400161061121053,184075.90625,0.002402708400040865,1.2218186384416185e-05,0.003495452243189168,0.010171241126954556,0.00024431096971966326,0.01563045008052114,183655.09375,0.003845431376248598,3.023007229785435e-05,0.005498188092258608,0.009475472383201122,0.00021983262558933347,0.014826753710415962,184439.734375,distributed_or_mixed,ok,/home/cilab/ndquan/videoInpainting/SFU_STC_flow/teacher_flows_512x512/train/Class_D/BasketballPass/000014_000015.npz,BasketballPass,0.7037249803543091,BasketballPass,0
0.7085800170898438,BasketballPass__000012-000019,BasketballPass__000012-000019,0.08319611847400665,0.3119506103428516,0.7206540703773499,0.9833526611328125,16,15,local_high_frequency_dominant,0.0008981374558061361,0.0009461876470595598,0.8058091901506863,0.8058091901506863,static,0.03743913024663925,0.06879738718271255,0.01047706138342619,0.0003024614998139441,0.017391420293177442,184944.03125,0.0028518822509795427,1.5927249478409067e-05,0.003990895824048664,0.009803497232496738,0.0002742507786024362,0.016560518669487264,184944.03125,0.002166116377338767,7.985822776390705e-06,0.0028259198106794724,0.010132715106010437,0.00028695989749394357,0.016939890716706044,184944.03125,0.0036705811507999897,2.9294109481270425e-05,0.005412403299946376,0.009316563606262207,0.0002513191429898143,0.01585304838161463,184944.03125,distributed_or_mixed,ok,/home/cilab/ndquan/videoInpainting/SFU_STC_flow/teacher_flows_512x512/train/Class_D/BasketballPass/000015_000016.npz,BasketballPass,0.7055054903030396,BasketballPass,0
0.7143287658691406,BasketballPass__000012-000019,BasketballPass__000012-000019,0.09261104464530945,0.3315665934731582,0.6995476484298706,0.98101806640625,17,16,local_high_frequency_dominant,0.0006480652373284101,0.0010276465909555554,0.8096235303549968,0.8096235303549968,static,0.044160764664411545,0.08424122631549835,0.010194860398769379,0.00026798027101904154,0.016370102962994508,184850.125,0.0027049637865275145,1.3480925190378912e-05,0.0036716379438036795,0.009533855132758617,0.00024381442926824093,0.01561455824761754,184850.125,0.0019421614706516266,6.454746653616894e-06,0.002540619344493955,0.00983977597206831,0.00025545392418280244,0.01598292602068853,184850.125,0.0036222804337739944,2.5819259462878108e-05,0.005081265537528826,0.00904060248285532,0.0002236899599665776,0.01495626825002071,184850.125,distributed_or_mixed,ok,/home/cilab/ndquan/videoInpainting/SFU_STC_flow/teacher_flows_512x512/train/Class_D/BasketballPass/000016_000017.npz,BasketballPass,0.7051472663879395,BasketballPass,0
0.7105484008789062,BasketballPass__000012-000019,BasketballPass__000012-000019,0.15000523626804352,0.3545971477295346,0.6632997989654541,0.9824981689453125,18,17,local_high_frequency_dominant,0.0012169545516371727,0.0015935900155454874,0.7954012053943241,0.7954012053943241,static,0.03806842491030693,0.07358317077159882,0.009786323644220829,0.0002264628274133429,0.015048681916146108,185858.890625,0.002728506689891219,1.3555524674302433e-05,0.003681782811940763,0.009178023785352707,0.00020487203437369317,0.014313351612172922,185858.890625,0.0021507572382688522,8.409791917074472e-06,0.002899964123411611,0.009436221793293953,0.0002130164357367903,0.014595082587528934,185858.890625,0.003536281641572714,2.261018926219549e-05,0.00475501727254439,0.008701705373823643,0.0001895643799798563,0.013768238085530637,185858.890625,distributed_or_mixed,ok,/home/cilab/ndquan/videoInpainting/SFU_STC_flow/teacher_flows_512x512/train/Class_D/BasketballPass/000017_000018.npz,BasketballPass,0.7089954018592834,BasketballPass,0
0.7049484252929688,BasketballPass__000012-000019,BasketballPass__000012-000019,0.09862063825130463,0.36537624817804076,0.6618909239768982,0.9828681945800781,19,18,local_high_frequency_dominant,0.000915727112442255,0.0010367512004449964,0.8117311249225343,0.8117311249225343,static,0.03652254864573479,0.06526931375265121,0.009685150347650051,0.00021934331743977964,0.014810243665780102,183814.8125,0.002612112555652857,1.079416415450396e-05,0.0032854473294368853,0.009099328890442848,0.0002006579452427104,0.01416537840097152,183814.8125,0.0020230074878782034,6.1968953559699e-06,0.0024893564140094325,0.00938082579523325,0.00020922852854710072,0.014464733960467463,183814.8125,0.0034388983622193336,2.013403718592599e-05,0.004487096743544314,0.008598240092396736,0.00018461635045241565,0.013587359951529055,183814.8125,distributed_or_mixed,ok,/home/cilab/ndquan/videoInpainting/SFU_STC_flow/teacher_flows_512x512/train/Class_D/BasketballPass/000018_000019.npz,BasketballPass,0.7011978626251221,BasketballPass,0
0.706268310546875,BasketballPass__000018-000025,BasketballPass__000012-000019,0.1942027062177658,0.3842074503777138,0.6393002867698669,0.9867973327636719,20,19,local_high_frequency_dominant,0.0017385644605383277,0.0019716578535735607,0.7771244537866357,0.7771244537866357,static,0.03570118173956871,0.06224210932850838,0.009322229772806168,0.00019586888083722442,0.01399531638932198,184745.71875,0.0030890433117747307,1.4373212252394296e-05,0.0037912019535226945,0.008494074456393719,0.0001747471687849611,0.013219196979580912,184745.71875,0.0026127579621970654,9.872301234281622e-06,0.003142021838606731,0.00876426137983799,0.00018211253336630762,0.013494907682763436,184745.71875,0.003723670030012727,2.2255700969253667e-05,0.004717594828856508,0.008048219606280327,0.00016092877194751054,0.012685770451474777,184745.71875,distributed_or_mixed,ok,/home/cilab/ndquan/videoInpainting/SFU_STC_flow/teacher_flows_512x512/train/Class_D/BasketballPass/000019_000020.npz,BasketballPass,0.7047489881515503,BasketballPass,1
0.7078437805175781,BasketballPass__000018-000025,BasketballPass__000018-000025,0.234831303358078,0.37254711009397673,0.6668778657913208,0.9854087829589844,21,20,local_high_frequency_dominant,0.0020558079704642296,0.0025808054488152266,0.7967707291704099,0.7967707291704099,static,0.03566017001867294,0.062071677297353745,0.010037776082754135,0.000241108748014085,0.015527676838924908,184804.21875,0.002993310336023569,1.4228665349946823e-05,0.0037720903157197633,0.009264902211725712,0.00021870483760721982,0.0147886726114016,184804.21875,0.0024851327762007713,9.811014933802653e-06,0.00313225397019505,0.009571357630193233,0.00022770992654841393,0.015090060521694867,184804.21875,0.003772407304495573,2.3839669665903784e-05,0.004882588418646792,0.00876234844326973,0.00020182065782137215,0.014206359766716178,184804.21875,distributed_or_mixed,ok,/home/cilab/ndquan/videoInpainting/SFU_STC_flow/teacher_flows_512x512/train/Class_D/BasketballPass/000020_000021.npz,BasketballPass,0.7049721479415894,BasketballPass,0
0.7046661376953125,BasketballPass__000018-000025,BasketballPass__000018-000025,0.09453000128269196,0.37586426022583463,0.6433917284011841,0.9912490844726562,22,21,local_high_frequency_dominant,0.0006988276145420969,0.000814872735645622,0.8280459775646946,0.8280459775646946,static,0.03591141849756241,0.06354548037052155,0.007891299203038216,0.00014540414849761873,0.012058364254641619,184095.34375,0.001894963439553976,5.802076884720009e-06,0.002408750066885315,0.007528888992965221,0.00013454504369292408,0.01159935531367688,184095.34375,0.0013739151181653142,2.869268200811348e-06,0.0016938914371385635,0.0077587938867509365,0.00014007902063895017,0.011835498326599948,184095.34375,0.0025920202024281025,1.1629420441749971e-05,0.0034101936076636427,0.007122481241822243,0.000124300378956832,0.01114900798083991,184095.34375,distributed_or_mixed,ok,/home/cilab/ndquan/videoInpainting/SFU_STC_flow/teacher_flows_512x512/train/Class_D/BasketballPass/000021_000022.npz,BasketballPass,0.7022680044174194,BasketballPass,0
0.7001876831054688,BasketballPass__000018-000025,BasketballPass__000018-000025,0.2375822812318802,0.3724064463261404,0.6401917338371277,0.9881324768066406,23,22,local_high_frequency_dominant,0.0022881750483065844,0.0025785372126847506,0.778083804935192,0.778083804935192,static,0.04050575941801071,0.08391611278057098,0.010005681775510311,0.00022671509941574186,0.015057061446900648,183014.65625,0.003211629344150424,1.654329025768675e-05,0.00406734437412014,0.009189983829855919,0.00020337456953711808,0.014260945604591516,183014.65625,0.0028626422863453627,1.2350532415439375e-05,0.003514332428134734,0.009442520327866077,0.00021054821263533086,0.014510279550557626,183014.65625,0.003820904064923525,2.4591294277342968e-05,0.0049589610078466,0.00874808058142662,0.00018884414748754352,0.01374205761476583,183014.65625,distributed_or_mixed,ok,/home/cilab/ndquan/videoInpainting/SFU_STC_flow/teacher_flows_512x512/train/Class_D/BasketballPass/000022_000023.npz,BasketballPass,0.6981455087661743,BasketballPass,0
0.7033348083496094,BasketballPass__000018-000025,BasketballPass__000018-000025,0.10544788837432861,0.3627186052846636,0.6579387187957764,0.9912300109863281,24,23,local_high_frequency_dominant,0.001193124451674521,0.0013550169533118606,0.7930908291124295,0.7930908291124295,static,0.03524850681424141,0.06406106799840927,0.011923643760383129,0.0003282858233433217,0.018118659534946884,183521.0,0.003371699946001172,2.025451794906985e-05,0.004500501966344404,0.011012725532054901,0.0002975831157527864,0.01725059754770212,183521.0,0.0026606980245560408,1.2816012713301461e-05,0.003579945909270343,0.01133012119680643,0.00030859600519761443,0.017566900842141006,183521.0,0.0043047270737588406,3.242539969505742e-05,0.005694330486989443,0.010461746715009212,0.00027513818349689245,0.016587289817715626,183521.0,distributed_or_mixed,ok,/home/cilab/ndquan/videoInpainting/SFU_STC_flow/teacher_flows_512x512/train/Class_D/BasketballPass/000023_000024.npz,BasketballPass,0.7000770568847656,BasketballPass,0
0.7023277282714844,BasketballPass__000018-000025,BasketballPass__000018-000025,0.09961176663637161,0.3376822256737241,0.6918218731880188,0.9889755249023438,25,24,local_high_frequency_dominant,0.0008424646221101284,0.0010113827884197235,0.8293564191779081,0.8293564191779081,static,0.03382682800292969,0.0672796443104744,0.009357331320643425,0.00021922380256000906,0.014806208243841806,183462.953125,0.00230505783110857,8.67732524056919e-06,0.0029457300013017466,0.008817960508167744,0.00020496909564826638,0.014316741795823042,183462.953125,0.0018113822443410754,5.173140380065888e-06,0.002274453864132198,0.009042022749781609,0.00021098172874189913,0.014525210110077551,183462.953125,0.0030217475723475218,1.527687163616065e-05,0.003908563884108925,0.008412103168666363,0.00019262655405327678,0.013878996867687404,183462.953125,distributed_or_mixed,ok,/home/cilab/ndquan/videoInpainting/SFU_STC_flow/teacher_flows_512x512/train/Class_D/BasketballPass/000024_000025.npz,BasketballPass,0.699855625629425,BasketballPass,0
0.70623779296875,BasketballPass__000024-000031,BasketballPass__000018-000025,0.11034737527370453,0.3885438983806593,0.6296132206916809,0.9880332946777344,26,25,local_high_frequency_dominant,0.001043779426254332,0.001111321966163814,0.7951797551043179,0.7951797551043179,static,0.032957855612039566,0.061340197920799255,0.009272602386772633,0.0001905799435917288,0.013805069488841004,183854.40625,0.0026589916087687016,1.1436383829277474e-05,0.003381772291162945,0.008611224591732025,0.00017237472638953477,0.013129155585548325,183854.40625,0.0021276550833135843,7.1906256380316336e-06,0.0026815341948279595,0.008866069838404655,0.00017972274508792907,0.013406071202553308,183854.40625,0.0033697145991027355,1.9180828530807048e-05,0.00437959227906058,0.00816454365849495,0.00015871615323703736,0.012598259928936113,183854.40625,distributed_or_mixed,ok,/home/cilab/ndquan/videoInpainting/SFU_STC_flow/teacher_flows_512x512/train/Class_D/BasketballPass/000025_000026.npz,BasketballPass,0.7013489007949829,BasketballPass,1
0.7069549560546875,BasketballPass__000024-000031,BasketballPass__000024-000031,0.08636007457971573,0.35673465419268413,0.6599690318107605,0.9919700622558594,27,26,local_high_frequency_dominant,0.0007853702991269529,0.0008395976619794965,0.8354508441568568,0.8354508441568568,static,0.06008734554052353,0.09818029403686523,0.00896183867007494,0.00018901254225056618,0.01374818323454289,185071.265625,0.002046580659225583,6.856857908132952e-06,0.0026185602739163655,0.008573470637202263,0.0001767565991031006,0.013294983982807223,185071.265625,0.0015172981657087803,3.6406722756510135e-06,0.0019080545787924972,0.008784164674580097,0.00018267241830471903,0.013515636067337676,185071.265625,0.0027479962445795536,1.3327227861736901e-05,0.0036506475948435368,0.008190413005650043,0.00016432016855105758,0.012818742861570224,185071.265625,distributed_or_mixed,ok,/home/cilab/ndquan/videoInpainting/SFU_STC_flow/teacher_flows_512x512/train/Class_D/BasketballPass/000026_000027.npz,BasketballPass,0.7059908509254456,BasketballPass,0
0.7180747985839844,BasketballPass__000024-000031,BasketballPass__000024-000031,0.13457463681697845,0.36263130890335127,0.6489994525909424,0.9892005920410156,28,27,local_high_frequency_dominant,0.0012263674288988113,0.001480243168771267,0.804298175405263,0.804298175405263,static,0.045099418610334396,0.0742529109120369,0.010144876316189766,0.00023547466844320297,0.01534518388430725,185113.078125,0.002820387715473771,1.272146255359985e-05,0.0035667159339650037,0.009496756829321384,0.00021487280901055783,0.014658540480230554,185113.078125,0.0022081059869378805,7.499641014874214e-06,0.0027385472453244648,0.009753246791660786,0.00022332646767608821,0.01494411147161611,185113.078125,0.003573779482394457,2.1763913537142798e-05,0.004665180975818923,0.009030820801854134,0.00019835960119962692,0.014084019355270247,185113.078125,distributed_or_mixed,ok,/home/cilab/ndquan/videoInpainting/SFU_STC_flow/teacher_flows_512x512/train/Class_D/BasketballPass/000027_000028.npz,BasketballPass,0.7061503529548645,BasketballPass,0
0.7125282287597656,BasketballPass__000024-000031,BasketballPass__000024-000031,0.23716819286346436,0.39081296677998767,0.6414679884910583,0.9908638000488281,29,28,local_high_frequency_dominant,0.002254518447443843,0.002670585410669446,0.7887049888184229,0.7887049888184229,static,0.040620770305395126,0.0671694204211235,0.01026095449924469,0.00023774518922436982,0.015418987944231938,186745.6875,0.0030761214438825846,1.551696732349228e-05,0.003939158199855939,0.009501182474195957,0.0002162009186577052,0.01470377225944775,186745.6875,0.002662242390215397,1.1350149179634172e-05,0.0033689982457155085,0.009719735942780972,0.00022283545695245266,0.01492767419769244,186745.6875,0.0036690395791083574,2.2967980839894153e-05,0.004792492132481195,0.009071365930140018,0.00020179478451609612,0.014205449113495009,186745.6875,distributed_or_mixed,ok,/home/cilab/ndquan/videoInpainting/SFU_STC_flow/teacher_flows_512x512/train/Class_D/BasketballPass/000028_000029.npz,BasketballPass,0.7123782634735107,BasketballPass,0
0.7158050537109375,BasketballPass__000024-000031,BasketballPass__000024-000031,0.08618173748254776,0.32474345825256273,0.6872572898864746,0.9911994934082031,30,29,local_high_frequency_dominant,0.0008927924209274352,0.000986735918559134,0.8281196898365127,0.8281196898365127,static,0.05142666772007942,0.08713892102241516,0.010659859515726566,0.00027659826446324587,0.016631243623471032,186194.203125,0.0026348386891186237,1.1079731848440133e-05,0.0033286231160106023,0.010016809217631817,0.000257195410085842,0.016037313056925778,186194.203125,0.0018506050109863281,5.422342383099021e-06,0.0023285923608693344,0.010330804623663425,0.00026650141808204353,0.016324871150549505,186194.203125,0.003548647975549102,2.0794279407709837e-05,0.004560074495850899,0.009555420838296413,0.00024034736270550638,0.015503140414300141,186194.203125,distributed_or_mixed,ok,/home/cilab/ndquan/videoInpainting/SFU_STC_flow/teacher_flows_512x512/train/Class_D/BasketballPass/000029_000030.npz,BasketballPass,0.7102745175361633,BasketballPass,0
0.7180252075195312,BasketballPass__000024-000031,BasketballPass__000024-000031,0.15275095403194427,0.39298566440484023,0.6164960265159607,0.9828834533691406,31,30,local_high_frequency_dominant,0.0014468050794675946,0.0017491920152679086,0.7855807089222945,0.7855807089222945,static,0.05249710753560066,0.10080430656671524,0.01057948637753725,0.0002403637918177992,0.015503670269255575,186956.953125,0.003236946417018771,1.613002132216934e-05,0.004016219780112804,0.00975761003792286,0.00021651542920153588,0.014714463265832563,186956.953125,0.0027036804240196943,1.0719037163653411e-05,0.0032739940689704085,0.010052482597529888,0.00022492233256343752,0.014997410861993396,186956.953125,0.003977271728217602,2.4996246793307364e-05,0.004999624665243119,0.00926030520349741,0.00020068332378286868,0.014166274167291437,186956.953125,distributed_or_mixed,ok,/home/cilab/ndquan/videoInpainting/SFU_STC_flow/teacher_flows_512x512/train/Class_D/BasketballPass/000030_000031.npz,BasketballPass,0.7131841778755188,BasketballPass,0
0.7183151245117188,BasketballPass__000030-000037,BasketballPass__000024-000031,0.20262135565280914,0.4286982564980212,0.5967505574226379,0.9901885986328125,32,31,local_high_frequency_dominant,0.002353187883272767,0.002529262797906995,0.7812935081106569,0.7812935081106569,static,0.049688950181007385,0.08183013647794724,0.011388106271624565,0.00027107837377116084,0.016464457894846123,186933.9375,0.0034713672939687967,1.9079474441241473e-05,0.004368005773947818,0.010457245633006096,0.00024348459555767477,0.01560399293635045,186933.9375,0.0029498348012566566,1.3338873031898402e-05,0.00365224219239338,0.010769211687147617,0.0002527624892536551,0.015898505881171823,186933.9375,0.004236414097249508,2.9167871616664343e-05,0.005400728804213774,0.009933318942785263,0.00022594931942876428,0.015031610673136938,186933.9375,distributed_or_mixed,ok,/home/cilab/ndquan/videoInpainting/SFU_STC_flow/teacher_flows_512x512/train/Class_D/BasketballPass/000031_000032.npz,BasketballPass,0.7130963802337646,BasketballPass,1
0.7136154174804688,BasketballPass__000030-000037,BasketballPass__000030-000037,0.1065502017736435,0.36592177276545207,0.6421118974685669,0.9891014099121094,33,32,local_high_frequency_dominant,0.0008819717331789434,0.00132135977037251,0.8353220886010837,0.8353220886010837,static,0.06840131431818008,0.11432813853025436,0.011563252657651901,0.00029609433840960264,0.017207391970011105,186889.078125,0.00252362759783864,1.0804775229189545e-05,0.0032870617927245518,0.01103891059756279,0.00027800523093901575,0.016673488865232008,186889.078125,0.0019663157872855663,6.57372220302932e-06,0.0025639271056387934,0.011303948238492012,0.00028590133297257125,0.01690861712182789,186889.078125,0.003408614080399275,1.9604360204539262e-05,0.00442768113175952,0.010533761233091354,0.00026106846053153276,0.01615761308274006,186889.078125,distributed_or_mixed,ok,/home/cilab/ndquan/videoInpainting/SFU_STC_flow/teacher_flows_512x512/train/Class_D/BasketballPass/000032_000033.npz,BasketballPass,0.7129252552986145,BasketballPass,0
0.7121810913085938,BasketballPass__000030-000037,BasketballPass__000030-000037,0.26657405495643616,0.4211955648401093,0.6209574341773987,0.9865188598632812,34,33,local_high_frequency_dominant,0.003451685653999448,0.0036320057697594166,0.7667552229183012,0.7667552229183012,static,0.0710279643535614,0.11556895077228546,0.012456671334803104,0.0003364289295859635,0.01834199906187882,186627.65625,0.004300935659557581,2.7682863219524734e-05,0.005261450676336777,0.011264042928814888,0.00029915801133029163,0.017296184877894073,186627.65625,0.0038754823617637157,2.217053588537965e-05,0.004708559852585464,0.011574091389775276,0.00030952374800108373,0.017593287015253395,186627.65625,0.005047303158789873,3.940141687053256e-05,0.00627705479269797,0.01066763699054718,0.0002772407606244087,0.016650548358069433,186627.65625,distributed_or_mixed,ok,/home/cilab/ndquan/videoInpainting/SFU_STC_flow/teacher_flows_512x512/train/Class_D/BasketballPass/000033_000034.npz,BasketballPass,0.7119280099868774,BasketballPass,0
0.7162399291992188,BasketballPass__000030-000037,BasketballPass__000030-000037,0.10282506048679352,0.38092784611751573,0.6294272541999817,0.9869384765625,35,34,local_high_frequency_dominant,0.0010751670924946666,0.00130520632956177,0.7991675733104187,0.7991675733104187,static,0.057438984513282776,0.09730622917413712,0.011775031685829163,0.0003053529071621597,0.017474349978244104,186256.453125,0.003287728177383542,1.7588054106454365e-05,0.004193811405685092,0.01102534867823124,0.0002785004035104066,0.01668833135788017,186256.453125,0.002688955282792449,1.1503497262310702e-05,0.003391680595561838,0.011309988796710968,0.000288606301182881,0.016988416676750103,186256.453125,0.004125180188566446,2.8237805963726714e-05,0.0053139256641137455,0.010520771145820618,0.00025962438667193055,0.016112864012084584,186256.453125,distributed_or_mixed,ok,/home/cilab/ndquan/videoInpainting/SFU_STC_flow/teacher_flows_512x512/train/Class_D/BasketballPass/000034_000035.npz,BasketballPass,0.7105119824409485,BasketballPass,0
0.7139167785644531,BasketballPass__000030-000037,BasketballPass__000030-000037,0.10510659962892532,0.36876015130503287,0.6481747031211853,0.9864349365234375,36,35,local_high_frequency_dominant,0.0010104625253006816,0.0015888649504631758,0.8212539076080617,0.8212539076080617,static,0.04644661024212837,0.08982663601636887,0.01406786311417818,0.00044502809760160744,0.021095689076245115,185259.5625,0.0032654572278261185,1.938535388035234e-05,0.004402880180103967,0.013218068517744541,0.0004092187446076423,0.02022915580560994,185259.5625,0.0023054853081703186,9.304364539275412e-06,0.0030503056468615423,0.013620162382721901,0.0004261909634806216,0.02064439302766302,185259.5625,0.004590746480971575,3.8171510823303834e-05,0.0061783097060040485,0.012534535489976406,0.00037758451071567833,0.019431533925958557,185259.5625,distributed_or_mixed,ok,/home/cilab/ndquan/videoInpainting/SFU_STC_flow/teacher_flows_512x512/train/Class_D/BasketballPass/000035_000036.npz,BasketballPass,0.7067091464996338,BasketballPass,0
0.7133636474609375,BasketballPass__000030-000037,BasketballPass__000030-000037,0.09602818638086319,0.3767649937089333,0.633247971534729,0.983612060546875,37,36,local_high_frequency_dominant,0.0008298612665385008,0.0011058092350140214,0.8167637707189186,0.8167637707189186,static,0.06986919790506363,0.10993282496929169,0.010673637501895428,0.00025230846949853003,0.015884220770894932,185934.53125,0.0026969413738697767,1.1669555533444509e-05,0.003416073115939486,0.010050779208540916,0.00023185931786429137,0.015226927394070394,185934.53125,0.0019741898868232965,6.216082510945853e-06,0.00249320727396377,0.010346338152885437,0.00024147664953488857,0.015539518960858749,185934.53125,0.003552132286131382,2.177224996557925e-05,0.004666074363485782,0.00957312248647213,0.00021487861522473395,0.014658738527742896,185934.53125,distributed_or_mixed,ok,/home/cilab/ndquan/videoInpainting/SFU_STC_flow/teacher_flows_512x512/train/Class_D/BasketballPass/000036_000037.npz,BasketballPass,0.7092839479446411,BasketballPass,0
0.7051849365234375,BasketballPass__000036-000043,BasketballPass__000030-000037,0.20164531469345093,0.3885449084264972,0.6350098848342896,0.9881134033203125,38,37,local_high_frequency_dominant,0.0018085058545693755,0.0026273648254573345,0.7914103847921177,0.7914103847921177,static,0.11569517105817795,0.1790817230939865,0.01201409287750721,0.000321648723911494,0.01793456784847335,184412.53125,0.0035152598284184933,2.0320718249422498e-05,0.004507850735042421,0.01113466452807188,0.0002925210865214467,0.017103247835468172,184412.53125,0.002892356365919113,1.4142410691420082e-05,0.003760639665192623,0.011421266943216324,0.0003020459844265133,0.017379470199822354,184412.53125,0.004305548500269651,3.085876232944429e-05,0.005555066365890176,0.01058428268879652,0.00027225128724239767,0.016500039007299277,184412.109375,distributed_or_mixed,ok,/home/cilab/ndquan/videoInpainting/SFU_STC_flow/teacher_flows_512x512/train/Class_D/BasketballPass/000037_000038.npz,BasketballPass,0.7034779787063599,BasketballPass,1
0.7088241577148438,BasketballPass__000036-000043,BasketballPass__000036-000043,0.15220768749713898,0.35185670026617794,0.669840931892395,0.9810600280761719,39,38,local_high_frequency_dominant,0.0017798421904444695,0.0019359979778528214,0.8050839910564566,0.8050839910564566,static,0.10165195912122726,0.17530149221420288,0.011805099435150623,0.0003311932669021189,0.01819871607839737,183271.171875,0.0031993710435926914,1.7745576769812033e-05,0.0042125499130351,0.011051448993384838,0.0003027453494723886,0.017399579002734193,183271.171875,0.0025492864660918713,1.0212250344920903e-05,0.003195661174924667,0.01136558037251234,0.00031432704417966306,0.017729270830456143,183271.171875,0.004085541237145662,3.0137656722217798e-05,0.005489777474745019,0.01049816980957985,0.00028162775561213493,0.01678176854840201,183270.921875,distributed_or_mixed,ok,/home/cilab/ndquan/videoInpainting/SFU_STC_flow/teacher_flows_512x512/train/Class_D/BasketballPass/000038_000039.npz,BasketballPass,0.6991240382194519,BasketballPass,0
0.6988906860351562,BasketballPass__000036-000043,BasketballPass__000036-000043,0.2709557116031647,0.4220131339330059,0.618389904499054,0.9772529602050781,40,39,local_high_frequency_dominant,0.0037890414241701365,0.004548387136310339,0.7629756657513799,0.7629756657513799,static,0.1953163743019104,0.2610712945461273,0.015347513370215893,0.0005015854840166867,0.022396104215168466,181126.03125,0.005252341739833355,4.2857485823333263e-05,0.006546562901502838,0.013918936252593994,0.0004440810007508844,0.021073229480810113,181126.03125,0.004752524197101593,3.3552943932591006e-05,0.0057924903049198975,0.014260049909353256,0.00045974415843375027,0.02144164542272235,181126.03125,0.0060702962800860405,6.047740316716954e-05,0.0077767218779617895,0.013256297446787357,0.0004115936753805727,0.020287771572564905,181125.96875,distributed_or_mixed,ok,/home/cilab/ndquan/videoInpainting/SFU_STC_flow/teacher_flows_512x512/train/Class_D/BasketballPass/000039_000040.npz,BasketballPass,0.6909409761428833,BasketballPass,0
0.6948165893554688,BasketballPass__000036-000043,BasketballPass__000036-000043,0.15625599026679993,0.3631754791309985,0.6656303405761719,0.9800682067871094,41,40,local_high_frequency_dominant,0.0018260931828990579,0.002258776919916272,0.812160985889653,0.812160985889653,static,0.2111373096704483,0.26116809248924255,0.013379421085119247,0.0004173475317656994,0.020429085436350285,180520.375,0.0035780249163508415,2.0582265278790146e-05,0.004536768153519655,0.012516692280769348,0.0003847740881610662,0.019615659258894823,180520.375,0.0029673047829419374,1.3822193068335764e-05,0.0037178210107986324,0.012832573615014553,0.00039775713230483234,0.019943849485614163,180520.375,0.004577670246362686,3.543702405295335e-05,0.005952900473966733,0.011876460164785385,0.00035563853452913463,0.018858381015589187,180520.375,distributed_or_mixed,ok,/home/cilab/ndquan/videoInpainting/SFU_STC_flow/teacher_flows_512x512/train/Class_D/BasketballPass/000040_000041.npz,BasketballPass,0.6886305809020996,BasketballPass,0
0.6833343505859375,BasketballPass__000036-000043,BasketballPass__000036-000043,0.09470747411251068,0.3330937110379764,0.6871907711029053,0.9784431457519531,42,41,local_high_frequency_dominant,0.001054003951139748,0.0013944044476374984,0.830614602845654,0.830614602845654,static,0.30730193853378296,0.3866318464279175,0.013698265887796879,0.0004580571549013257,0.021402269853950672,177881.859375,0.0031136481557041407,1.764737862686161e-05,0.004200878316121715,0.012985260225832462,0.00042435311479493976,0.020599832882694454,177881.859375,0.0023050974123179913,9.269750989915337e-06,0.0030446265764318844,0.01332826167345047,0.00044171942863613367,0.021017122272950065,177881.859375,0.004258338361978531,3.638430280261673e-05,0.006031940218753559,0.012366839684545994,0.0003896795096807182,0.01974030166134039,177881.859375,distributed_or_mixed,ok,/home/cilab/ndquan/videoInpainting/SFU_STC_flow/teacher_flows_512x512/train/Class_D/BasketballPass/000041_000042.npz,BasketballPass,0.6785654425621033,BasketballPass,0
0.6807174682617188,BasketballPass__000036-000043,BasketballPass__000036-000043,0.13748995959758759,0.33222881551734823,0.7021949887275696,0.9737281799316406,43,42,local_high_frequency_dominant,0.0012532019754871726,0.0020556983072310686,0.8309414236888604,0.8309414236888604,static,0.28912004828453064,0.35011422634124756,0.013877992518246174,0.0004955517943017185,0.022260992662092104,177275.25,0.0033277631737291813,1.7504278730484657e-05,0.004183811507523332,0.012917391955852509,0.00042287365067750216,0.0205638919146523,177135.796875,0.0025469623506069183,9.974243766919244e-06,0.0031582026165082005,0.013267992995679379,0.0004362803010735661,0.020887323932796322,177155.796875,0.004342031665146351,3.165349698974751e-05,0.005626144060522047,0.012350416742265224,0.0003967536031268537,0.019918674733195824,177127.796875,distributed_or_mixed,ok,/home/cilab/ndquan/videoInpainting/SFU_STC_flow/teacher_flows_512x512/train/Class_D/BasketballPass/000042_000043.npz,BasketballPass,0.6762514114379883,BasketballPass,0
0.6777458190917969,BasketballPass__000042-000049,BasketballPass__000036-000043,0.11634257435798645,0.3422461417421595,0.6729390621185303,0.9740180969238281,44,43,local_high_frequency_dominant,0.0017209098441526294,0.0018709253054112196,0.8361211432542498,0.8361211432542498,static,0.16508397459983826,0.2291371077299118,0.014995126985013485,0.000532275706063956,0.023071101102113786,175305.484375,0.0033330002333968878,1.917091321956832e-05,0.004378460142512241,0.01423775777220726,0.0004990400047972798,0.02233920331608269,175305.484375,0.002533201826736331,1.0597552318358794e-05,0.003255388197797429,0.01455917302519083,0.0005143643938936293,0.022679603036509025,175305.484375,0.004456456284970045,3.6196361179463565e-05,0.006016341178778309,0.01359871868044138,0.0004650707123801112,0.021565498194572534,175304.484375,distributed_or_mixed,ok,/home/cilab/ndquan/videoInpainting/SFU_STC_flow/teacher_flows_512x512/train/Class_D/BasketballPass/000043_000044.npz,BasketballPass,0.6687373518943787,BasketballPass,1
0.6793327331542969,BasketballPass__000042-000049,BasketballPass__000042-000049,0.036284517496824265,0.3420386484348514,0.6747375726699829,0.9806709289550781,45,44,local_high_frequency_dominant,0.0004524730902630836,0.0005597606068477035,0.8585834388505954,0.8585834388505954,static,0.23261016607284546,0.2896866202354431,0.0144025394693017,0.0004885693779215217,0.02210360554121254,176752.40625,0.0027295195031911135,1.2599702131410595e-05,0.0035496059121275132,0.013787534087896347,0.0004644347936846316,0.02155074926040001,176752.40625,0.001952609047293663,6.476599992311094e-06,0.0025449165000665727,0.01406595017760992,0.00047688494669273496,0.021837695544464734,176752.40625,0.004005855415016413,2.7792601031251252e-05,0.005271868836688869,0.013162619434297085,0.000429976120358333,0.020735865556044026,176752.40625,distributed_or_mixed,ok,/home/cilab/ndquan/videoInpainting/SFU_STC_flow/teacher_flows_512x512/train/Class_D/BasketballPass/000044_000045.npz,BasketballPass,0.6742569208145142,BasketballPass,0
0.6842422485351562,BasketballPass__000042-000049,BasketballPass__000042-000049,0.029197167605161667,0.3467010035635826,0.6641687750816345,0.9748878479003906,46,45,local_high_frequency_dominant,0.00045877721277065575,0.00048812947352416813,0.8571849350238008,0.8571849350238008,static,0.41868165135383606,0.5246589779853821,0.015608690679073334,0.000563823792617768,0.023744974049633494,176834.3125,0.0030311266891658306,1.48538856592495e-05,0.0038540739042277716,0.014989230781793594,0.0005351075669750571,0.023132392158509183,176834.3125,0.0021619549952447414,7.0566720751230605e-06,0.002656439736776097,0.015296859666705132,0.000550517812371254,0.023463115998759713,176834.3125,0.00428741192445159,3.215131800970994e-05,0.005670213224360256,0.014369790442287922,0.0005003486294299364,0.022368474007628154,176834.3125,distributed_or_mixed,ok,/home/cilab/ndquan/videoInpainting/SFU_STC_flow/teacher_flows_512x512/train/Class_D/BasketballPass/000045_000046.npz,BasketballPass,0.6745693683624268,BasketballPass,0
0.6680641174316406,BasketballPass__000042-000049,BasketballPass__000042-000049,0.23338019847869873,0.41009185856297975,0.6088891625404358,0.9809188842773438,47,46,local_high_frequency_dominant,0.003818909404799342,0.00430638249963522,0.798472843383528,0.798472843383528,moderate,0.6543949842453003,0.7507990002632141,0.0169992558658123,0.0006092964904382825,0.024683931826965544,174789.703125,0.004874488804489374,3.576917151804082e-05,0.005980733359550551,0.015958411619067192,0.0005615158588625491,0.023696325851543926,174789.703125,0.004396611358970404,2.9314393032109365e-05,0.005414276778306533,0.016225740313529968,0.0005748991388827562,0.023977054424652672,174789.703125,0.005738824140280485,5.140779830981046e-05,0.007169923173215349,0.015345590189099312,0.0005280789919197559,0.022979969362898547,174789.703125,distributed_or_mixed,ok,/home/cilab/ndquan/videoInpainting/SFU_STC_flow/teacher_flows_512x512/train/Class_D/BasketballPass/000046_000047.npz,BasketballPass,0.666769802570343,BasketballPass,0
0.6558609008789062,BasketballPass__000042-000049,BasketballPass__000042-000049,0.14618821442127228,0.3448338382715905,0.669215977191925,0.9735260009765625,48,47,local_high_frequency_dominant,0.002517889253795147,0.003580427961423993,0.8319910926242664,0.8319910926242664,moderate,1.052525281906128,1.1379503011703491,0.022834721952676773,0.001215931843034923,0.03487021426712092,170894.140625,0.005367347504943609,4.671247734222561e-05,0.0068346526862910605,0.021727804094552994,0.001145527814514935,0.033845646906432963,170894.140625,0.0044127278961241245,3.120639667031355e-05,0.005586268582006558,0.02213740535080433,0.0011715643340721726,0.03422812197699682,170894.140625,0.0067016747780144215,7.506741530960426e-05,0.008664145388300237,0.02094642072916031,0.001088945660740137,0.032999176667610014,170894.140625,distributed_or_mixed,ok,/home/cilab/ndquan/videoInpainting/SFU_STC_flow/teacher_flows_512x512/train/Class_D/BasketballPass/000047_000048.npz,BasketballPass,0.6519094109535217,BasketballPass,0
0.6538734436035156,BasketballPass__000042-000049,BasketballPass__000042-000049,0.1834903359413147,0.33164975246069356,0.6946988105773926,0.9745101928710938,49,48,local_high_frequency_dominant,0.0036941810976713896,0.004552613012492657,0.8422368269334193,0.8422368269334193,moderate,1.3319131135940552,1.4506698846817017,0.02307748980820179,0.0013182159746065736,0.03630724410646687,169817.328125,0.005298365838825703,4.389839159557596e-05,0.0066255861322283,0.021892046555876732,0.0012511396780610085,0.03537145286895929,169817.328125,0.0044922009110450745,3.1851956009631976e-05,0.0056437537162452416,0.022266022861003876,0.0012769245076924562,0.035734080479179205,169817.328125,0.006708534434437752,7.282370643224567e-05,0.008533680708360589,0.021125715225934982,0.0011895304778590798,0.034489570566463706,169817.328125,distributed_or_mixed,ok,/home/cilab/ndquan/videoInpainting/SFU_STC_flow/teacher_flows_512x512/train/Class_D/BasketballPass/000048_000049.npz,BasketballPass,0.6478016972541809,BasketballPass,0
0.6502914428710938,BasketballPass__000048-000055,BasketballPass__000042-000049,0.051963020116090775,0.33509127302801117,0.676803708076477,0.9760704040527344,50,49,local_high_frequency_dominant,0.001088963937945664,0.0015453810337930918,0.8678718417720693,0.8678718417720693,moderate,1.8248990774154663,1.9282814264297485,0.0279611274600029,0.0018542998004704714,0.04306158149058707,167005.296875,0.005198510363698006,4.122112659388222e-05,0.006420368104235318,0.026881862431764603,0.0017784443916752934,0.04217160646306106,167005.296875,0.0039426786825060844,2.438060982967727e-05,0.0049376725113840095,0.02736552059650421,0.0018156419973820448,0.042610350824442235,167005.296875,0.007202944718301296,8.486046135658398e-05,0.009211973803511601,0.02584739774465561,0.0016786676133051515,0.040971546386549186,167005.296875,distributed_or_mixed,ok,/home/cilab/ndquan/videoInpainting/SFU_STC_flow/teacher_flows_512x512/train/Class_D/BasketballPass/000049_000050.npz,BasketballPass,0.6370746493339539,BasketballPass,1
0.6490325927734375,BasketballPass__000048-000055,BasketballPass__000048-000055,0.056653041392564774,0.35382056840792325,0.643145740032196,0.9726943969726562,51,50,local_high_frequency_dominant,0.0015502473106607795,0.0016570938751101494,0.8577232990630121,0.8577232990630121,moving,2.1716630458831787,2.325439453125,0.027489587664604187,0.0016885370714589953,0.04109181270592714,168160.578125,0.004920089617371559,4.4230211642570794e-05,0.006650579797474111,0.02650640159845352,0.0016074810409918427,0.04009340395865438,168160.578125,0.0037042945623397827,2.3140832126955502e-05,0.004810491879938631,0.026967434212565422,0.0016484701773151755,0.04060135684081476,168160.578125,0.006914990488439798,8.96472338354215e-05,0.009468222316539758,0.02548975497484207,0.0015097627183422446,0.0388556652026734,168160.578125,distributed_or_mixed,ok,/home/cilab/ndquan/videoInpainting/SFU_STC_flow/teacher_flows_512x512/train/Class_D/BasketballPass/000050_000051.npz,BasketballPass,0.6414816975593567,BasketballPass,0
0.63037109375,BasketballPass__000048-000055,BasketballPass__000048-000055,0.07149912416934967,0.3490036358339049,0.657394528388977,0.9737892150878906,52,51,local_high_frequency_dominant,0.0018981544999405742,0.0023202376905828714,0.8278250325931638,0.8278250325931638,moving,2.658259630203247,2.7934741973876953,0.030510129407048225,0.0021441651042550802,0.046305130431250056,164790.9375,0.0071061765775084496,8.609805081505328e-05,0.009278903535173393,0.028945446014404297,0.00199035438708961,0.044613387980399,164790.9375,0.0056051211431622505,4.7924459067871794e-05,0.0069227493864700744,0.029620755463838577,0.0020653512328863144,0.045446135511023535,164790.9375,0.009463534690439701,0.00016516029427293688,0.01285147051013762,0.02767530269920826,0.0018410487100481987,0.0429074435272972,164790.9375,distributed_or_mixed,ok,/home/cilab/ndquan/videoInpainting/SFU_STC_flow/teacher_flows_512x512/train/Class_D/BasketballPass/000051_000052.npz,BasketballPass,0.6286275386810303,BasketballPass,0
0.6179733276367188,BasketballPass__000048-000055,BasketballPass__000048-000055,0.04152406379580498,0.3220912722611477,0.6677523255348206,0.9675025939941406,53,52,local_high_frequency_dominant,0.0013063073856756091,0.0014331340789794922,0.8534418527080151,0.8534418527080151,moving,3.389167070388794,3.5778045654296875,0.0324077382683754,0.0024941659066826105,0.049941624990408655,160582.34375,0.005988751072436571,6.931130337761715e-05,0.008325341036715382,0.031226467341184616,0.002350347116589546,0.04848037867621855,160582.34375,0.0045050992630422115,3.4010125091299415e-05,0.005831820049632826,0.03187042102217674,0.002428560284897685,0.04928042496669124,160582.34375,0.00876858364790678,0.00015446105680894107,0.012428236271045907,0.02982454188168049,0.0021641948260366917,0.046520907407709616,160582.34375,distributed_or_mixed,ok,/home/cilab/ndquan/videoInpainting/SFU_STC_flow/teacher_flows_512x512/train/Class_D/BasketballPass/000052_000053.npz,BasketballPass,0.6125730276107788,BasketballPass,0
0.6002044677734375,BasketballPass__000048-000055,BasketballPass__000048-000055,0.15882614254951477,0.36633099853185613,0.6333929896354675,0.9718971252441406,54,53,local_high_frequency_dominant,0.0054597374983131886,0.006721706595271826,0.8154655902372624,0.8154655902372624,moving,3.8866755962371826,4.050441741943359,0.03923654928803444,0.0034234921913594007,0.058510616056912275,154708.0,0.01006518118083477,0.00016155184130184352,0.012710304532222803,0.036833345890045166,0.003154775593429804,0.05616738905654956,154708.0,0.00825151801109314,0.0001032541913446039,0.010161406956942719,0.037743620574474335,0.0032744579948484898,0.05722287999435619,154708.0,0.013154646381735802,0.0003019589348696172,0.017376965640456828,0.03468775004148483,0.002843711990863085,0.053326466138898465,154708.0,distributed_or_mixed,ok,/home/cilab/ndquan/videoInpainting/SFU_STC_flow/teacher_flows_512x512/train/Class_D/BasketballPass/000053_000054.npz,BasketballPass,0.5901641845703125,BasketballPass,0
0.60540771484375,BasketballPass__000048-000055,BasketballPass__000048-000055,0.22243422269821167,0.37781507074695625,0.6412902474403381,0.9591789245605469,55,54,local_high_frequency_dominant,0.010064561851322651,0.011900321580469608,0.7802016797055192,0.7802016797055192,moving,4.47265100479126,4.69447135925293,0.04901764914393425,0.0054211970418691635,0.07362877862540682,151747.703125,0.015721969306468964,0.000380179873900488,0.01949820181197456,0.04407142847776413,0.004790205508470535,0.06921131055304859,151304.078125,0.014037457294762135,0.000285554735455662,0.016898364875207957,0.04545560106635094,0.005013700574636459,0.07080748953773505,151314.09375,0.019471948966383934,0.0006346364389173687,0.025191991563141027,0.041230782866477966,0.004275279585272074,0.06538562216016663,151299.0625,distributed_or_mixed,ok,/home/cilab/ndquan/videoInpainting/SFU_STC_flow/teacher_flows_512x512/train/Class_D/BasketballPass/000054_000055.npz,BasketballPass,0.5788715481758118,BasketballPass,0
0.6100540161132812,BasketballPass__000054-000061,BasketballPass__000048-000055,0.12620243430137634,0.3108389168981268,0.6908466815948486,0.9640159606933594,56,55,local_high_frequency_dominant,0.004786262288689613,0.00691622169688344,0.8387270825145594,0.8387270825145594,moving,5.231025695800781,5.4708991050720215,0.050741683691740036,0.0064753019250929356,0.0804692607465294,151742.375,0.011566647328436375,0.0002162446326110512,0.01470525867202108,0.047515831887722015,0.005848759785294533,0.0764771847369824,149494.421875,0.00913960486650467,0.00012127382797189057,0.011012439692088696,0.04844929650425911,0.005999906454235315,0.07745906308648018,149261.078125,0.016251100227236748,0.000583315035328269,0.02415191576931878,0.04544394463300705,0.005400699097663164,0.07348944888664742,151600.015625,distributed_or_mixed,ok,/home/cilab/ndquan/videoInpainting/SFU_STC_flow/teacher_flows_512x512/train/Class_D/BasketballPass/000055_000056.npz,BasketballPass,0.5788512229919434,BasketballPass,1
0.6217613220214844,BasketballPass__000054-000061,BasketballPass__000054-000061,0.3263166844844818,0.41666881426693814,0.6353052258491516,0.9600486755371094,57,56,local_high_frequency_dominant,0.017901411280035973,0.021793534979224205,0.6783210210512399,0.6783210210512399,moving,5.930578231811523,6.324117660522461,0.05988600105047226,0.007978332228958607,0.08932151044937947,155113.171875,0.028847001492977142,0.0013867808738723397,0.037239506896202854,0.049348026514053345,0.006166419014334679,0.0785265497416936,155113.171875,0.026114311069250107,0.000961023906711489,0.031000385589722734,0.050395917147397995,0.006499282084405422,0.08061812503652899,151030.96875,0.032189421355724335,0.00187280576210469,0.043275925895406214,0.046009860932826996,0.005345121957361698,0.07311034097418571,155113.171875,distributed_or_mixed,ok,/home/cilab/ndquan/videoInpainting/SFU_STC_flow/teacher_flows_512x512/train/Class_D/BasketballPass/000056_000057.npz,BasketballPass,0.5917097926139832,BasketballPass,0
0.6059303283691406,BasketballPass__000054-000061,BasketballPass__000054-000061,0.09353368729352951,0.3549851938025488,0.6546443700790405,0.9602432250976562,58,57,local_high_frequency_dominant,0.0033490685746073723,0.003840159624814987,0.8111702235626277,0.8111702235626277,moving,7.114207744598389,7.509800434112549,0.038233160972595215,0.0033539135474711657,0.05791298254684493,151132.0625,0.009195792488753796,0.00016542329103685915,0.012861698606205136,0.03601020202040672,0.0030526688788086176,0.055250962695763205,150987.828125,0.006547943223267794,8.57940103742294e-05,0.009262505620739422,0.03674279525876045,0.003168554278090596,0.056289912756111074,150454.359375,0.013067025691270828,0.00033354293555021286,0.018263157874535633,0.03360997140407562,0.0026690710801631212,0.051663053337594377,151102.4375,distributed_or_mixed,ok,/home/cilab/ndquan/videoInpainting/SFU_STC_flow/teacher_flows_512x512/train/Class_D/BasketballPass/000057_000058.npz,BasketballPass,0.5765230655670166,BasketballPass,0
0.6146965026855469,BasketballPass__000054-000061,BasketballPass__000054-000061,0.09200415015220642,0.4054192262556464,0.5908461213111877,0.9617385864257812,59,58,local_high_frequency_dominant,0.003509396919980645,0.004167458042502403,0.7619936094107367,0.7619936094107367,moving,8.237153053283691,8.95129680633545,0.042086318135261536,0.003626669989898801,0.06022183980831872,152472.375,0.012423436157405376,0.0003012946981471032,0.017357842554508413,0.037958212196826935,0.003088281722739339,0.05557231075580121,152337.65625,0.008860841393470764,0.00014177479897625744,0.011906922313354423,0.03971794992685318,0.0033448401372879744,0.05783459291192404,152104.265625,0.017079683020710945,0.0005553069640882313,0.02356495202813346,0.03510298579931259,0.0026723614428192377,0.05169488797569096,152354.5,distributed_or_mixed,ok,/home/cilab/ndquan/videoInpainting/SFU_STC_flow/teacher_flows_512x512/train/Class_D/BasketballPass/000058_000059.npz,BasketballPass,0.5816359519958496,BasketballPass,0
0.6105766296386719,BasketballPass__000054-000061,BasketballPass__000054-000061,0.31043311953544617,0.4340328318266375,0.5547352433204651,0.9536514282226562,60,59,local_high_frequency_dominant,0.013421297073364258,0.015227312222123146,0.7410250281769977,0.7410250281769977,moving,9.286874771118164,9.946857452392578,0.04489444941282272,0.003991817589849234,0.06318083245612734,153082.890625,0.016447119414806366,0.0004133674665354192,0.020331440345814637,0.04017601162195206,0.0033844371791929007,0.05817591580020808,153079.5625,0.014614640735089779,0.0003172913857270032,0.017812674861654082,0.04149692505598068,0.0035821751225739717,0.05985127502880763,152856.5,0.019420351833105087,0.0006403111037798226,0.025304369262635705,0.037128545343875885,0.0029084845446050167,0.05393036755488522,153082.671875,distributed_or_mixed,ok,/home/cilab/ndquan/videoInpainting/SFU_STC_flow/teacher_flows_512x512/train/Class_D/BasketballPass/000059_000060.npz,BasketballPass,0.5839648842811584,BasketballPass,0
0.6135902404785156,BasketballPass__000054-000061,BasketballPass__000054-000061,0.2644123136997223,0.40708917984679543,0.6045582890510559,0.9465599060058594,61,60,local_high_frequency_dominant,0.013883758336305618,0.014436330646276474,0.7601433874857109,0.7601433874857109,moving,10.185790061950684,10.771675109863281,0.05004865676164627,0.005325207021087408,0.0729740160679636,151194.265625,0.017191123217344284,0.00046010350342839956,0.02145002338992663,0.04525993391871452,0.004621076863259077,0.06797850294952866,151193.8125,0.01534615270793438,0.0003269329317845404,0.01808128678453335,0.04679809883236885,0.004886306822299957,0.06990212316017273,151130.15625,0.020943624898791313,0.0007580061792396009,0.027531912015688283,0.04216604679822922,0.004026857670396566,0.06345752650707846,151194.125,distributed_or_mixed,ok,/home/cilab/ndquan/videoInpainting/SFU_STC_flow/teacher_flows_512x512/train/Class_D/BasketballPass/000060_000061.npz,BasketballPass,0.5767603516578674,BasketballPass,0
0.6074981689453125,BasketballPass__000060-000067,BasketballPass__000054-000061,0.05562075227499008,0.3462726185626618,0.6317523717880249,0.9473876953125,62,61,local_high_frequency_dominant,0.0029376978054642677,0.0031443166080862284,0.7850029137325464,0.7850029137325464,moving,11.012273788452148,11.354950904846191,0.05291109159588814,0.006254016421735287,0.07908233950595599,152143.84375,0.012140890583395958,0.0004158868105150759,0.020393303080057334,0.049400921911001205,0.005544374231249094,0.07446055486799097,152143.84375,0.008514481596648693,0.0001979998778551817,0.014071242939242492,0.05115334689617157,0.005876116454601288,0.07665583118459604,152132.84375,0.01791221834719181,0.0007916381000541151,0.028136064046950758,0.0456855483353138,0.004790124483406544,0.06921072520503266,152143.734375,distributed_or_mixed,ok,/home/cilab/ndquan/videoInpainting/SFU_STC_flow/teacher_flows_512x512/train/Class_D/BasketballPass/000061_000062.npz,BasketballPass,0.5803827047348022,BasketballPass,1
0.5928306579589844,BasketballPass__000060-000067,BasketballPass__000060-000067,0.06689956784248352,0.3778340799825175,0.5817188024520874,0.9392890930175781,63,62,local_high_frequency_dominant,0.003109237877652049,0.0033825591672211885,0.7705278849170811,0.7705278849170811,moving,11.86949348449707,12.404582977294922,0.04712291061878204,0.004643708933144808,0.06814476453216936,146399.671875,0.014579623006284237,0.00035672439844347537,0.01888714902899523,0.0428340844810009,0.004022070672363043,0.06341979716431646,146399.671875,0.011446085758507252,0.00019517159671522677,0.013970382840682168,0.0446833111345768,0.0043105874210596085,0.06565506394071678,146396.15625,0.019429972395300865,0.0006817416870035231,0.02611018358808538,0.03922038897871971,0.0034223138354718685,0.058500545599779394,146399.609375,distributed_or_mixed,ok,/home/cilab/ndquan/videoInpainting/SFU_STC_flow/teacher_flows_512x512/train/Class_D/BasketballPass/000062_000063.npz,BasketballPass,0.5584704279899597,BasketballPass,0
0.5754280090332031,BasketballPass__000060-000067,BasketballPass__000060-000067,0.468242347240448,0.5669317593308598,0.4771726727485657,0.9331932067871094,64,63,local_high_frequency_dominant,0.030359327793121338,0.03400864079594612,0.6001536884837779,0.6001536884837779,moving,12.400032997131348,13.010568618774414,0.06482816487550735,0.0074155195616185665,0.08611341104391677,140962.0,0.03828510269522667,0.0021421671845018864,0.046283551986660294,0.047235772013664246,0.004826053511351347,0.06946980287399229,139287.921875,0.037174008786678314,0.0019333689706400037,0.043970091774295894,0.04954270273447037,0.005190190393477678,0.07204297601763601,139394.4375,0.04108327627182007,0.0026158359833061695,0.051145243994981285,0.043291233479976654,0.004194914363324642,0.06476815856055074,140962.0,distributed_or_mixed,ok,/home/cilab/ndquan/videoInpainting/SFU_STC_flow/teacher_flows_512x512/train/Class_D/BasketballPass/000063_000064.npz,BasketballPass,0.5377273559570312,BasketballPass,0
0.5405807495117188,BasketballPass__000060-000067,BasketballPass__000060-000067,0.41803187131881714,0.5426205373573795,0.49793991446495056,0.9321250915527344,65,64,local_high_frequency_dominant,0.024048635736107826,0.02859320491552353,0.6499024800532064,0.6499024800532064,moving,12.699923515319824,13.312737464904785,0.061172764748334885,0.006805963348597288,0.08249826270047926,135728.6875,0.0323660634458065,0.001426944276317954,0.037774915967053506,0.04750167205929756,0.004917284473776817,0.0701233518435679,133349.625,0.031373653560876846,0.001249229651875794,0.03534444301266882,0.0499422550201416,0.005282559432089329,0.07268121787703705,133375.78125,0.03583972901105881,0.0018993710400536656,0.04358177417285425,0.043280236423015594,0.00420233653858304,0.06482543126415002,135725.40625,distributed_or_mixed,ok,/home/cilab/ndquan/videoInpainting/SFU_STC_flow/teacher_flows_512x512/train/Class_D/BasketballPass/000064_000065.npz,BasketballPass,0.5177638530731201,BasketballPass,0
0.5143814086914062,BasketballPass__000060-000067,BasketballPass__000060-000067,0.13570940494537354,0.3857239608763447,0.5802527070045471,0.9341926574707031,66,65,local_high_frequency_dominant,0.005264087114483118,0.0067212400026619434,0.7714376111527597,0.7714376111527597,moving,12.995079040527344,13.792607307434082,0.046020254492759705,0.004375052638351917,0.06614418068395675,127035.2265625,0.014001823030412197,0.0003295645001344383,0.018153911427966102,0.04199506714940071,0.0037543305661529303,0.06127259229176558,125218.078125,0.010685667395591736,0.00017170976207125932,0.013103807159419712,0.043695516884326935,0.0040662577375769615,0.06376721522519986,125076.2421875,0.019629262387752533,0.0007200278341770172,0.02683333438425082,0.03763052076101303,0.0030254994053393602,0.055004539861172916,127035.2265625,distributed_or_mixed,ok,/home/cilab/ndquan/videoInpainting/SFU_STC_flow/teacher_flows_512x512/train/Class_D/BasketballPass/000065_000066.npz,BasketballPass,0.4846009314060211,BasketballPass,0
0.4921150207519531,BasketballPass__000060-000067,BasketballPass__000060-000067,0.13837790489196777,0.38639950029587744,0.6116849184036255,0.9388275146484375,67,66,local_high_frequency_dominant,0.005924592260271311,0.0066656251437962055,0.7464855842303776,0.7464855842303776,moving,12.935629844665527,13.758947372436523,0.044740427285432816,0.0042549483478069305,0.06522996510658986,121665.09375,0.0152745908126235,0.0003984640061389655,0.01996156321882045,0.039955899119377136,0.003454829566180706,0.058777798242029326,120139.625,0.011183897033333778,0.00018913009262178093,0.013752457693873519,0.042020585387945175,0.003852663328871131,0.06206982623522585,120075.65625,0.020741501823067665,0.0008489778847433627,0.029137225069374103,0.03551192581653595,0.002739295829087496,0.05233828263410537,121665.0,distributed_or_mixed,ok,/home/cilab/ndquan/videoInpainting/SFU_STC_flow/teacher_flows_512x512/train/Class_D/BasketballPass/000066_000067.npz,BasketballPass,0.4641155004501343,BasketballPass,0
0.4785957336425781,BasketballPass__000066-000073,BasketballPass__000060-000067,0.20512261986732483,0.4015453035232228,0.5821289420127869,0.935516357421875,68,67,local_high_frequency_dominant,0.00849256943911314,0.00972313154488802,0.7213480255090221,0.7213480255090221,moving,13.009735107421875,14.039219856262207,0.04387772083282471,0.0039591253735125065,0.0629215811428202,115552.296875,0.01662876270711422,0.0004772137035615742,0.021845221526951248,0.03860127180814743,0.003197999205440283,0.056550855037216574,115279.296875,0.013831614516675472,0.00030308542773127556,0.01740934886006009,0.0406777523458004,0.00351719674654305,0.05930595877770673,115282.296875,0.02098201960325241,0.000818145286757499,0.028603239095555226,0.034642331302165985,0.002583463443443179,0.05082778220071361,115278.5390625,distributed_or_mixed,ok,/home/cilab/ndquan/videoInpainting/SFU_STC_flow/teacher_flows_512x512/train/Class_D/BasketballPass/000067_000068.npz,BasketballPass,0.44079703092575073,BasketballPass,1
0.4718170166015625,BasketballPass__000066-000073,BasketballPass__000066-000073,0.11092361062765121,0.3492916042624249,0.6219883561134338,0.9445304870605469,69,68,local_high_frequency_dominant,0.004208098631352186,0.005073170643299818,0.7805340924614023,0.7805340924614023,moving,12.588292121887207,13.199601173400879,0.04302072525024414,0.0040161157958209515,0.06337283168535987,116155.9375,0.012425295077264309,0.00027462595608085394,0.01657184226574867,0.03961620852351189,0.003473691176623106,0.058938028272271764,115879.53125,0.009299281053245068,0.0001602887496119365,0.012660519326312665,0.04111449792981148,0.003711502533406019,0.060922102174875904,115961.515625,0.01694997027516365,0.0005721161724068224,0.023918950069073318,0.03605986386537552,0.0028985165990889072,0.05383787327791568,116093.9921875,distributed_or_mixed,ok,/home/cilab/ndquan/videoInpainting/SFU_STC_flow/teacher_flows_512x512/train/Class_D/BasketballPass/000068_000069.npz,BasketballPass,0.4430997371673584,BasketballPass,0
0.4433860778808594,BasketballPass__000066-000073,BasketballPass__000066-000073,0.3038996160030365,0.40608331737738995,0.6432974338531494,0.9239921569824219,70,69,local_high_frequency_dominant,0.014680794440209866,0.016200058162212372,0.7161072104690163,0.7161072104690163,moving,12.145844459533691,12.856513023376465,0.04874043166637421,0.0052801803685724735,0.07266484960813223,109648.671875,0.021111229434609413,0.0006670927978120744,0.025828139650622816,0.041665833443403244,0.004244569223374128,0.06515035858208401,109308.4375,0.018454112112522125,0.0004929462447762489,0.02220239277141653,0.04338708147406578,0.004590502940118313,0.06775325040260662,107951.859375,0.025111336261034012,0.0010840394534170628,0.03292475441695902,0.03808555752038956,0.0035524137783795595,0.05960212897522671,109574.0703125,distributed_or_mixed,ok,/home/cilab/ndquan/videoInpainting/SFU_STC_flow/teacher_flows_512x512/train/Class_D/BasketballPass/000069_000070.npz,BasketballPass,0.41827648878097534,BasketballPass,0
0.3669586181640625,BasketballPass__000066-000073,BasketballPass__000066-000073,0.20276984572410583,0.35473524747319335,0.6562400460243225,0.9292945861816406,71,70,local_high_frequency_dominant,0.010401901789009571,0.012268438003957272,0.7629223027841926,0.7629223027841926,moving,11.214344024658203,12.005404472351074,0.05609094724059105,0.007213415578007698,0.08493182900425315,84408.8203125,0.019557660445570946,0.0005932213389314711,0.024356135550030737,0.04947583004832268,0.0061432188376784325,0.0783786886703167,84096.25,0.01523719634860754,0.0003640387440100312,0.019079799370277227,0.052086882293224335,0.0066378130577504635,0.08147277494814119,84102.40625,0.02607600949704647,0.0011239921441301703,0.03352599206779973,0.04505559429526329,0.005232964176684618,0.0723392298596316,84107.171875,distributed_or_mixed,ok,/home/cilab/ndquan/videoInpainting/SFU_STC_flow/teacher_flows_512x512/train/Class_D/BasketballPass/000070_000071.npz,BasketballPass,0.3219940960407257,BasketballPass,0
0.3427925109863281,BasketballPass__000066-000073,BasketballPass__000066-000073,0.39058271050453186,0.5031626876692099,0.5713074803352356,0.9297904968261719,72,71,local_high_frequency_dominant,0.024018751457333565,0.0258244089782238,0.6706408925787655,0.6706408925787655,moving,10.303646087646484,10.838907241821289,0.059976402670145035,0.0069896806962788105,0.08360431027332747,81150.046875,0.030348509550094604,0.001270438195206225,0.035643206859179,0.04713717848062515,0.005267375148832798,0.07257668460898994,79843.5625,0.02753891423344612,0.0009821580024436116,0.031339400160877544,0.04978221654891968,0.005778134800493717,0.07601404344260156,75833.3671875,0.03458474576473236,0.0017296436708420515,0.041588984970086146,0.042964596301317215,0.004492797888815403,0.06702833646164436,79902.6796875,distributed_or_mixed,ok,/home/cilab/ndquan/videoInpainting/SFU_STC_flow/teacher_flows_512x512/train/Class_D/BasketballPass/000071_000072.npz,BasketballPass,0.3095628619194031,BasketballPass,0
0.3241844177246094,BasketballPass__000066-000073,BasketballPass__000066-000073,0.13381388783454895,0.34155087404751233,0.6664704084396362,0.9283599853515625,73,72,local_high_frequency_dominant,0.0052781919948756695,0.0053240517154335976,0.8116955027024537,0.8116955027024537,moving,9.427732467651367,10.163800239562988,0.03749128431081772,0.003239075420424342,0.05691287569983037,77903.84375,0.009988262318074703,0.00015297178470063955,0.012368176288387853,0.034471552819013596,0.0028423413168638945,0.05331361286635801,76853.5625,0.007022845558822155,7.430339610436931e-05,0.008619941769198287,0.035420216619968414,0.002972737653180957,0.054522817729652936,73573.84375,0.013959885574877262,0.0003071869723498821,0.017526750193629228,0.03204464167356491,0.0025204096455127,0.05020368159321286,76847.5625,distributed_or_mixed,ok,/home/cilab/ndquan/videoInpainting/SFU_STC_flow/teacher_flows_512x512/train/Class_D/BasketballPass/000072_000073.npz,BasketballPass,0.29717957973480225,BasketballPass,0
0.3177375793457031,BasketballPass__000072-000079,BasketballPass__000066-000073,0.05595748871564865,0.3232824325408499,0.6756806969642639,0.9377365112304688,74,73,local_high_frequency_dominant,0.0023159123957157135,0.0025459458120167255,0.8117727586960273,0.8117727586960273,moving,8.03266716003418,8.520160675048828,0.0429551936686039,0.004318553023040295,0.0657156984520464,74667.5625,0.011134631931781769,0.00020926322031300515,0.014465933095137872,0.04028468206524849,0.0038922156672924757,0.06238762431197774,72837.1875,0.00741328950971365,8.990216156234965e-05,0.009481675039904587,0.04168688505887985,0.004170901142060757,0.06458251421291027,72853.7890625,0.01671711727976799,0.0005369313294067979,0.023171778727728215,0.03682484105229378,0.003254958661273122,0.057052245015188685,72958.46875,distributed_or_mixed,ok,/home/cilab/ndquan/videoInpainting/SFU_STC_flow/teacher_flows_512x512/train/Class_D/BasketballPass/000073_000074.npz,BasketballPass,0.2848341464996338,BasketballPass,1
0.32825469970703125,BasketballPass__000072-000079,BasketballPass__000072-000079,0.10744534432888031,0.31862491596421366,0.69902503490448,0.9216194152832031,75,74,local_high_frequency_dominant,0.004075227305293083,0.004202973563224077,0.7995597483117461,0.7995597483117461,moving,6.677675247192383,7.326139450073242,0.0369381457567215,0.0032968472223728895,0.057418178501001664,77036.921875,0.010378576815128326,0.00018377776723355055,0.013556465882874878,0.03429955244064331,0.002924320288002491,0.05407698482721176,75963.890625,0.007799441460520029,9.234184835804626e-05,0.009609466601120286,0.03547193855047226,0.0030919222626835108,0.055605056089203894,74234.3203125,0.013735459186136723,0.00036891980562359095,0.01920728522263339,0.03182131052017212,0.0025708999019116163,0.050704042264020886,75951.421875,distributed_or_mixed,ok,/home/cilab/ndquan/videoInpainting/SFU_STC_flow/teacher_flows_512x512/train/Class_D/BasketballPass/000074_000075.npz,BasketballPass,0.29387253522872925,BasketballPass,0
0.3395233154296875,BasketballPass__000072-000079,BasketballPass__000072-000079,0.20875075459480286,0.37421786949593877,0.6631647944450378,0.921600341796875,76,75,local_high_frequency_dominant,0.006262277718633413,0.006871751043945551,0.7849559181889962,0.7849559181889962,moving,5.388766288757324,5.725820064544678,0.03063194826245308,0.0021732135210186243,0.0466177382657999,77062.3828125,0.008994700387120247,0.00013892640708945692,0.01178670467473657,0.02806033007800579,0.0018510593799874187,0.04302393961490996,76636.7109375,0.0077486890368163586,9.013452654471621e-05,0.009493920504444737,0.02893846668303013,0.0019434458808973432,0.0440845310840134,76575.25,0.01143974531441927,0.00024061865406110883,0.015511887508008457,0.02628859132528305,0.0016732027288526297,0.040904800804460954,76779.359375,distributed_or_mixed,ok,/home/cilab/ndquan/videoInpainting/SFU_STC_flow/teacher_flows_512x512/train/Class_D/BasketballPass/000075_000076.npz,BasketballPass,0.29396966099739075,BasketballPass,0
0.3613243103027344,BasketballPass__000072-000079,BasketballPass__000072-000079,0.03871428593993187,0.35866709230655897,0.6562910079956055,0.9227867126464844,77,76,local_high_frequency_dominant,0.0010814154520630836,0.0012291467282921076,0.7926847139052038,0.7926847139052038,moving,4.195340156555176,4.469332695007324,0.029916882514953613,0.0020109275355935097,0.044843366684421786,81185.5234375,0.008077394217252731,0.00012230270658619702,0.011059055411118845,0.027653343975543976,0.0017880282830446959,0.04228508345793698,80961.625,0.005776636768132448,6.352820491883904e-05,0.007970458262787595,0.028385218232870102,0.0018624479416757822,0.04315608811831515,80899.15625,0.01044384017586708,0.0002082886203425005,0.014432207743186782,0.02608514204621315,0.0016169225564226508,0.0402109755716353,80966.71875,distributed_or_mixed,ok,/home/cilab/ndquan/videoInpainting/SFU_STC_flow/teacher_flows_512x512/train/Class_D/BasketballPass/000076_000077.npz,BasketballPass,0.3096981942653656,BasketballPass,0
0.37108612060546875,BasketballPass__000072-000079,BasketballPass__000072-000079,0.1714300662279129,0.31970811307745345,0.6891734004020691,0.9132270812988281,78,77,local_high_frequency_dominant,0.00537751754745841,0.005747098475694656,0.821226405911794,0.821226405911794,moving,3.2251474857330322,3.4039206504821777,0.031612690538167953,0.0023819885682314634,0.048805620252502305,86835.203125,0.007470178417861462,0.00010341852612327784,0.010169489963772906,0.029909100383520126,0.002182314870879054,0.0467152530858932,86701.5859375,0.006185791455209255,6.763509736629203e-05,0.00822405601672873,0.03065117634832859,0.002273170044645667,0.0476777730671816,86669.46875,0.010113691911101341,0.00019527552649378777,0.01397410199239249,0.028253838419914246,0.0019757249392569065,0.04444912754213413,86735.5859375,distributed_or_mixed,ok,/home/cilab/ndquan/videoInpainting/SFU_STC_flow/teacher_flows_512x512/train/Class_D/BasketballPass/000077_000078.npz,BasketballPass,0.33125001192092896,BasketballPass,0
0.36011505126953125,BasketballPass__000072-000079,BasketballPass__000072-000079,0.06271905452013016,0.3111677984993163,0.7106503248214722,0.912872314453125,79,78,local_high_frequency_dominant,0.0015582836931571364,0.002133856760337949,0.8020450121258038,0.8020450121258038,moving,2.5985190868377686,2.8222718238830566,0.03207891061902046,0.0025285726878792048,0.05028491511257829,86937.453125,0.00827210582792759,0.00014051211473997682,0.011853780609576712,0.029666783288121223,0.0023066322319209576,0.048027411255666876,86676.5078125,0.006729176267981529,8.931673801271245e-05,0.009450753303981247,0.03050178289413452,0.0023945276625454426,0.04893391117155303,86575.0078125,0.010532833635807037,0.00022921415802557021,0.01513982027718857,0.02823486365377903,0.002124510006979108,0.04609240725953796,86744.4375,distributed_or_mixed,ok,/home/cilab/ndquan/videoInpainting/SFU_STC_flow/teacher_flows_512x512/train/Class_D/BasketballPass/000078_000079.npz,BasketballPass,0.3316400647163391,BasketballPass,0
0.36214447021484375,BasketballPass__000078-000085,BasketballPass__000072-000079,0.07804050296545029,0.33924473911790143,0.6851850748062134,0.9083442687988281,80,79,local_high_frequency_dominant,0.002276104409247637,0.0024942588061094284,0.8304197748400164,0.8304197748400164,moving,2.162210702896118,2.3187801837921143,0.03005482815206051,0.0021664064843207598,0.0465446719219371,86505.859375,0.007096432615071535,8.351052383659407e-05,0.009138409261824187,0.028241848573088646,0.0020025628618896008,0.044750004043459045,86092.65625,0.005646411795169115,5.082626375951804e-05,0.007129254081565479,0.028900491073727608,0.002068744506686926,0.04548345310865179,85564.515625,0.00988268107175827,0.00018291496962774545,0.013524606080316921,0.02655656635761261,0.0018100051674991846,0.04254415550342003,86156.484375,distributed_or_mixed,ok,/home/cilab/ndquan/videoInpainting/SFU_STC_flow/teacher_flows_512x512/train/Class_D/BasketballPass/000079_000080.npz,BasketballPass,0.32999366521835327,BasketballPass,1
0.3597602844238281,BasketballPass__000078-000085,BasketballPass__000078-000085,0.09606551378965378,0.3443072081149313,0.665206789970398,0.8990402221679688,81,80,local_high_frequency_dominant,0.002785009564831853,0.002933245850726962,0.8276278518988762,0.8276278518988762,moderate,1.677082896232605,1.811053991317749,0.02848014608025551,0.0018922480521723628,0.043499977611170824,88310.0234375,0.006821141112595797,7.633136556250975e-05,0.008736782334618949,0.026804642751812935,0.0017597016412764788,0.04194879785257831,88307.328125,0.005547699984163046,4.8365036491304636e-05,0.0069544975728879676,0.027451055124402046,0.001818038639612496,0.042638464320522804,88276.640625,0.009143359959125519,0.000145795798744075,0.012074593108841184,0.025441864505410194,0.0016152567695826292,0.040190257147505654,88308.6328125,distributed_or_mixed,ok,/home/cilab/ndquan/videoInpainting/SFU_STC_flow/teacher_flows_512x512/train/Class_D/BasketballPass/000080_000081.npz,BasketballPass,0.3368760049343109,BasketballPass,0
0.365631103515625,BasketballPass__000078-000085,BasketballPass__000078-000085,0.05780904367566109,0.349450375284435,0.6485912799835205,0.8945159912109375,82,81,local_high_frequency_dominant,0.001559971016831696,0.0018244526581838727,0.7779992540347328,0.7779992540347328,moderate,1.264945149421692,1.4016376733779907,0.02960801310837269,0.0019688180182129145,0.04437136484505423,88040.3828125,0.007103894837200642,0.00014256656868383288,0.011940124316096248,0.02765888348221779,0.0017509235767647624,0.041844038724348324,87734.03125,0.005605943500995636,9.620274795452133e-05,0.009808299952311885,0.028618773445487022,0.001842031953856349,0.04291889972793279,87745.4140625,0.009515432640910149,0.00023994987714104354,0.015490315592041485,0.02585136890411377,0.001575178001075983,0.03968851220537226,87648.90625,distributed_or_mixed,ok,/home/cilab/ndquan/videoInpainting/SFU_STC_flow/teacher_flows_512x512/train/Class_D/BasketballPass/000081_000082.npz,BasketballPass,0.335847407579422,BasketballPass,0
0.353118896484375,BasketballPass__000078-000085,BasketballPass__000078-000085,0.06905298680067062,0.32730100063102857,0.6949322819709778,0.8870506286621094,83,82,local_high_frequency_dominant,0.0022429218515753746,0.0023537566885352135,0.8221615317378308,0.8221615317378308,moderate,1.1852205991744995,1.261786699295044,0.031984999775886536,0.0025124517269432545,0.05012436260884775,88605.34375,0.007283205632120371,0.00010817871225299314,0.01040089958864103,0.029963376000523567,0.0023120897822082043,0.04808419472350769,88368.640625,0.005413157865405083,5.552997754421085e-05,0.0074518439022976625,0.031134318560361862,0.002425058512017131,0.04924488310491894,88329.8125,0.010253752581775188,0.00022361108858603984,0.014953631284274727,0.028086427599191666,0.0021124412305653095,0.045961301445512935,88360.609375,distributed_or_mixed,ok,/home/cilab/ndquan/videoInpainting/SFU_STC_flow/teacher_flows_512x512/train/Class_D/BasketballPass/000082_000083.npz,BasketballPass,0.3380025625228882,BasketballPass,0
0.3598518371582031,BasketballPass__000078-000085,BasketballPass__000078-000085,0.1606559306383133,0.342202712589341,0.6669885516166687,0.8889541625976562,84,83,local_high_frequency_dominant,0.005256980657577515,0.005332328379154205,0.7846340584741018,0.7846340584741018,moderate,1.0636066198349,1.3084436655044556,0.03139418363571167,0.002233691280707717,0.04726194325996041,88669.1875,0.009369617328047752,0.0001511557202320546,0.012294540261109994,0.028882255777716637,0.0020063414704054594,0.04479220323232001,87778.5234375,0.00770649453625083,9.613488509785384e-05,0.009804839881296065,0.029831653460860252,0.0021078954450786114,0.04591182249789929,87138.34375,0.011700265109539032,0.0002572151424828917,0.016037928247840855,0.02713281288743019,0.0018069344805553555,0.04250805194966426,88669.171875,distributed_or_mixed,ok,/home/cilab/ndquan/videoInpainting/SFU_STC_flow/teacher_flows_512x512/train/Class_D/BasketballPass/000083_000084.npz,BasketballPass,0.33824610710144043,BasketballPass,0
0.37277984619140625,BasketballPass__000078-000085,BasketballPass__000078-000085,0.1252443790435791,0.3700986959628439,0.6326340436935425,0.8904991149902344,85,84,local_high_frequency_dominant,0.0035730276722460985,0.004064773675054312,0.7777927382907868,0.7777927382907868,moderate,0.8705650568008423,0.9754555821418762,0.030383918434381485,0.0019890142139047384,0.04459836559678772,89586.40625,0.008543958887457848,0.00014161597937345505,0.011900251231526797,0.027935542166233063,0.0017350960988551378,0.04165448473880259,89322.234375,0.007301338016986847,9.552428673487157e-05,0.009773652681309664,0.028830165043473244,0.001835151924751699,0.04283867323752801,87510.953125,0.01056450791656971,0.00023314300051424652,0.015269020941574693,0.02625145949423313,0.001547578489407897,0.03933927413422745,89362.1875,distributed_or_mixed,ok,/home/cilab/ndquan/videoInpainting/SFU_STC_flow/teacher_flows_512x512/train/Class_D/BasketballPass/000084_000085.npz,BasketballPass,0.3417450189590454,BasketballPass,0
0.381561279296875,BasketballPass__000084-000091,BasketballPass__000078-000085,0.23212535679340363,0.4043548214094176,0.6006579399108887,0.8950920104980469,86,85,local_high_frequency_dominant,0.005907292943447828,0.007002054713666439,0.7232526914988922,0.7232526914988922,moderate,0.8794093132019043,0.9888436198234558,0.027971608564257622,0.0016257832758128643,0.04032100291179355,93254.171875,0.010926085524260998,0.0001970277662621811,0.014036657944902024,0.024673324078321457,0.001345676719211042,0.036683466564803306,92129.65625,0.009687699377536774,0.00014767659013159573,0.01215222572747872,0.025764619931578636,0.001442624256014824,0.03798189379184277,91676.59375,0.01283745002001524,0.00029690537485294044,0.017230942366943846,0.02290816232562065,0.0011904797283932567,0.03450332923636872,93187.6171875,distributed_or_mixed,ok,/home/cilab/ndquan/videoInpainting/SFU_STC_flow/teacher_flows_512x512/train/Class_D/BasketballPass/000085_000086.npz,BasketballPass,0.3557364344596863,BasketballPass,1
0.3856658935546875,BasketballPass__000084-000091,BasketballPass__000084-000091,0.11710301041603088,0.32146407688114,0.7117748260498047,0.8902854919433594,87,86,local_high_frequency_dominant,0.0035728986840695143,0.004022219683974981,0.7799356058202503,0.7799356058202503,moderate,0.7448011636734009,0.9195654988288879,0.03223796188831329,0.0026004097890108824,0.050994213289459446,93686.875,0.010937858372926712,0.00018589776300359517,0.013634432991642709,0.029087569564580917,0.00233502802439034,0.04832212768898261,92997.671875,0.009354074485599995,0.00012773185153491795,0.011301851686114004,0.030206089839339256,0.002446587895974517,0.049462995218390454,92159.3125,0.01322364341467619,0.0003020374570041895,0.01737922486776063,0.027269991114735603,0.0021054784301668406,0.04588549258934506,93674.03125,distributed_or_mixed,ok,/home/cilab/ndquan/videoInpainting/SFU_STC_flow/teacher_flows_512x512/train/Class_D/BasketballPass/000086_000087.npz,BasketballPass,0.35738706588745117,BasketballPass,0
0.3991203308105469,BasketballPass__000084-000091,BasketballPass__000084-000091,0.19226031005382538,0.3684398204472039,0.6589468717575073,0.8676681518554688,88,87,local_high_frequency_dominant,0.0055669876746833324,0.006831224076449871,0.7624287871615363,0.7624287871615363,moderate,0.7268342971801758,0.8159011006355286,0.03305148705840111,0.0024770270101726055,0.04976973990461077,95415.25,0.01131239254027605,0.00020819142810069025,0.01442884015091616,0.02955949306488037,0.002144241938367486,0.04630596007392014,95285.84375,0.00974136870354414,0.0001435161684639752,0.011979823390349927,0.030479080975055695,0.0022512467112392187,0.04744730457295987,93339.671875,0.01355982106178999,0.0003484070475678891,0.01866566493773766,0.028013279661536217,0.0019536567851901054,0.04420018987730828,95334.75,distributed_or_mixed,ok,/home/cilab/ndquan/videoInpainting/SFU_STC_flow/teacher_flows_512x512/train/Class_D/BasketballPass/000087_000088.npz,BasketballPass,0.3639802932739258,BasketballPass,0
0.419403076171875,BasketballPass__000084-000091,BasketballPass__000084-000091,0.380411297082901,0.5032265415410749,0.5462448000907898,0.8609962463378906,89,88,local_high_frequency_dominant,0.011869939975440502,0.013167676515877247,0.6910765026132952,0.6910765026132952,moderate,0.7623670101165771,0.8474518656730652,0.03126651421189308,0.001887997379526496,0.043451091810522965,96620.828125,0.014463321305811405,0.0003021117008756846,0.017381360731418143,0.02617453783750534,0.001511882059276104,0.038882927606805846,96514.7734375,0.013840129598975182,0.0002659363381098956,0.016307554633049542,0.027005204930901527,0.0015836433740332723,0.03979501694977994,94581.15625,0.01565546914935112,0.0003742565750144422,0.019345712057570852,0.024620534852147102,0.0013851524563506246,0.0372176363616851,96527.34375,distributed_or_mixed,ok,/home/cilab/ndquan/videoInpainting/SFU_STC_flow/teacher_flows_512x512/train/Class_D/BasketballPass/000088_000089.npz,BasketballPass,0.3685792088508606,BasketballPass,0
0.4605751037597656,BasketballPass__000084-000091,BasketballPass__000084-000091,0.16172990202903748,0.3336393012691425,0.6753738522529602,0.8658218383789062,90,89,local_high_frequency_dominant,0.0049157836474478245,0.005434849299490452,0.797232259551589,0.797232259551589,moderate,0.7494038939476013,0.854383111000061,0.03129647299647331,0.0023386410903185606,0.04835949844982432,106833.828125,0.00830089207738638,0.00013697943359147757,0.011703821324314446,0.02893655002117157,0.0021175192669034004,0.0460165108075721,106829.0234375,0.0068353614769876,8.185955084627494e-05,0.009047626807416127,0.029757529497146606,0.002201843773946166,0.04692380817821765,104923.546875,0.010664880275726318,0.00023433793103322387,0.015308100177135759,0.02722317725419998,0.001940251560881734,0.044048286696326044,106829.1953125,distributed_or_mixed,ok,/home/cilab/ndquan/videoInpainting/SFU_STC_flow/teacher_flows_512x512/train/Class_D/BasketballPass/000089_000090.npz,BasketballPass,0.4075387120246887,BasketballPass,0
0.4763450622558594,BasketballPass__000084-000091,BasketballPass__000084-000091,0.3308059275150299,0.41300585904902454,0.6365366578102112,0.8866729736328125,91,90,local_high_frequency_dominant,0.011272641830146313,0.012283208779990673,0.7260022581720952,0.7260022581720952,moderate,0.6395595073699951,0.7375794649124146,0.033933982253074646,0.00255190534517169,0.05051638689743844,113911.296875,0.013861356303095818,0.00029567067394964397,0.017195077026569087,0.02909829281270504,0.0020758225582540035,0.04556119575092387,113715.296875,0.012147345580160618,0.00020066398428753018,0.014165591561510243,0.030285850167274475,0.002244716975837946,0.04737844421082172,112681.0,0.01615990698337555,0.0004881017666775733,0.022093025294820386,0.02699272334575653,0.0017849961295723915,0.04224921454385148,113864.2421875,distributed_or_mixed,ok,/home/cilab/ndquan/videoInpainting/SFU_STC_flow/teacher_flows_512x512/train/Class_D/BasketballPass/000090_000091.npz,BasketballPass,0.4345371127128601,BasketballPass,0
0.5424003601074219,BasketballPass__000090-000097,BasketballPass__000084-000091,0.34652620553970337,0.40208881647658434,0.6548450589179993,0.8747177124023438,92,91,local_high_frequency_dominant,0.013428333215415478,0.015617052093148232,0.7384483372159573,0.7384483372159573,moderate,0.6559344530105591,0.802776038646698,0.04104195907711983,0.0038546444848179817,0.06208578327457891,119744.0859375,0.01703149825334549,0.00041459131170995533,0.020361515457105725,0.035329412668943405,0.0033048021141439676,0.05748740830950694,118723.640625,0.015736469998955727,0.00034610266447998583,0.01860383467137853,0.03648483008146286,0.0034557287581264973,0.058785446822546966,118828.75,0.019544420763850212,0.0005973994848318398,0.02444175699150615,0.03316124901175499,0.002941548591479659,0.0542360451312562,119525.34375,distributed_or_mixed,ok,/home/cilab/ndquan/videoInpainting/SFU_STC_flow/teacher_flows_512x512/train/Class_D/BasketballPass/000091_000092.npz,BasketballPass,0.45678743720054626,BasketballPass,1
0.5256729125976562,BasketballPass__000090-000097,BasketballPass__000090-000097,0.20220966637134552,0.315515323539565,0.7122635841369629,0.8874664306640625,93,92,local_high_frequency_dominant,0.005909394938498735,0.007373721804469824,0.8145769916206177,0.8145769916206177,moderate,0.708268940448761,0.7924448847770691,0.03357132524251938,0.0029274539556354284,0.05410595120349913,130290.953125,0.009134579449892044,0.00014015102351550013,0.01183853975435738,0.03129822760820389,0.002704788465052843,0.05200758084215072,129849.2109375,0.007687944918870926,9.367921302327886e-05,0.009678802251481268,0.03207353502511978,0.002800434362143278,0.05291913039859289,129864.46875,0.011500933207571507,0.00024945096811279655,0.015794016845400556,0.02976234070956707,0.00247133313678205,0.049712504833110654,129825.8828125,distributed_or_mixed,ok,/home/cilab/ndquan/videoInpainting/SFU_STC_flow/teacher_flows_512x512/train/Class_D/BasketballPass/000092_000093.npz,BasketballPass,0.49702054262161255,BasketballPass,0
0.5401687622070312,BasketballPass__000090-000097,BasketballPass__000090-000097,0.4374887943267822,0.4601643221710444,0.622410774230957,0.8781585693359375,94,93,local_high_frequency_dominant,0.013139485381543636,0.01596817746758461,0.6871246765936588,0.6871246765936588,moderate,0.7818368077278137,0.8819364309310913,0.03268884867429733,0.002364956773817539,0.04863082123322142,128657.8828125,0.01543846819549799,0.00038989714812487364,0.019745813432848838,0.026844821870326996,0.0018805224681273103,0.04336499127322996,128506.171875,0.014561191201210022,0.0003338667447678745,0.018272020817848105,0.027818899601697922,0.001971123507246375,0.04439733671343783,128036.359375,0.016911331564188004,0.0004890522104687989,0.022114524875493004,0.02535850554704666,0.0017176269320771098,0.041444262957339585,128553.484375,distributed_or_mixed,ok,/home/cilab/ndquan/videoInpainting/SFU_STC_flow/teacher_flows_512x512/train/Class_D/BasketballPass/000093_000094.npz,BasketballPass,0.49079087376594543,BasketballPass,0
0.5379638671875,BasketballPass__000090-000097,BasketballPass__000090-000097,0.15141251683235168,0.3485228967864291,0.6700596213340759,0.9205551147460938,95,94,local_high_frequency_dominant,0.004267025738954544,0.004988229833543301,0.8057895653156186,0.8057895653156186,moderate,0.7692305445671082,0.8501971364021301,0.031030992045998573,0.002221183618530631,0.047129434735954885,133476.515625,0.008456636220216751,0.00011745498341042548,0.010837665034979882,0.02839304693043232,0.002021946245804429,0.04496605659610846,133271.359375,0.006357333157211542,6.735622446285561e-05,0.0082070837977235,0.029210658743977547,0.0021051547955721617,0.04588196590788326,133062.921875,0.01094670407474041,0.00021312490571290255,0.01459879809138076,0.026884203776717186,0.0018522534519433975,0.04303781420963892,133469.46875,distributed_or_mixed,ok,/home/cilab/ndquan/videoInpainting/SFU_STC_flow/teacher_flows_512x512/train/Class_D/BasketballPass/000094_000095.npz,BasketballPass,0.5091724991798401,BasketballPass,0
0.5515289306640625,BasketballPass__000090-000097,BasketballPass__000090-000097,0.2565334439277649,0.3138397608067704,0.7164074182510376,0.9186363220214844,96,95,local_high_frequency_dominant,0.00697313854470849,0.008033128455281258,0.7846542800326098,0.7846542800326098,moderate,0.9199304580688477,1.013197422027588,0.029340146109461784,0.0022015515714883804,0.04692069449068695,138109.21875,0.010229532606899738,0.0001498061465099454,0.012239532119731758,0.026799708604812622,0.00198890408501029,0.044597130905589547,138106.671875,0.009088687598705292,0.0001116986750275828,0.010568759389236885,0.027516040951013565,0.0020572037901729345,0.04535640847965075,137911.734375,0.01208780612796545,0.00022835630807094276,0.015111462803810316,0.025360820814967155,0.0018266633851453662,0.042739482743072196,138109.21875,distributed_or_mixed,ok,/home/cilab/ndquan/videoInpainting/SFU_STC_flow/teacher_flows_512x512/train/Class_D/BasketballPass/000095_000096.npz,BasketballPass,0.52684485912323,BasketballPass,0
0.5519981384277344,BasketballPass__000090-000097,BasketballPass__000090-000097,0.12291768938302994,0.37494281833472914,0.6465617418289185,0.9413948059082031,97,96,local_high_frequency_dominant,0.0024911011569201946,0.0025944968219846487,0.8089808973648133,0.8089808973648133,moderate,1.1272870302200317,1.23656165599823,0.01970551535487175,0.00086816685507074,0.029464671304305093,142016.578125,0.005123934708535671,4.444055593921803e-05,0.006666375022395457,0.018337780609726906,0.0007970809238031507,0.028232621624694202,142016.46875,0.0041651651263237,2.9264710974530317e-05,0.0054096867723122674,0.01881220191717148,0.0008235132554545999,0.028696920661537884,141961.84375,0.0064454879611730576,7.47113735997118e-05,0.008643574121838245,0.017498845234513283,0.0007348988438025117,0.027109017757980677,142016.5625,distributed_or_mixed,ok,/home/cilab/ndquan/videoInpainting/SFU_STC_flow/teacher_flows_512x512/train/Class_D/BasketballPass/000096_000097.npz,BasketballPass,0.5417502522468567,BasketballPass,0
0.5656929016113281,BasketballPass__000096-000103,BasketballPass__000090-000097,0.17057354748249054,0.3037352646797153,0.7353817224502563,0.9523963928222656,98,97,local_high_frequency_dominant,0.003907749895006418,0.004241684917360544,0.8042793362274048,0.8042793362274048,moderate,1.2556942701339722,1.3912185430526733,0.02317417785525322,0.0014718844322487712,0.03836514606056871,143666.078125,0.00646065641194582,7.967827696120366e-05,0.008926268927228424,0.021527862176299095,0.0013454897562041879,0.03668091814832595,143009.625,0.00548185920342803,5.3774121624883264e-05,0.00733308404594433,0.022120999172329903,0.0013966395054012537,0.03737164038948857,143004.4375,0.008011196739971638,0.00013489021512214094,0.011614224688809018,0.020522527396678925,0.0012272708117961884,0.035032425148656045,143008.625,distributed_or_mixed,ok,/home/cilab/ndquan/videoInpainting/SFU_STC_flow/teacher_flows_512x512/train/Class_D/BasketballPass/000097_000098.npz,BasketballPass,0.5480425953865051,BasketballPass,1
0.5715103149414062,BasketballPass__000096-000103,BasketballPass__000096-000103,0.1093946248292923,0.3542389467129259,0.6712270379066467,0.9457969665527344,99,98,local_high_frequency_dominant,0.0025914963334798813,0.0028513858560472727,0.8119719053616392,0.8119719053616392,moderate,1.590908169746399,1.7334538698196411,0.024453606456518173,0.0013791362289339304,0.037136723454472,146113.15625,0.006312576588243246,6.544955977005884e-05,0.008090090220143335,0.022562671452760696,0.0012205153470858932,0.034935874786326634,144294.875,0.004853414837270975,3.705259587150067e-05,0.006087084348972065,0.023236079141497612,0.0012783107813447714,0.035753472297733145,144257.515625,0.008595284074544907,0.00013525201939046383,0.011629790169666167,0.021570909768342972,0.0011271318653598428,0.03357278459347456,146113.15625,distributed_or_mixed,ok,/home/cilab/ndquan/videoInpainting/SFU_STC_flow/teacher_flows_512x512/train/Class_D/BasketballPass/000098_000099.npz,BasketballPass,0.5573774576187134,BasketballPass,0
0.5829505920410156,BasketballPass__000096-000103,BasketballPass__000096-000103,0.11169341951608658,0.34052047142175895,0.6535643935203552,0.9252052307128906,100,99,local_high_frequency_dominant,0.002666601911187172,0.003082144306972623,0.8136084198884787,0.8136084198884787,moderate,1.8438692092895508,1.9817640781402588,0.025837212800979614,0.001518631586804986,0.03896962389868532,146790.765625,0.005728389602154493,7.279087003553286e-05,0.008531756562134955,0.024350449442863464,0.001386932097375393,0.037241537258488576,146790.765625,0.004344521556049585,3.61484671884682e-05,0.00601235953586179,0.02452540397644043,0.0013757742708548903,0.03709143123222519,144088.671875,0.007760839071124792,0.00013883587962482125,0.011782863812538158,0.023152468726038933,0.0012763547711074352,0.035726107696017424,146790.734375,distributed_or_mixed,ok,/home/cilab/ndquan/videoInpainting/SFU_STC_flow/teacher_flows_512x512/train/Class_D/BasketballPass/000099_000100.npz,BasketballPass,0.5599623322486877,BasketballPass,0
0.5708770751953125,BasketballPass__000096-000103,BasketballPass__000096-000103,0.08958513289690018,0.3731883566751176,0.62548828125,0.9397964477539062,101,100,local_high_frequency_dominant,0.001754322904162109,0.0024475110694766045,0.7735514527712101,0.7735514527712101,moving,2.021596908569336,2.1378867626190186,0.02569666877388954,0.0014097171369940042,0.03754620003401149,147403.1875,0.007007377687841654,0.00010703093721531332,0.01034557573145706,0.023569749668240547,0.0012489603832364082,0.0353406335998155,147403.1875,0.0055048177018761635,5.794929529656656e-05,0.007612443451124387,0.02359437569975853,0.0012364109279587865,0.03516263539552726,144058.984375,0.008776605129241943,0.00016423633496742696,0.01281547248319105,0.022451525554060936,0.0011478678788989782,0.0338801989205934,147403.1875,distributed_or_mixed,ok,/home/cilab/ndquan/videoInpainting/SFU_STC_flow/teacher_flows_512x512/train/Class_D/BasketballPass/000100_000101.npz,BasketballPass,0.5622985363006592,BasketballPass,0
0.5682220458984375,BasketballPass__000096-000103,BasketballPass__000096-000103,0.07695694267749786,0.31292143694994545,0.7114474177360535,0.9448814392089844,102,101,local_high_frequency_dominant,0.0018231762805953622,0.0022525028325617313,0.7707074597297767,0.7707074597297767,moving,2.1693127155303955,2.2988038063049316,0.027600903064012527,0.0019020232139155269,0.04361219111573651,145608.53125,0.008710243739187717,0.00014706638467032462,0.012127093001635825,0.025494808331131935,0.001661547226831317,0.04076208074707812,145608.53125,0.007006885949522257,7.859994366299361e-05,0.008865660926461919,0.02585366740822792,0.001719377120025456,0.041465372541742054,142163.40625,0.010651898570358753,0.00025682966224849224,0.016025905972783326,0.024274779483675957,0.0015133641427382827,0.0389019812186768,145608.53125,distributed_or_mixed,ok,/home/cilab/ndquan/videoInpainting/SFU_STC_flow/teacher_flows_512x512/train/Class_D/BasketballPass/000101_000102.npz,BasketballPass,0.5554524660110474,BasketballPass,0
0.5771713256835938,BasketballPass__000096-000103,BasketballPass__000096-000103,0.11461550742387772,0.3407415960821339,0.6590566039085388,0.9375991821289062,103,102,local_high_frequency_dominant,0.0031177375931292772,0.003342791460454464,0.8431166306626496,0.8431166306626496,moving,2.317652702331543,2.4736878871917725,0.0274132639169693,0.0017171206418424845,0.04143815442128769,147171.21875,0.005564209073781967,5.594512913376093e-05,0.007479647661070736,0.02625129371881485,0.0016157857608050108,0.04019683769657771,147171.21875,0.0043034846894443035,3.268524960731156e-05,0.005717101504023832,0.026811508461833,0.0016639644745737314,0.04079172066208695,147171.21875,0.007658968213945627,0.00010965913679683581,0.010471825857835673,0.025058075785636902,0.0014981551794335246,0.038706009603594174,147171.21875,distributed_or_mixed,ok,/home/cilab/ndquan/videoInpainting/SFU_STC_flow/teacher_flows_512x512/train/Class_D/BasketballPass/000102_000103.npz,BasketballPass,0.5614136457443237,BasketballPass,0
0.5766181945800781,BasketballPass__000102-000109,BasketballPass__000096-000103,0.06557264924049377,0.2927728064055059,0.7039095759391785,0.9363021850585938,104,103,local_high_frequency_dominant,0.0014671055832877755,0.0022008821833878756,0.84081769781409,0.84081769781409,moving,2.372861623764038,2.520146608352661,0.031692273914813995,0.0025173164904117584,0.05017286607731074,147471.21875,0.006624502595514059,8.421294478466734e-05,0.009176761127144334,0.0302939061075449,0.0023495948407799006,0.04847261949575142,147471.21875,0.005064166150987148,4.4841901399195194e-05,0.006696409590160626,0.030947860330343246,0.002434290712699294,0.04933853172419396,147471.21875,0.00904808472841978,0.00018314606859348714,0.013533147032138797,0.028806865215301514,0.002129742642864585,0.04614913480082357,147471.21875,distributed_or_mixed,ok,/home/cilab/ndquan/videoInpainting/SFU_STC_flow/teacher_flows_512x512/train/Class_D/BasketballPass/000103_000104.npz,BasketballPass,0.5625580549240112,BasketballPass,1
0.56005859375,BasketballPass__000102-000109,BasketballPass__000102-000109,0.033747754991054535,0.3141475027508841,0.7020313739776611,0.9323310852050781,105,104,local_high_frequency_dominant,0.0009693760075606406,0.0010338228894397616,0.8320678501426501,0.8320678501426501,moving,2.4051449298858643,2.554154396057129,0.0288891289383173,0.002071497729048133,0.045513709242909796,144448.8125,0.006463637109845877,7.882849604357034e-05,0.008878541324089804,0.02726779133081436,0.0019352319650352001,0.043991271464180255,144448.8125,0.004650232382118702,3.94597154809162e-05,0.006281696863182447,0.027571508660912514,0.0019650200847536325,0.044328547063417635,141567.875,0.008764787577092648,0.00014728729729540646,0.012136197810492645,0.025958720594644547,0.00176855712197721,0.042054216458961756,144448.8125,distributed_or_mixed,ok,/home/cilab/ndquan/videoInpainting/SFU_STC_flow/teacher_flows_512x512/train/Class_D/BasketballPass/000104_000105.npz,BasketballPass,0.5510284900665283,BasketballPass,0
0.5707817077636719,BasketballPass__000102-000109,BasketballPass__000102-000109,0.10249583423137665,0.3452358696329532,0.6408244371414185,0.9433441162109375,106,105,local_high_frequency_dominant,0.0024666900280863047,0.003188896458595991,0.8041998644574871,0.8041998644574871,moving,2.354362726211548,2.475356340408325,0.029261766001582146,0.001897439593449235,0.043559609656759264,144112.078125,0.0076002152636647224,0.00010214392386842519,0.010106627719888826,0.027559438720345497,0.0017231161473318934,0.041510434198306016,144023.4375,0.006382519844919443,6.290445890044793e-05,0.007931233126093819,0.027981163933873177,0.001771315815858543,0.04208700293271716,141552.921875,0.00951042864471674,0.00018113540136255324,0.013458655258329238,0.026200514286756516,0.0015791823389008641,0.03973892724899433,144112.0625,distributed_or_mixed,ok,/home/cilab/ndquan/videoInpainting/SFU_STC_flow/teacher_flows_512x512/train/Class_D/BasketballPass/000105_000106.npz,BasketballPass,0.5497439503669739,BasketballPass,0
0.5649604797363281,BasketballPass__000102-000109,BasketballPass__000102-000109,0.047546371817588806,0.34066131959162754,0.6470348238945007,0.9424285888671875,107,106,local_high_frequency_dominant,0.0010080855572596192,0.0014437978388741612,0.8172667820155062,0.8172667820155062,moving,2.1128838062286377,2.2981739044189453,0.028696639463305473,0.0018366676522418857,0.042856360697589406,144193.09375,0.006864088587462902,8.359055937035009e-05,0.009142787286727724,0.027023589238524437,0.0016720525454729795,0.040890739116247084,143199.4375,0.004933222662657499,3.9326092519331723e-05,0.006271051946789448,0.027767363935709,0.0017479672096669674,0.04180869777530708,143215.453125,0.009293340146541595,0.00016234569193329662,0.012741494886130772,0.025590498000383377,0.001530593610368669,0.03912280166819177,143196.390625,distributed_or_mixed,ok,/home/cilab/ndquan/videoInpainting/SFU_STC_flow/teacher_flows_512x512/train/Class_D/BasketballPass/000106_000107.npz,BasketballPass,0.5500530004501343,BasketballPass,0
0.5608634948730469,BasketballPass__000102-000109,BasketballPass__000102-000109,0.2300092875957489,0.4141455009661465,0.5749630331993103,0.9367103576660156,108,107,local_high_frequency_dominant,0.005942218471318483,0.007879766635596752,0.7424509060416297,0.7424509060416297,moving,2.0716142654418945,2.2503161430358887,0.03192044049501419,0.002049437491223216,0.04527071339423774,143233.140625,0.010844934731721878,0.00020772215793840587,0.014412569442622154,0.02849465049803257,0.0017262283945456147,0.04154790481535278,142994.578125,0.009052732028067112,0.00014775987074244767,0.012155651802451716,0.02957240305840969,0.0018228606786578894,0.04269497252204162,143014.28125,0.013164889067411423,0.00031036839936859906,0.017617275594387433,0.02679644152522087,0.001557010691612959,0.03945897479171195,142986.609375,distributed_or_mixed,ok,/home/cilab/ndquan/videoInpainting/SFU_STC_flow/teacher_flows_512x512/train/Class_D/BasketballPass/000107_000108.npz,BasketballPass,0.5463910698890686,BasketballPass,0
0.5892562866210938,BasketballPass__000102-000109,BasketballPass__000102-000109,0.11388231813907623,0.3483706115019777,0.6572219133377075,0.9410476684570312,109,108,local_high_frequency_dominant,0.003305214224383235,0.003583705984055996,0.7673542338520642,0.7673542338520642,moderate,1.97710120677948,2.0901951789855957,0.02957177720963955,0.001983613008633256,0.044537770584451755,142729.8125,0.009203245863318443,0.0001456633908674121,0.012069108950846872,0.026371121406555176,0.0015847176546230912,0.03980851233873342,141074.53125,0.007138801738619804,7.803618063917384e-05,0.008833808954192626,0.027371156960725784,0.0017196597764268517,0.04146878074439676,141125.5,0.012006326578557491,0.00029991575866006315,0.017318076066932583,0.02495630457997322,0.0014527227031067014,0.03811459960575083,142508.375,distributed_or_mixed,ok,/home/cilab/ndquan/videoInpainting/SFU_STC_flow/teacher_flows_512x512/train/Class_D/BasketballPass/000108_000109.npz,BasketballPass,0.544471025466919,BasketballPass,0
0.6009979248046875,BasketballPass__000108-000115,BasketballPass__000102-000109,0.27970826625823975,0.29923370126260623,0.7307155728340149,0.9245529174804688,110,109,local_high_frequency_dominant,0.007264795247465372,0.009264109656214714,0.6785283419833938,0.6785283419833938,moderate,1.7710847854614258,1.8737331628799438,0.03059949167072773,0.0025149318389594555,0.05014909609314464,151107.796875,0.010943292640149593,0.00042089782073162496,0.020515794421167924,0.02656090073287487,0.0018751122988760471,0.04330256688553286,150783.5,0.009264964610338211,0.00028630459564737976,0.016920537687892184,0.02784872055053711,0.002054875250905752,0.04533073185936614,150592.078125,0.013122950680553913,0.0006118948222137988,0.024736507882354753,0.02490786649286747,0.0016877934103831649,0.04108276293511873,151056.75,distributed_or_mixed,ok,/home/cilab/ndquan/videoInpainting/SFU_STC_flow/teacher_flows_512x512/train/Class_D/BasketballPass/000109_000110.npz,BasketballPass,0.5764304995536804,BasketballPass,1
0.5932464599609375,BasketballPass__000108-000115,BasketballPass__000108-000115,0.14683343470096588,0.27303449092032767,0.7446767091751099,0.9200172424316406,111,110,local_high_frequency_dominant,0.003695530816912651,0.0044295527040958405,0.7754947053879211,0.7754947053879211,moderate,1.448054313659668,1.5649261474609375,0.028075579553842545,0.0022028491366654634,0.046934519670126205,152017.09375,0.007420604582875967,0.00015201228961814195,0.012329326405693944,0.0256702471524477,0.0018137741135433316,0.04258842699071347,151685.34375,0.005883281119167805,7.207490125438198e-05,0.008489693825714918,0.026728307828307152,0.0019993905443698168,0.04471454510972707,151509.296875,0.010029217228293419,0.00034532169229350984,0.018582833268732456,0.02391335926949978,0.0015884331660345197,0.03985515231478259,151959.734375,distributed_or_mixed,ok,/home/cilab/ndquan/videoInpainting/SFU_STC_flow/teacher_flows_512x512/train/Class_D/BasketballPass/000110_000111.npz,BasketballPass,0.5798991918563843,BasketballPass,0
0.5725440979003906,BasketballPass__000108-000115,BasketballPass__000108-000115,0.07197516411542892,0.2621418082368949,0.7535344362258911,0.9285812377929688,112,111,local_high_frequency_dominant,0.001948614022694528,0.0020776144228875637,0.7883903079027283,0.7883903079027283,moderate,1.301482915878296,1.4478505849838257,0.026832763105630875,0.0020653659012168646,0.045446296892231654,148528.703125,0.007139496970921755,0.00012943071487825364,0.01137676205597417,0.02507716789841652,0.001796589232981205,0.04238619153664557,148458.3125,0.005116965156048536,5.7382181694265455e-05,0.007575102751399842,0.025971725583076477,0.0019296080572530627,0.043927304233848254,148495.546875,0.009616324678063393,0.00026152387727051973,0.016171699888092153,0.02333047054708004,0.0015529938973486423,0.039408043561545175,148457.953125,distributed_or_mixed,ok,/home/cilab/ndquan/videoInpainting/SFU_STC_flow/teacher_flows_512x512/train/Class_D/BasketballPass/000111_000112.npz,BasketballPass,0.5665920376777649,BasketballPass,0
0.548004150390625,BasketballPass__000108-000115,BasketballPass__000108-000115,0.1040489673614502,0.2651444744846232,0.7514777183532715,0.9396476745605469,113,112,local_high_frequency_dominant,0.002518699737265706,0.0030379011295735836,0.6573817229076058,0.6573817229076058,moderate,1.2022910118103027,1.3204814195632935,0.026733024045825005,0.0020841131918132305,0.04565208858106309,141966.3125,0.009278797544538975,0.0004153567715547979,0.02038030351969268,0.023405347019433975,0.0015290986048057675,0.03910369042438025,141939.671875,0.007147215772420168,0.00023619756393600255,0.01536872030899133,0.02456751838326454,0.0016771272057667375,0.040952743568248726,141949.296875,0.01152904611080885,0.0005478537059389055,0.023406274926585507,0.02171534299850464,0.0013505339156836271,0.03674961109567865,141925.4375,distributed_or_mixed,ok,/home/cilab/ndquan/videoInpainting/SFU_STC_flow/teacher_flows_512x512/train/Class_D/BasketballPass/000112_000113.npz,BasketballPass,0.5415585041046143,BasketballPass,0
0.5330886840820312,BasketballPass__000108-000115,BasketballPass__000108-000115,0.13892827928066254,0.27567520574939147,0.7474605441093445,0.8940544128417969,114,113,local_high_frequency_dominant,0.002883360954001546,0.003523695282638073,0.7748238841176925,0.7748238841176925,moderate,1.0145912170410156,1.1088281869888306,0.023562755435705185,0.001579830888658762,0.03974708654302554,138008.015625,0.006681778468191624,0.00011557926336536184,0.010750779663138942,0.02175276353955269,0.001368488883599639,0.03699309237681596,137787.828125,0.0048292544670403,5.127135227667168e-05,0.007160401684030839,0.02236129902303219,0.0014387454139068723,0.03793079769668537,136969.671875,0.008758682757616043,0.0001990750024560839,0.014109394120800648,0.020396655425429344,0.001221735728904605,0.03495333644882281,137797.78125,distributed_or_mixed,ok,/home/cilab/ndquan/videoInpainting/SFU_STC_flow/teacher_flows_512x512/train/Class_D/BasketballPass/000113_000114.npz,BasketballPass,0.5264587998390198,BasketballPass,0
0.5237083435058594,BasketballPass__000108-000115,BasketballPass__000108-000115,0.1295202672481537,0.31068105804971435,0.7180637717247009,0.8776473999023438,115,114,local_high_frequency_dominant,0.002877325750887394,0.003032868495211005,0.7775413379400714,0.7775413379400714,moderate,0.9171899557113647,0.958355188369751,0.021770067512989044,0.0012442670995369554,0.03527417043017391,134235.34375,0.006068899296224117,8.800763316685334e-05,0.009381238359984962,0.020170781761407852,0.0010751490481197834,0.03278946550524701,133960.78125,0.00429331511259079,3.3061929570976645e-05,0.00574995039726228,0.019862381741404533,0.0009875554824247956,0.03142539550148567,131728.25,0.007807350251823664,0.00015295497723855078,0.012367496805681851,0.019060533493757248,0.0009701121598482132,0.0311466235705929,134071.515625,distributed_or_mixed,ok,/home/cilab/ndquan/videoInpainting/SFU_STC_flow/teacher_flows_512x512/train/Class_D/BasketballPass/000114_000115.npz,BasketballPass,0.5120671987533569,BasketballPass,0
0.521942138671875,BasketballPass__000114-000121,BasketballPass__000108-000115,0.5358304381370544,0.5979983193150074,0.5607611536979675,0.8861351013183594,116,115,mixed_frequency,0.024458738043904305,0.030058283358812332,0.5736531065691554,0.5736531065691554,moderate,0.7727084755897522,0.828803300857544,0.04942363128066063,0.004864633083343506,0.06974692167646904,132003.09375,0.031446292996406555,0.0014058543602004647,0.03749472443158457,0.031569089740514755,0.0025451467372477055,0.050449447343332766,130860.234375,0.030217094346880913,0.0012774626957252622,0.035741610144553675,0.03209884837269783,0.002413273323327303,0.049125078354413876,129970.6015625,0.03377782180905342,0.0019318416016176343,0.04395272007074914,0.030342981219291687,0.0025362211745232344,0.050360909190792356,131806.25,distributed_or_mixed,ok,/home/cilab/ndquan/videoInpainting/SFU_STC_flow/teacher_flows_512x512/train/Class_D/BasketballPass/000115_000116.npz,BasketballPass,0.5035518407821655,BasketballPass,1
0.5186233520507812,BasketballPass__000114-000121,BasketballPass__000114-000121,0.5811408758163452,0.6207550605444447,0.5550156831741333,0.8952102661132812,117,116,mixed_frequency,0.026458924636244774,0.031066713854670525,0.5548069531654297,0.5548069531654297,moderate,0.833653450012207,0.8707927465438843,0.04690307006239891,0.004402592312544584,0.06635203322087865,131764.0,0.0312914103269577,0.001335732638835907,0.036547676243995415,0.028798839077353477,0.0020744672510772943,0.045546319841204455,129691.171875,0.030449194833636284,0.00121238362044096,0.03481929953978052,0.029882263392210007,0.0022820429876446724,0.04777073358914088,129294.53125,0.033427853137254715,0.0018050868529826403,0.04248631371374363,0.02805173397064209,0.002068489557132125,0.045480650359599355,131550.46875,distributed_or_mixed,ok,/home/cilab/ndquan/videoInpainting/SFU_STC_flow/teacher_flows_512x512/train/Class_D/BasketballPass/000116_000117.npz,BasketballPass,0.5026397705078125,BasketballPass,0
0.5115165710449219,BasketballPass__000114-000121,BasketballPass__000114-000121,0.11015814542770386,0.3203260346946096,0.6986420154571533,0.900146484375,118,117,local_high_frequency_dominant,0.0023576831445097923,0.0024419440887868404,0.7490569292103483,0.7490569292103483,moderate,0.5347023010253906,0.7402330040931702,0.020577237010002136,0.0010604002745822072,0.03256378778002042,131071.03125,0.007237137760967016,8.838393841870129e-05,0.009401273233913654,0.01795065402984619,0.0007875036681070924,0.02806249575691892,130009.5,0.006126838736236095,5.4499669204233214e-05,0.0073823891257663475,0.01824953407049179,0.0007859399192966521,0.028034620013416483,129377.671875,0.008882774971425533,0.00017806663527153432,0.01334416109283511,0.017287952825427055,0.0007859484758228064,0.028034772619424015,131058.0,distributed_or_mixed,ok,/home/cilab/ndquan/videoInpainting/SFU_STC_flow/teacher_flows_512x512/train/Class_D/BasketballPass/000117_000118.npz,BasketballPass,0.4999963045120239,BasketballPass,0
0.5052757263183594,BasketballPass__000114-000121,BasketballPass__000114-000121,0.034305937588214874,0.3155054313983256,0.6955597400665283,0.8816680908203125,119,118,local_high_frequency_dominant,0.0006618790212087333,0.0007399317692033947,0.8193629978855951,0.8193629978855951,static,0.4518234133720398,0.5784773826599121,0.02028704062104225,0.0010116443736478686,0.0318063574407361,130026.6015625,0.004405439365655184,3.6480265407590196e-05,0.006039889519485451,0.018213840201497078,0.0007505804533138871,0.02739672340470457,128522.609375,0.0030029548797756433,1.510928359493846e-05,0.003887066193794294,0.018902745097875595,0.0008049053722061217,0.028370854273463843,128645.609375,0.0071319458074867725,0.00015882635489106178,0.012602632855521174,0.017505116760730743,0.000734616769477725,0.02710381466653218,129860.6015625,distributed_or_mixed,ok,/home/cilab/ndquan/videoInpainting/SFU_STC_flow/teacher_flows_512x512/train/Class_D/BasketballPass/000118_000119.npz,BasketballPass,0.4960121214389801,BasketballPass,0
0.5043754577636719,BasketballPass__000114-000121,BasketballPass__000114-000121,0.2580873370170593,0.37837627582773214,0.6601197123527527,0.8940200805664062,120,119,local_high_frequency_dominant,0.005828515160828829,0.006208162754774094,0.7555397042788241,0.7555397042788241,static,0.39830636978149414,0.4963388741016388,0.022146791219711304,0.0011470926692709327,0.03386875653564702,128483.921875,0.0072204601019620895,8.593419624958187e-05,0.009270069916110766,0.019096018746495247,0.0008208502549678087,0.028650484375797362,126973.2578125,0.006330660078674555,6.091207615099847e-05,0.007804618898511219,0.02006346359848976,0.000894014083314687,0.02990006828277633,127082.3203125,0.00954696349799633,0.00019694454385899007,0.014033693165342831,0.018199991434812546,0.0008350101415999234,0.028896542035335704,128415.828125,distributed_or_mixed,ok,/home/cilab/ndquan/videoInpainting/SFU_STC_flow/teacher_flows_512x512/train/Class_D/BasketballPass/000119_000120.npz,BasketballPass,0.4901272654533386,BasketballPass,0
0.5064811706542969,BasketballPass__000114-000121,BasketballPass__000114-000121,0.19864530861377716,0.34864343054567626,0.667973518371582,0.9135246276855469,121,120,local_high_frequency_dominant,0.00331967999227345,0.003989284858107567,0.7580661844713412,0.7580661844713412,static,0.45726320147514343,0.5093636512756348,0.018678853288292885,0.0008259068126790226,0.02873859447988058,127859.8203125,0.005380560178309679,6.4143467170652e-05,0.008008961678685447,0.016485970467329025,0.0006297577638179064,0.025094974871832536,126065.984375,0.0043779341503977776,3.980219844379462e-05,0.0063088983542132476,0.017045287415385246,0.0006700201774947345,0.025884747970469687,126185.65625,0.00734390364959836,0.00014156196266412735,0.0118979814533444,0.01585591398179531,0.0006059716688469052,0.024616491806244555,127781.6796875,distributed_or_mixed,ok,/home/cilab/ndquan/videoInpainting/SFU_STC_flow/teacher_flows_512x512/train/Class_D/BasketballPass/000120_000121.npz,BasketballPass,0.4877465069293976,BasketballPass,0
0.5173187255859375,BasketballPass__000120-000127,BasketballPass__000114-000121,0.2136842906475067,0.33201791644142403,0.6828874945640564,0.9193191528320312,122,121,local_high_frequency_dominant,0.0036472410429269075,0.003758927807211876,0.7487140864921558,0.7487140864921558,static,0.4481523334980011,0.5649089813232422,0.016445256769657135,0.0006537174340337515,0.025567898506403522,129429.078125,0.005136408843100071,5.53430181753356e-05,0.007439288821879118,0.014343987219035625,0.0004913133452646434,0.02216558921537263,127024.5078125,0.004159446805715561,3.290233507868834e-05,0.005736055707425473,0.014989756979048252,0.0005328040570020676,0.023082548754460967,127157.9296875,0.006624962668865919,0.00010344538895878941,0.010170810634299973,0.013665152713656425,0.00046417699195444584,0.021544767159439107,128384.71875,distributed_or_mixed,ok,/home/cilab/ndquan/videoInpainting/SFU_STC_flow/teacher_flows_512x512/train/Class_D/BasketballPass/000121_000122.npz,BasketballPass,0.493732750415802,BasketballPass,1
0.5342445373535156,BasketballPass__000120-000127,BasketballPass__000120-000127,0.14596188068389893,0.35001843865947185,0.6586084961891174,0.9196395874023438,123,122,local_high_frequency_dominant,0.002382129430770874,0.0027233969885855913,0.7520781934881305,0.7520781934881305,static,0.36408933997154236,0.44466298818588257,0.017353661358356476,0.0007001272169873118,0.02645991717650136,132895.4375,0.005473458208143711,5.666529614245519e-05,0.007527635494792185,0.014975610189139843,0.0005214512348175049,0.022835306759873074,129262.9765625,0.0044494252651929855,3.683675822685473e-05,0.006069329306179944,0.015589777380228043,0.0005602396558970213,0.023669382245783716,129210.0390625,0.007317938841879368,0.0001187468515126966,0.010897102895389059,0.01462827529758215,0.0005157669656910002,0.02271050342222735,132715.8125,distributed_or_mixed,ok,/home/cilab/ndquan/videoInpainting/SFU_STC_flow/teacher_flows_512x512/train/Class_D/BasketballPass/000122_000123.npz,BasketballPass,0.5069558620452881,BasketballPass,0
0.5436897277832031,BasketballPass__000120-000127,BasketballPass__000120-000127,0.16544140875339508,0.3318344019263686,0.6844472885131836,0.9197578430175781,124,123,local_high_frequency_dominant,0.003448077477514744,0.003481352236121893,0.7860119763860319,0.7860119763860319,static,0.26306360960006714,0.34353089332580566,0.01957322470843792,0.0009324137354269624,0.030535450470346143,137761.296875,0.005289321765303612,5.597563358605839e-05,0.0074816865468995955,0.017749914899468422,0.0007552285678684711,0.02748142223154528,136225.765625,0.004363388288766146,3.6103781894780695e-05,0.006008642267166576,0.018422914668917656,0.0008046850562095642,0.028366971220233652,136285.0,0.007331813219934702,0.00012152145063737407,0.011023676820252582,0.016875827684998512,0.0007269171765074134,0.02696140160502442,137613.640625,distributed_or_mixed,ok,/home/cilab/ndquan/videoInpainting/SFU_STC_flow/teacher_flows_512x512/train/Class_D/BasketballPass/000123_000124.npz,BasketballPass,0.5255176424980164,BasketballPass,0
0.5595779418945312,BasketballPass__000120-000127,BasketballPass__000120-000127,0.13404707610607147,0.303681490185336,0.7160324454307556,0.9145545959472656,125,124,local_high_frequency_dominant,0.002736387774348259,0.0028396062552928925,0.793747465038605,0.793747465038605,static,0.2771203815937042,0.3499701917171478,0.019785447046160698,0.0010287482291460037,0.032074105274286356,138655.59375,0.005649261176586151,5.365491597331129e-05,0.00732495160211392,0.01755123771727085,0.0007946495315991342,0.028189528758018185,137174.25,0.004126039333641529,2.7635180231300183e-05,0.005256917369647366,0.01758095808327198,0.0007784210611134768,0.02790019822713589,133267.234375,0.007664110977202654,0.00014226455823518336,0.011927470739229812,0.016992924734950066,0.0007953096646815538,0.028201235162339147,138592.21875,distributed_or_mixed,ok,/home/cilab/ndquan/videoInpainting/SFU_STC_flow/teacher_flows_512x512/train/Class_D/BasketballPass/000124_000125.npz,BasketballPass,0.5289291143417358,BasketballPass,0
0.5849609375,BasketballPass__000120-000127,BasketballPass__000120-000127,0.2063148319721222,0.27084035738368173,0.7527135014533997,0.931854248046875,126,125,local_high_frequency_dominant,0.0038357116281986237,0.004651010502129793,0.7589781675684056,0.7589781675684056,static,0.34990933537483215,0.36772823333740234,0.02105129137635231,0.0013066399842500687,0.03614747548930725,142232.46875,0.006824941840022802,9.037936251843348e-05,0.009506806115538145,0.018204011023044586,0.0008962209103628993,0.02993694891539382,141069.109375,0.005625162739306688,5.855512426933274e-05,0.007652132008096354,0.018397442996501923,0.0009205222595483065,0.030340109748455205,136330.140625,0.00880315899848938,0.00021645381639245898,0.014712369502988258,0.017569683492183685,0.0008888518204912543,0.029813618037589036,142162.125,distributed_or_mixed,ok,/home/cilab/ndquan/videoInpainting/SFU_STC_flow/teacher_flows_512x512/train/Class_D/BasketballPass/000125_000126.npz,BasketballPass,0.5425738096237183,BasketballPass,0
0.6089324951171875,BasketballPass__000120-000127,BasketballPass__000120-000127,0.12000951170921326,0.23047037130279174,0.7963258028030396,0.9330787658691406,127,126,local_high_frequency_dominant,0.0028823353350162506,0.002901336643844843,0.7332594470179,0.7332594470179,static,0.3820040225982666,0.28266438841819763,0.022725200280547142,0.0017259872984141111,0.04154500329057769,146987.78125,0.006302155554294586,0.00017184454191010445,0.013108948924688984,0.020625632256269455,0.0012985927751287818,0.036035992772903896,145617.46875,0.004572644829750061,5.5839944252511486e-05,0.007472612946788525,0.021025536581873894,0.0014200301375240088,0.03768328724413528,141667.640625,0.008671239018440247,0.00038466081605292857,0.01961277175854878,0.01928005740046501,0.0010627222945913672,0.032599421691057145,146773.5625,spatially_localized,ok,/home/cilab/ndquan/videoInpainting/SFU_STC_flow/teacher_flows_512x512/train/Class_D/BasketballPass/000126_000127.npz,BasketballPass,0.5607138872146606,BasketballPass,0
0.6100578308105469,BasketballPass__000126-000133,BasketballPass__000120-000127,0.14634789526462555,0.18529462428281812,0.8349935412406921,0.9219169616699219,128,127,mixed_frequency,0.003561437828466296,0.003906159196048975,0.5496012010494719,0.5496012010494719,static,0.374051570892334,0.25314226746559143,0.025196511298418045,0.0024319321382790804,0.049314623979901544,150936.546875,0.009069211781024933,0.0009104633354581892,0.030173884991134124,0.021313995122909546,0.0013556992635130882,0.03681982161164131,149535.96875,0.005209003575146198,0.0002082570135826245,0.014431112693850896,0.020228154957294464,0.0010038005420938134,0.03168281146132416,142333.4375,0.01115119457244873,0.0010724385501816869,0.0327481075816861,0.020000111311674118,0.0011476619401946664,0.0338771595650324,150748.890625,spatially_localized,ok,/home/cilab/ndquan/videoInpainting/SFU_STC_flow/teacher_flows_512x512/train/Class_D/BasketballPass/000127_000128.npz,BasketballPass,0.5757772326469421,BasketballPass,1
0.6104621887207031,BasketballPass__000126-000133,BasketballPass__000126-000133,0.18550889194011688,0.3363451293508004,0.667159914970398,0.9229393005371094,129,128,local_high_frequency_dominant,0.004498422611504793,0.0046885134652256966,0.7823016856095145,0.7823016856095145,static,0.33962833881378174,0.28099530935287476,0.023634720593690872,0.0012964624911546707,0.036006422915289306,151347.8125,0.007007305510342121,8.498405804857612e-05,0.009218679843045648,0.02126721665263176,0.0010974275646731257,0.03312744428224317,149971.96875,0.00544554041698575,4.553388134809211e-05,0.006747879766866931,0.021186256781220436,0.001063826377503574,0.03261635138245193,142697.84375,0.009235200472176075,0.00016980008513201028,0.013030736169994782,0.019983386620879173,0.0009847376495599747,0.031380529784565056,151168.8125,distributed_or_mixed,ok,/home/cilab/ndquan/videoInpainting/SFU_STC_flow/teacher_flows_512x512/train/Class_D/BasketballPass/000128_000129.npz,BasketballPass,0.5773460865020752,BasketballPass,0
0.6398887634277344,BasketballPass__000126-000133,BasketballPass__000126-000133,0.17081844806671143,0.3197194800437004,0.6725454926490784,0.92498779296875,130,129,local_high_frequency_dominant,0.0034630901645869017,0.004269872792065144,0.756365380973636,0.756365380973636,static,0.33645734190940857,0.4587770700454712,0.023562485352158546,0.0013113197637721896,0.03621214939453594,152865.921875,0.006508436519652605,0.00011278296733507887,0.010619932548518321,0.021681606769561768,0.0010869981488212943,0.03296965496970349,152377.921875,0.004879046231508255,4.99825255246833e-05,0.00706983207188709,0.021360298618674278,0.0010474870214238763,0.032364904162130254,145594.375,0.008443823084235191,0.00020193216914776713,0.014210283922137768,0.020394660532474518,0.0009640757343731821,0.03104956898852514,152461.421875,distributed_or_mixed,ok,/home/cilab/ndquan/videoInpainting/SFU_STC_flow/teacher_flows_512x512/train/Class_D/BasketballPass/000129_000130.npz,BasketballPass,0.5831372141838074,BasketballPass,0
0.6876449584960938,BasketballPass__000126-000133,BasketballPass__000126-000133,0.045313816517591476,0.3298111213842293,0.6584738492965698,0.9219589233398438,131,130,local_high_frequency_dominant,0.0012207942781969905,0.0013317624107003212,0.754308836852291,0.754308836852291,static,0.19722019135951996,0.2729385793209076,0.0278796274214983,0.0017756078159436584,0.042137961696594416,158886.1875,0.009462769143283367,0.00015720116789452732,0.012537988989248926,0.025053899735212326,0.001481750514358282,0.038493512626912633,158521.8125,0.007480446249246597,8.562434959458187e-05,0.009253342617377888,0.025411829352378845,0.001490035210736096,0.03860097422003875,154912.71875,0.0116670411080122,0.00026991291088052094,0.016429026473912596,0.023230955004692078,0.0012924184557050467,0.03595022191454521,158470.9375,distributed_or_mixed,ok,/home/cilab/ndquan/videoInpainting/SFU_STC_flow/teacher_flows_512x512/train/Class_D/BasketballPass/000130_000131.npz,BasketballPass,0.606102705001831,BasketballPass,0
0.6295356750488281,BasketballPass__000126-000133,BasketballPass__000126-000133,0.12354207038879395,0.352134601972701,0.6331039667129517,0.9365386962890625,132,131,local_high_frequency_dominant,0.00276152859441936,0.004059348721057177,0.7687369943121106,0.7687369943121106,static,0.11725389957427979,0.281939834356308,0.031083011999726295,0.0021154440473765135,0.04599395663972076,160569.203125,0.009027408435940742,0.00015277201600838453,0.012360097734580602,0.027950795367360115,0.0016880567418411374,0.0410859676999476,159506.59375,0.006785804871469736,8.01060232333839e-05,0.00895019682651638,0.02873486839234829,0.001789564616046846,0.042303245928023606,156721.09375,0.012212391011416912,0.0003388765035197139,0.018408598629980337,0.026232346892356873,0.0015269877621904016,0.03907669077839629,160457.796875,distributed_or_mixed,ok,/home/cilab/ndquan/videoInpainting/SFU_STC_flow/teacher_flows_512x512/train/Class_D/BasketballPass/000131_000132.npz,BasketballPass,0.6125229001045227,BasketballPass,0
0.5551376342773438,BasketballPass__000126-000133,BasketballPass__000126-000133,0.08966841548681259,0.35911007769850667,0.6275495886802673,0.9259529113769531,133,132,local_high_frequency_dominant,0.002646433189511299,0.0028663170523941517,0.7738417581566909,0.7738417581566909,static,0.1600876748561859,0.43221986293792725,0.03028915449976921,0.00197256519459188,0.044413569937485096,138457.25,0.008465531282126904,0.00014334525621961802,0.011972687927930721,0.027744578197598457,0.001678273780271411,0.040966739927304575,138195.71875,0.006516696885228157,7.03089899616316e-05,0.008385045614761532,0.02872472256422043,0.0018064677715301514,0.042502561940783654,135063.546875,0.011619510129094124,0.00030650096596218646,0.0175071689876515,0.025531185790896416,0.0014277364825829864,0.03778540038934332,138154.625,distributed_or_mixed,ok,/home/cilab/ndquan/videoInpainting/SFU_STC_flow/teacher_flows_512x512/train/Class_D/BasketballPass/000132_000133.npz,BasketballPass,0.528172492980957,BasketballPass,0
0.5282020568847656,BasketballPass__000132-000139,BasketballPass__000126-000133,0.10461336374282837,0.35664751927140687,0.6332927346229553,0.9106483459472656,134,133,local_high_frequency_dominant,0.0029218336567282677,0.0031679959502071142,0.7366519483406495,0.7366519483406495,static,0.13180463016033173,0.1548161655664444,0.028751827776432037,0.001770170172676444,0.04207339031592824,134370.53125,0.00960998609662056,0.00018877783440984786,0.013739644624583557,0.02576327882707119,0.0014771189307793975,0.03843330496820951,134370.53125,0.007678776979446411,0.00010310121433576569,0.010153876813107676,0.02636061981320381,0.0015193055151030421,0.03897826978077711,130857.6484375,0.012169945053756237,0.00031187038985081017,0.017659852486666194,0.023700544610619545,0.0012725484557449818,0.03567279713934669,134330.03125,distributed_or_mixed,ok,/home/cilab/ndquan/videoInpainting/SFU_STC_flow/teacher_flows_512x512/train/Class_D/BasketballPass/000133_000134.npz,BasketballPass,0.5125828981399536,BasketballPass,1
0.5115776062011719,BasketballPass__000132-000139,BasketballPass__000132-000139,0.08588066697120667,0.3506796447558084,0.635524570941925,0.9178352355957031,135,134,local_high_frequency_dominant,0.0020697452127933502,0.0025975098833441734,0.7852465982432555,0.7852465982432555,static,0.07670252025127411,0.1305171251296997,0.02875807322561741,0.001784635242074728,0.0422449433905968,128956.375,0.008349823765456676,0.00011897204967681319,0.010907430938438857,0.026384001597762108,0.0015906585613265634,0.03988306108270231,128908.90625,0.006469198036938906,7.001707854215056e-05,0.00836762084120394,0.02677496150135994,0.0016131801530718803,0.04016441401379933,125140.625,0.010742140002548695,0.00020813272567465901,0.014426805802902423,0.024730868637561798,0.0014315471053123474,0.03783579132663076,128955.375,distributed_or_mixed,ok,/home/cilab/ndquan/videoInpainting/SFU_STC_flow/teacher_flows_512x512/train/Class_D/BasketballPass/000134_000135.npz,BasketballPass,0.4919295310974121,BasketballPass,0
0.5331764221191406,BasketballPass__000132-000139,BasketballPass__000132-000139,0.08667613565921783,0.3729846262050196,0.6186206340789795,0.9063873291015625,136,135,local_high_frequency_dominant,0.002372134244069457,0.0028476000297814608,0.7645013080414738,0.7645013080414738,static,0.0725766271352768,0.1826280802488327,0.0310856681317091,0.002036107936874032,0.04512325272931941,130809.2734375,0.009721738286316395,0.00016835721908137202,0.01297525410469375,0.02815023809671402,0.0017742352792993188,0.04212167232315591,130735.1015625,0.007540095131844282,0.00010082804510602728,0.01004131690098601,0.028729381039738655,0.0018103050533682108,0.042547679764802816,127298.625,0.012301314622163773,0.00027867816970683634,0.016693656570890524,0.026134928688406944,0.001580931362695992,0.0397609275884755,130805.9609375,distributed_or_mixed,ok,/home/cilab/ndquan/videoInpainting/SFU_STC_flow/teacher_flows_512x512/train/Class_D/BasketballPass/000135_000136.npz,BasketballPass,0.4989977777004242,BasketballPass,0
0.4870147705078125,BasketballPass__000132-000139,BasketballPass__000132-000139,0.05692217871546745,0.3514035073612775,0.6615299582481384,0.9033088684082031,137,136,local_high_frequency_dominant,0.0016770117217674851,0.0017172148218378425,0.751600600215705,0.751600600215705,static,0.07066132873296738,0.15665268898010254,0.02857334353029728,0.0018504607724025846,0.043016982372111885,124338.515625,0.008768591098487377,0.0001726004120428115,0.013137747601579637,0.026386920362710953,0.0015802106354385614,0.03975186329517852,124266.328125,0.006285033654421568,6.0712918639183044e-05,0.007791849500547546,0.02662869356572628,0.0016062372596934438,0.0400778899106907,118020.90625,0.011108167469501495,0.0002745150413829833,0.016568495447172725,0.024782666936516762,0.001414421945810318,0.03760880144075743,124278.0390625,distributed_or_mixed,ok,/home/cilab/ndquan/videoInpainting/SFU_STC_flow/teacher_flows_512x512/train/Class_D/BasketballPass/000136_000137.npz,BasketballPass,0.47431379556655884,BasketballPass,0
0.4867134094238281,BasketballPass__000132-000139,BasketballPass__000132-000139,0.3203212022781372,0.4525723987698616,0.5958917140960693,0.9046859741210938,138,137,local_high_frequency_dominant,0.010022277943789959,0.012078195810317993,0.7018103922311121,0.7018103922311121,static,0.06626442074775696,0.13120952248573303,0.03430846333503723,0.0024250964634120464,0.04924526843679549,124799.625,0.014860695227980614,0.0003547114902175963,0.01883378587054648,0.029126636683940887,0.0019648519810289145,0.044326650911487936,124686.578125,0.013703945092856884,0.0002890892210416496,0.01700262394578112,0.030013488605618477,0.002071516355499625,0.045513913867076136,122064.6484375,0.016740666702389717,0.00046879140427336097,0.02165159126423185,0.02716594748198986,0.001752612297423184,0.041864212609616626,124679.3359375,distributed_or_mixed,ok,/home/cilab/ndquan/videoInpainting/SFU_STC_flow/teacher_flows_512x512/train/Class_D/BasketballPass/000137_000138.npz,BasketballPass,0.4760727882385254,BasketballPass,0
0.4735984802246094,BasketballPass__000132-000139,BasketballPass__000132-000139,0.1330145001411438,0.32957036746179774,0.685688853263855,0.9076461791992188,139,138,local_high_frequency_dominant,0.003751525655388832,0.004613623488694429,0.8090761518859719,0.8090761518859719,static,0.05275115370750427,0.1044350415468216,0.0323755219578743,0.0025422063190490007,0.05042029669735196,122238.90625,0.007991267368197441,0.00012757255171891302,0.011294801977853043,0.03014683909714222,0.0022909503895789385,0.04786387353295739,120341.609375,0.005734626669436693,5.585029430221766e-05,0.007473305446870057,0.03004518710076809,0.002218157285824418,0.04709731718287591,117165.9375,0.01145080290734768,0.0002695586299523711,0.01641824076910712,0.028355229645967484,0.002066204557195306,0.04545552284591286,122105.859375,distributed_or_mixed,ok,/home/cilab/ndquan/videoInpainting/SFU_STC_flow/teacher_flows_512x512/train/Class_D/BasketballPass/000138_000139.npz,BasketballPass,0.4663044214248657,BasketballPass,0
0.444580078125,BasketballPass__000138-000145,BasketballPass__000132-000139,0.1316402554512024,0.35892465795286865,0.6620689630508423,0.9143867492675781,140,139,local_high_frequency_dominant,0.0032671659719198942,0.004498995374888182,0.7823327857783285,0.7823327857783285,static,0.03692201152443886,0.06327400356531143,0.031733933836221695,0.002337177051231265,0.04834435904251152,114513.2734375,0.009649822488427162,0.00015763677947688848,0.012555348640196674,0.02879628725349903,0.002036360092461109,0.04512604671873118,114061.9375,0.007548510562628508,9.321505785919726e-05,0.009654794552925363,0.029060140252113342,0.0020473250187933445,0.04524737582217719,110875.3671875,0.012338714674115181,0.0002942246210295707,0.01715297703110369,0.027081569656729698,0.0018549811793491244,0.04306949244359776,114464.296875,distributed_or_mixed,ok,/home/cilab/ndquan/videoInpainting/SFU_STC_flow/teacher_flows_512x512/train/Class_D/BasketballPass/000139_000140.npz,BasketballPass,0.4368334710597992,BasketballPass,1
0.4283332824707031,BasketballPass__000138-000145,BasketballPass__000138-000145,0.1544598639011383,0.3636010900362744,0.6559433937072754,0.8890838623046875,141,140,local_high_frequency_dominant,0.0046070939861238,0.004967053886502981,0.7527603568824073,0.7527603568824073,static,0.061809927225112915,0.11546925455331802,0.029815400019288063,0.0020344664808362722,0.04510506047924415,110808.40625,0.009701610542833805,0.00018506203196011484,0.013603750657819146,0.026721885427832603,0.001715515274554491,0.04141877924993071,110618.984375,0.007094266824424267,8.670547686051577e-05,0.009311577570987408,0.02709817886352539,0.001749553601257503,0.04182766550092777,106558.0859375,0.012109224684536457,0.0003191996947862208,0.01786616060563155,0.02495412342250347,0.0015111517859622836,0.038873535804738464,110761.5,distributed_or_mixed,ok,/home/cilab/ndquan/videoInpainting/SFU_STC_flow/teacher_flows_512x512/train/Class_D/BasketballPass/000140_000141.npz,BasketballPass,0.42270052433013916,BasketballPass,0
0.420318603515625,BasketballPass__000138-000145,BasketballPass__000138-000145,0.260576993227005,0.4106829959363233,0.616101086139679,0.8866310119628906,142,141,local_high_frequency_dominant,0.009150490164756775,0.01115055475383997,0.7363062222488063,0.7363062222488063,static,0.07224429398775101,0.09930690377950668,0.03919243812561035,0.0032914713956415653,0.05737134646878671,107252.1953125,0.015086152590811253,0.0003581130295060575,0.018923874590211633,0.03414203226566315,0.0027921407017856836,0.052840710648000215,106828.796875,0.013455979526042938,0.0002619577571749687,0.01618510911841402,0.034546904265880585,0.0027896033134311438,0.0528166954043051,103088.2890625,0.017545444890856743,0.0005169939249753952,0.022737500411773394,0.032009150832891464,0.0025378933642059565,0.05037750851526856,107232.9375,distributed_or_mixed,ok,/home/cilab/ndquan/videoInpainting/SFU_STC_flow/teacher_flows_512x512/train/Class_D/BasketballPass/000141_000142.npz,BasketballPass,0.4091346561908722,BasketballPass,0
0.40566253662109375,BasketballPass__000138-000145,BasketballPass__000138-000145,0.4060347080230713,0.5119946818759875,0.5283675789833069,0.8881874084472656,143,142,local_high_frequency_dominant,0.01666855998337269,0.018981412053108215,0.6477949709664143,0.6477949709664143,static,0.08744165301322937,0.10106214135885239,0.04225631430745125,0.0033539733849465847,0.057913499159924574,103769.6875,0.022062215954065323,0.0007325428887270391,0.02706552952977346,0.033512141555547714,0.002478090114891529,0.04978041899071892,103541.3984375,0.020462920889258385,0.0005706080119125545,0.023887402787087477,0.0341346338391304,0.0024970644153654575,0.04997063553093414,100101.796875,0.024052826687693596,0.0009098263690248132,0.030163328215314922,0.030777256935834885,0.0021885342430323362,0.046781772551201355,103674.359375,distributed_or_mixed,ok,/home/cilab/ndquan/videoInpainting/SFU_STC_flow/teacher_flows_512x512/train/Class_D/BasketballPass/000142_000143.npz,BasketballPass,0.39584994316101074,BasketballPass,0
0.4085845947265625,BasketballPass__000138-000145,BasketballPass__000138-000145,0.14115604758262634,0.3883523501693991,0.6260584592819214,0.8869285583496094,144,143,local_high_frequency_dominant,0.003921885974705219,0.0041496045887470245,0.7691716831755895,0.7691716831755895,static,0.059057921171188354,0.07216097414493561,0.02741938643157482,0.0016196412034332752,0.04024476616199025,102693.7734375,0.008557438850402832,0.0001260941062355414,0.011229163202818873,0.024666037410497665,0.0014001133386045694,0.0374180883878983,102468.90625,0.006204503588378429,6.11036375630647e-05,0.007816881575351176,0.024972958490252495,0.0013939130585640669,0.037335145085616944,98952.53125,0.011027561500668526,0.000217630629776977,0.014752309303189687,0.023038089275360107,0.0012681277003139257,0.03561078067543487,102635.78125,distributed_or_mixed,ok,/home/cilab/ndquan/videoInpainting/SFU_STC_flow/teacher_flows_512x512/train/Class_D/BasketballPass/000143_000144.npz,BasketballPass,0.3917456567287445,BasketballPass,0
0.3944282531738281,BasketballPass__000138-000145,BasketballPass__000138-000145,0.041980478912591934,0.3750110366613364,0.6084008812904358,0.90380859375,145,144,local_high_frequency_dominant,0.0010989774018526077,0.0011252756230533123,0.7347472455842041,0.7347472455842041,static,0.07191658765077591,0.10803510248661041,0.02520068921148777,0.0013366944622248411,0.036560832351368054,101906.5,0.0072737098671495914,0.00014504542923532426,0.012043480777388415,0.02310415543615818,0.0011129103368148208,0.033360310802131636,101532.109375,0.005117557942867279,4.104283289052546e-05,0.006406468051159349,0.02313346043229103,0.0010982449166476727,0.03313977846407053,98414.109375,0.009430761449038982,0.00022837184951640666,0.015111977022097626,0.02148217335343361,0.0009835868841037154,0.03136218876455716,101796.578125,distributed_or_mixed,ok,/home/cilab/ndquan/videoInpainting/SFU_STC_flow/teacher_flows_512x512/train/Class_D/BasketballPass/000144_000145.npz,BasketballPass,0.38874244689941406,BasketballPass,0
0.4167976379394531,BasketballPass__000142-000149,BasketballPass__000138-000145,0.04661770164966583,0.36588527600734577,0.6365035772323608,0.8986282348632812,146,145,local_high_frequency_dominant,0.0012096524005755782,0.00140002416446805,0.7900746065983836,0.7900746065983836,static,0.07595440745353699,0.16599945724010468,0.028137745335698128,0.0017428613500669599,0.04174759094926269,101762.96875,0.007494393736124039,0.00011021392128895968,0.010498281825563633,0.02644239366054535,0.0015611430862918496,0.039511303272504815,101251.296875,0.005130554549396038,4.1557923395885155e-05,0.006446543523151391,0.026384340599179268,0.001516577904112637,0.03894326519582862,98172.078125,0.010164711624383926,0.0002057391102425754,0.014343608689676926,0.024670269340276718,0.001398824737407267,0.03740086546334546,101669.75,distributed_or_mixed,ok,/home/cilab/ndquan/videoInpainting/SFU_STC_flow/teacher_flows_512x512/train/Class_D/BasketballPass/000145_000146.npz,BasketballPass,0.3881949186325073,BasketballPass,1
0.44338226318359375,BasketballPass__000142-000149,BasketballPass__000142-000149,0.25636598467826843,0.4064034720371569,0.5883404016494751,0.9111518859863281,147,146,local_high_frequency_dominant,0.007383625488728285,0.007807010784745216,0.7395344034014685,0.7395344034014685,static,0.07982518523931503,0.16121913492679596,0.02866058610379696,0.0016518972115591168,0.040643538374003765,105012.40625,0.010424072854220867,0.00017223470786120743,0.013123822151385908,0.025391828268766403,0.0013884706422686577,0.037262187835239324,104546.5,0.008918600156903267,0.00012749740562867373,0.011291474909358553,0.025776954367756844,0.001397203071974218,0.03737917965892534,100779.6015625,0.012355325743556023,0.00024919924908317626,0.015786046024358864,0.023759489879012108,0.001250219764187932,0.0353584468576878,104626.3359375,distributed_or_mixed,ok,/home/cilab/ndquan/videoInpainting/SFU_STC_flow/teacher_flows_512x512/train/Class_D/BasketballPass/000146_000147.npz,BasketballPass,0.40059053897857666,BasketballPass,0
0.4817047119140625,BasketballPass__000142-000149,BasketballPass__000142-000149,0.16993243992328644,0.33964280396261615,0.6753091216087341,0.9166030883789062,148,147,local_high_frequency_dominant,0.004491553176194429,0.004772723652422428,0.7611623237510209,0.7611623237510209,static,0.09884599596261978,0.2123158574104309,0.026579277589917183,0.001636635628528893,0.04045535352124479,114115.015625,0.008286884985864162,0.00013844958448316902,0.011766460150919181,0.0240772757679224,0.0014061788097023964,0.037499050784018474,113763.953125,0.0066781057976186275,7.619414100190625e-05,0.008728925535362657,0.0242887195199728,0.0014212089590728283,0.03769892517132058,110700.484375,0.010172533802688122,0.0002081409329548478,0.014427090245605585,0.022692158818244934,0.0012849961640313268,0.035846843152937846,113749.09375,distributed_or_mixed,ok,/home/cilab/ndquan/videoInpainting/SFU_STC_flow/teacher_flows_512x512/train/Class_D/BasketballPass/000147_000148.npz,BasketballPass,0.43531423807144165,BasketballPass,0
0.501983642578125,BasketballPass__000142-000149,BasketballPass__000142-000149,0.33464697003364563,0.41269100463251057,0.6124022006988525,0.916900634765625,149,148,local_high_frequency_dominant,0.009888111613690853,0.011664319783449173,0.6498498665284286,0.6498498665284286,static,0.08487524092197418,0.17137549817562103,0.03229672834277153,0.002168526640161872,0.04656744184687271,115639.40625,0.015114224515855312,0.0004543318646028638,0.021315061918813744,0.026734979823231697,0.0015649147098883986,0.039559002893000204,115212.9375,0.01336256880313158,0.0002938491525128484,0.01714202883304215,0.02698020450770855,0.00157748197671026,0.03971752732371767,111201.578125,0.017167825251817703,0.0005970518104732037,0.024434643653493366,0.02487138845026493,0.0013736359542235732,0.03706259508215221,115639.40625,distributed_or_mixed,ok,/home/cilab/ndquan/videoInpainting/SFU_STC_flow/teacher_flows_512x512/train/Class_D/BasketballPass/000148_000149.npz,BasketballPass,0.44112932682037354,BasketballPass,0
