{
  "per_sequence": [
    {
      "sequence": ".",
      "method": "sharedNoise_fixedBG_PGD_v0",
      "frame_count": 150,
      "pair_count": 149,
      "warping_error_l1": 0.027220234449877836,
      "warping_error_l2": 0.00210772093616726,
      "frame_similarity_ssim": 0.7930265638385577
    }
  ],
  "aggregate_by_method": {
    "sharedNoise_fixedBG_PGD_v0": {
      "sequence_count": 1.0,
      "frame_count": 150.0,
      "pair_count": 149.0,
      "warping_error_l1": 0.027220234449877836,
      "warping_error_l2": 0.00210772093616726,
      "frame_similarity_ssim": 0.7930265638385577
    }
  }
}