sequence,method,frame_count,pair_count,warping_error_l1,warping_error_l2,frame_similarity_ssim
.,sharedNoise_v0_PGD_3,150,149,0.031892566347882255,0.002914586124766693,0.7630125804902189
.,sharedNoise_v0_PGD_4,150,149,0.029136030803490805,0.0024279002912792583,0.7763385183325816
.,sharedNoise_v0_PGD_5,150,149,0.0323718453963731,0.0030016620708285713,0.761043770334598
