{
  "per_sequence": [
    {
      "sequence": ".",
      "method": "sharedNoise_mean_32_v0_1",
      "frame_count": 150,
      "pair_count": 149,
      "warping_error_l1": 0.029084686577420107,
      "warping_error_l2": 0.0023708452584671994,
      "frame_similarity_ssim": 0.7906661487665753
    }
  ],
  "aggregate_by_method": {
    "sharedNoise_mean_32_v0_1": {
      "sequence_count": 1.0,
      "frame_count": 150.0,
      "pair_count": 149.0,
      "warping_error_l1": 0.029084686577420107,
      "warping_error_l2": 0.0023708452584671994,
      "frame_similarity_ssim": 0.7906661487665753
    }
  }
}